full_date,time_sk,product_category_name,search_volume
2017-01-23,34,agro_industria_e_comercio,61.87
2017-01-31,42,agro_industria_e_comercio,60.88
2017-02-05,47,agro_industria_e_comercio,73.1
2017-02-08,50,agro_industria_e_comercio,72.82
2017-02-12,54,agro_industria_e_comercio,68.7
2017-02-13,55,agro_industria_e_comercio,67.04
2017-02-16,58,agro_industria_e_comercio,66.86
2017-02-18,60,agro_industria_e_comercio,63.8
2017-02-21,63,agro_industria_e_comercio,63.46
2017-03-17,87,agro_industria_e_comercio,67.68
2017-03-20,90,agro_industria_e_comercio,65.44
2017-05-06,137,agro_industria_e_comercio,51.19
2017-05-08,139,agro_industria_e_comercio,51.73
2017-05-20,151,agro_industria_e_comercio,51.74
2017-05-28,159,agro_industria_e_comercio,52.6
2017-06-26,188,agro_industria_e_comercio,37.4
2017-07-14,206,agro_industria_e_comercio,21.56
2017-08-30,253,agro_industria_e_comercio,9.22
2017-09-05,259,agro_industria_e_comercio,5.0
2017-09-13,267,agro_industria_e_comercio,5.63
2017-09-23,277,agro_industria_e_comercio,7.29
2017-10-05,289,agro_industria_e_comercio,9.44
2017-10-10,294,agro_industria_e_comercio,12.31
2017-10-17,301,agro_industria_e_comercio,12.45
2017-10-23,307,agro_industria_e_comercio,13.15
2017-10-28,312,agro_industria_e_comercio,15.12
2017-11-06,321,agro_industria_e_comercio,26.07
2017-11-12,327,agro_industria_e_comercio,28.03
2017-11-14,329,agro_industria_e_comercio,25.3
2017-11-18,333,agro_industria_e_comercio,24.61
2017-11-20,335,agro_industria_e_comercio,25.47
2017-11-22,337,agro_industria_e_comercio,27.41
2017-11-23,338,agro_industria_e_comercio,25.51
2017-11-24,339,agro_industria_e_comercio,25.62
2017-11-28,343,agro_industria_e_comercio,26.82
2017-11-29,344,agro_industria_e_comercio,24.13
2017-12-01,346,agro_industria_e_comercio,41.94
2017-12-04,349,agro_industria_e_comercio,41.33
2017-12-06,351,agro_industria_e_comercio,45.39
2017-12-08,353,agro_industria_e_comercio,47.75
2017-12-10,355,agro_industria_e_comercio,45.5
2017-12-20,365,agro_industria_e_comercio,45.21
2017-12-22,367,agro_industria_e_comercio,44.74
2017-12-28,373,agro_industria_e_comercio,44.27
2017-12-29,374,agro_industria_e_comercio,45.66
2018-01-03,379,agro_industria_e_comercio,66.02
2018-01-04,380,agro_industria_e_comercio,68.36
2018-01-06,382,agro_industria_e_comercio,68.11
2018-01-07,383,agro_industria_e_comercio,66.61
2018-01-10,386,agro_industria_e_comercio,66.84
2018-01-12,388,agro_industria_e_comercio,70.55
2018-01-13,389,agro_industria_e_comercio,69.77
2018-01-16,392,agro_industria_e_comercio,70.26
2018-01-17,393,agro_industria_e_comercio,69.95
2018-01-18,394,agro_industria_e_comercio,67.89
2018-01-24,400,agro_industria_e_comercio,67.85
2018-01-25,401,agro_industria_e_comercio,68.63
2018-01-30,406,agro_industria_e_comercio,69.84
2018-01-31,407,agro_industria_e_comercio,71.74
2018-02-01,408,agro_industria_e_comercio,84.41
2018-02-02,409,agro_industria_e_comercio,82.59
2018-02-04,411,agro_industria_e_comercio,83.9
2018-02-05,412,agro_industria_e_comercio,86.32
2018-02-06,413,agro_industria_e_comercio,87.92
2018-02-07,414,agro_industria_e_comercio,91.66
2018-02-08,415,agro_industria_e_comercio,87.54
2018-02-09,416,agro_industria_e_comercio,87.1
2018-02-14,421,agro_industria_e_comercio,87.54
2018-02-16,423,agro_industria_e_comercio,86.12
2018-02-22,429,agro_industria_e_comercio,86.01
2018-02-23,430,agro_industria_e_comercio,84.55
2018-02-25,432,agro_industria_e_comercio,84.04
2018-02-26,433,agro_industria_e_comercio,82.78
2018-02-27,434,agro_industria_e_comercio,84.94
2018-02-28,435,agro_industria_e_comercio,82.53
2018-03-01,436,agro_industria_e_comercio,89.61
2018-03-02,437,agro_industria_e_comercio,88.16
2018-03-05,440,agro_industria_e_comercio,89.45
2018-03-06,441,agro_industria_e_comercio,90.49
2018-03-07,442,agro_industria_e_comercio,89.93
2018-03-12,447,agro_industria_e_comercio,93.35
2018-03-13,448,agro_industria_e_comercio,93.99
2018-03-14,449,agro_industria_e_comercio,95.0
2018-03-16,451,agro_industria_e_comercio,92.47
2018-03-18,453,agro_industria_e_comercio,92.95
2018-03-19,454,agro_industria_e_comercio,93.71
2018-03-20,455,agro_industria_e_comercio,92.73
2018-03-22,457,agro_industria_e_comercio,92.18
2018-03-26,461,agro_industria_e_comercio,92.33
2018-03-28,463,agro_industria_e_comercio,93.25
2018-03-29,464,agro_industria_e_comercio,92.53
2018-04-03,469,agro_industria_e_comercio,86.31
2018-04-04,470,agro_industria_e_comercio,84.78
2018-04-05,471,agro_industria_e_comercio,85.48
2018-04-12,478,agro_industria_e_comercio,85.11
2018-04-13,479,agro_industria_e_comercio,85.64
2018-04-17,483,agro_industria_e_comercio,88.25
2018-04-18,484,agro_industria_e_comercio,90.51
2018-04-19,485,agro_industria_e_comercio,90.63
2018-04-24,490,agro_industria_e_comercio,91.19
2018-04-25,491,agro_industria_e_comercio,91.63
2018-04-27,493,agro_industria_e_comercio,91.23
2018-04-28,494,agro_industria_e_comercio,91.97
2018-05-06,502,agro_industria_e_comercio,80.32
2018-05-07,503,agro_industria_e_comercio,84.7
2018-05-08,504,agro_industria_e_comercio,84.9
2018-05-09,505,agro_industria_e_comercio,85.0
2018-05-10,506,agro_industria_e_comercio,82.8
2018-05-17,513,agro_industria_e_comercio,81.33
2018-05-30,526,agro_industria_e_comercio,82.69
2018-06-05,532,agro_industria_e_comercio,67.04
2018-06-07,534,agro_industria_e_comercio,70.72
2018-06-11,538,agro_industria_e_comercio,69.84
2018-06-12,539,agro_industria_e_comercio,71.78
2018-06-22,549,agro_industria_e_comercio,67.11
2018-06-24,551,agro_industria_e_comercio,68.34
2018-06-25,552,agro_industria_e_comercio,70.97
2018-06-27,554,agro_industria_e_comercio,69.99
2018-06-28,555,agro_industria_e_comercio,71.0
2018-07-01,558,agro_industria_e_comercio,52.97
2018-07-04,561,agro_industria_e_comercio,51.61
2018-07-10,567,agro_industria_e_comercio,48.88
2018-07-16,573,agro_industria_e_comercio,50.36
2018-07-17,574,agro_industria_e_comercio,47.46
2018-07-18,575,agro_industria_e_comercio,50.08
2018-07-19,576,agro_industria_e_comercio,48.4
2018-07-20,577,agro_industria_e_comercio,47.83
2018-07-23,580,agro_industria_e_comercio,48.33
2018-07-24,581,agro_industria_e_comercio,48.88
2018-07-25,582,agro_industria_e_comercio,50.02
2018-07-28,585,agro_industria_e_comercio,49.33
2018-07-29,586,agro_industria_e_comercio,51.83
2018-07-30,587,agro_industria_e_comercio,53.64
2018-07-31,588,agro_industria_e_comercio,53.18
2018-08-02,590,agro_industria_e_comercio,40.65
2018-08-04,592,agro_industria_e_comercio,42.39
2018-08-05,593,agro_industria_e_comercio,41.65
2018-08-06,594,agro_industria_e_comercio,41.31
2018-08-10,598,agro_industria_e_comercio,40.28
2018-08-18,606,agro_industria_e_comercio,40.15
2018-08-20,608,agro_industria_e_comercio,42.32
2018-08-24,612,agro_industria_e_comercio,42.59
2018-08-25,613,agro_industria_e_comercio,41.61
2018-08-26,614,agro_industria_e_comercio,43.02
2016-10-10,13,alimentos,22.43
2017-01-27,38,alimentos,22.9
2017-01-29,40,alimentos,23.64
2017-02-01,43,alimentos,23.08
2017-02-07,49,alimentos,24.0
2017-02-08,50,alimentos,24.63
2017-02-16,58,alimentos,23.85
2017-02-17,59,alimentos,23.96
2017-02-19,61,alimentos,43.15
2017-02-22,64,alimentos,42.47
2017-02-25,67,alimentos,43.24
2017-03-02,72,alimentos,42.89
2017-03-06,76,alimentos,43.2
2017-03-07,77,alimentos,42.78
2017-03-08,78,alimentos,42.57
2017-03-12,82,alimentos,42.63
2017-03-13,83,alimentos,44.78
2017-03-15,85,alimentos,45.76
2017-03-16,86,alimentos,45.8
2017-03-18,88,alimentos,45.27
2017-03-19,89,alimentos,45.41
2017-03-21,91,alimentos,65.27
2017-03-28,98,alimentos,65.27
2017-03-31,101,alimentos,65.61
2017-04-02,103,alimentos,64.75
2017-04-04,105,alimentos,64.47
2017-04-06,107,alimentos,61.98
2017-04-08,109,alimentos,61.39
2017-04-13,114,alimentos,77.2
2017-04-16,117,alimentos,78.04
2017-04-19,120,alimentos,77.06
2017-05-03,134,alimentos,82.75
2017-05-15,146,alimentos,77.23
2017-05-16,147,alimentos,76.48
2017-06-16,178,alimentos,76.68
2017-07-04,196,alimentos,77.29
2017-07-14,206,alimentos,77.58
2017-07-17,209,alimentos,63.41
2017-07-24,216,alimentos,63.3
2017-07-25,217,alimentos,63.89
2017-08-01,224,alimentos,65.34
2017-08-06,229,alimentos,64.46
2017-08-08,231,alimentos,63.73
2017-08-09,232,alimentos,64.64
2017-08-20,243,alimentos,64.92
2017-08-24,247,alimentos,45.16
2017-08-26,249,alimentos,48.24
2017-08-27,250,alimentos,48.43
2017-09-08,262,alimentos,48.84
2017-09-12,266,alimentos,48.83
2017-09-13,267,alimentos,48.65
2017-09-17,271,alimentos,49.35
2017-09-18,272,alimentos,50.44
2017-09-20,274,alimentos,49.73
2017-09-21,275,alimentos,49.34
2017-09-22,276,alimentos,48.8
2017-09-23,277,alimentos,26.49
2017-09-27,281,alimentos,27.61
2017-09-30,284,alimentos,25.86
2017-10-01,285,alimentos,25.76
2017-10-04,288,alimentos,24.46
2017-10-06,290,alimentos,24.43
2017-10-07,291,alimentos,24.69
2017-10-08,292,alimentos,25.26
2017-10-10,294,alimentos,24.82
2017-10-18,302,alimentos,24.74
2017-10-24,308,alimentos,10.45
2017-10-27,311,alimentos,8.68
2017-10-30,314,alimentos,10.0
2017-11-07,322,alimentos,9.68
2017-11-09,324,alimentos,10.32
2017-11-12,327,alimentos,11.96
2017-11-17,332,alimentos,11.75
2017-11-22,337,alimentos,10.56
2017-11-23,338,alimentos,11.38
2017-11-24,339,alimentos,6.09
2017-11-29,344,alimentos,6.26
2017-11-30,345,alimentos,6.29
2017-12-03,348,alimentos,6.15
2017-12-04,349,alimentos,6.49
2017-12-05,350,alimentos,7.47
2017-12-06,351,alimentos,5.52
2017-12-10,355,alimentos,5.0
2017-12-12,357,alimentos,6.0
2017-12-19,364,alimentos,5.56
2017-12-22,367,alimentos,7.08
2017-12-23,368,alimentos,6.88
2017-12-25,370,alimentos,12.04
2017-12-26,371,alimentos,12.73
2017-12-29,374,alimentos,13.77
2018-01-03,379,alimentos,13.93
2018-01-07,383,alimentos,13.8
2018-01-11,387,alimentos,13.78
2018-01-12,388,alimentos,14.89
2018-01-15,391,alimentos,14.92
2018-01-19,395,alimentos,14.19
2018-01-21,397,alimentos,14.48
2018-01-22,398,alimentos,14.74
2018-01-23,399,alimentos,14.22
2018-01-24,400,alimentos,11.05
2018-01-25,401,alimentos,9.87
2018-01-26,402,alimentos,25.41
2018-01-27,403,alimentos,25.01
2018-01-30,406,alimentos,25.3
2018-02-01,408,alimentos,24.93
2018-02-02,409,alimentos,24.46
2018-02-05,412,alimentos,24.13
2018-02-07,414,alimentos,25.62
2018-02-10,417,alimentos,24.86
2018-02-15,422,alimentos,27.58
2018-02-17,424,alimentos,28.26
2018-02-18,425,alimentos,27.89
2018-02-19,426,alimentos,28.98
2018-02-20,427,alimentos,28.18
2018-02-21,428,alimentos,28.75
2018-02-22,429,alimentos,29.12
2018-02-23,430,alimentos,28.87
2018-02-25,432,alimentos,28.13
2018-02-26,433,alimentos,49.56
2018-02-27,434,alimentos,49.88
2018-02-28,435,alimentos,49.19
2018-03-03,438,alimentos,51.13
2018-03-04,439,alimentos,49.74
2018-03-06,441,alimentos,49.59
2018-03-07,442,alimentos,50.37
2018-03-08,443,alimentos,50.56
2018-03-09,444,alimentos,50.48
2018-03-11,446,alimentos,50.35
2018-03-12,447,alimentos,49.72
2018-03-14,449,alimentos,48.47
2018-03-15,450,alimentos,49.8
2018-03-16,451,alimentos,48.79
2018-03-17,452,alimentos,49.61
2018-03-18,453,alimentos,50.31
2018-03-19,454,alimentos,50.2
2018-03-20,455,alimentos,50.59
2018-03-22,457,alimentos,51.41
2018-03-23,458,alimentos,51.1
2018-03-25,460,alimentos,51.12
2018-03-26,461,alimentos,72.09
2018-03-27,462,alimentos,72.01
2018-03-28,463,alimentos,71.84
2018-04-01,467,alimentos,72.4
2018-04-03,469,alimentos,72.69
2018-04-07,473,alimentos,72.21
2018-04-08,474,alimentos,72.11
2018-04-09,475,alimentos,71.67
2018-04-10,476,alimentos,72.11
2018-04-11,477,alimentos,73.17
2018-04-12,478,alimentos,73.28
2018-04-13,479,alimentos,73.47
2018-04-15,481,alimentos,74.33
2018-04-16,482,alimentos,74.34
2018-04-17,483,alimentos,74.04
2018-04-18,484,alimentos,74.28
2018-04-19,485,alimentos,74.21
2018-04-20,486,alimentos,74.31
2018-04-23,489,alimentos,74.57
2018-04-24,490,alimentos,74.33
2018-04-25,491,alimentos,73.4
2018-04-26,492,alimentos,74.23
2018-04-27,493,alimentos,87.62
2018-04-28,494,alimentos,86.94
2018-04-30,496,alimentos,87.29
2018-05-02,498,alimentos,88.01
2018-05-03,499,alimentos,88.26
2018-05-04,500,alimentos,88.78
2018-05-06,502,alimentos,88.78
2018-05-07,503,alimentos,87.94
2018-05-08,504,alimentos,88.54
2018-05-09,505,alimentos,86.94
2018-05-10,506,alimentos,88.2
2018-05-11,507,alimentos,88.9
2018-05-12,508,alimentos,87.77
2018-05-13,509,alimentos,87.16
2018-05-14,510,alimentos,87.1
2018-05-15,511,alimentos,86.45
2018-05-16,512,alimentos,86.02
2018-05-17,513,alimentos,86.77
2018-05-19,515,alimentos,86.94
2018-05-21,517,alimentos,92.49
2018-05-22,518,alimentos,91.68
2018-05-30,526,alimentos,91.97
2018-06-03,530,alimentos,91.66
2018-06-04,531,alimentos,91.07
2018-06-05,532,alimentos,90.45
2018-06-06,533,alimentos,90.73
2018-06-08,535,alimentos,91.48
2018-06-09,536,alimentos,92.28
2018-06-11,538,alimentos,92.72
2018-06-12,539,alimentos,92.99
2018-06-13,540,alimentos,93.32
2018-06-17,544,alimentos,92.64
2018-06-19,546,alimentos,93.57
2018-06-20,547,alimentos,94.31
2018-06-24,551,alimentos,95.0
2018-06-25,552,alimentos,94.69
2018-06-26,553,alimentos,89.5
2018-06-27,554,alimentos,89.6
2018-06-29,556,alimentos,89.08
2018-07-02,559,alimentos,89.48
2018-07-03,560,alimentos,89.97
2018-07-04,561,alimentos,90.4
2018-07-05,562,alimentos,90.61
2018-07-08,565,alimentos,90.85
2018-07-09,566,alimentos,90.78
2018-07-11,568,alimentos,90.88
2018-07-13,570,alimentos,90.64
2018-07-14,571,alimentos,90.08
2018-07-15,572,alimentos,91.09
2018-07-16,573,alimentos,91.49
2018-07-17,574,alimentos,92.43
2018-07-18,575,alimentos,92.28
2018-07-19,576,alimentos,92.73
2018-07-20,577,alimentos,92.9
2018-07-21,578,alimentos,94.22
2018-07-22,579,alimentos,94.27
2018-07-24,581,alimentos,93.81
2018-07-25,582,alimentos,93.21
2018-07-26,583,alimentos,91.12
2018-07-27,584,alimentos,90.29
2018-07-28,585,alimentos,88.6
2018-07-29,586,alimentos,74.5
2018-07-30,587,alimentos,74.24
2018-07-31,588,alimentos,75.33
2018-08-02,590,alimentos,74.65
2018-08-03,591,alimentos,74.85
2018-08-04,592,alimentos,74.88
2018-08-05,593,alimentos,75.6
2018-08-06,594,alimentos,76.15
2018-08-07,595,alimentos,77.63
2018-08-08,596,alimentos,78.86
2018-08-09,597,alimentos,78.55
2018-08-10,598,alimentos,77.38
2018-08-11,599,alimentos,77.13
2018-08-12,600,alimentos,76.55
2018-08-13,601,alimentos,77.71
2018-08-14,602,alimentos,77.35
2018-08-15,603,alimentos,76.76
2018-08-16,604,alimentos,77.62
2018-08-17,605,alimentos,76.61
2018-08-18,606,alimentos,75.69
2018-08-19,607,alimentos,76.41
2018-08-20,608,alimentos,76.87
2018-08-21,609,alimentos,76.03
2018-08-22,610,alimentos,76.23
2018-08-23,611,alimentos,75.86
2018-08-24,612,alimentos,77.31
2018-08-25,613,alimentos,77.06
2018-08-26,614,alimentos,76.2
2018-08-27,615,alimentos,77.0
2018-08-28,616,alimentos,77.54
2018-08-29,617,alimentos,76.78
2017-03-05,75,alimentos_bebidas,51.31
2017-03-09,79,alimentos_bebidas,48.88
2017-03-15,85,alimentos_bebidas,48.85
2017-03-26,96,alimentos_bebidas,39.43
2017-04-12,113,alimentos_bebidas,36.87
2017-04-27,128,alimentos_bebidas,33.88
2017-05-05,136,alimentos_bebidas,33.99
2017-05-07,138,alimentos_bebidas,33.92
2017-05-09,140,alimentos_bebidas,34.78
2017-05-11,142,alimentos_bebidas,33.88
2017-05-15,146,alimentos_bebidas,36.18
2017-05-18,149,alimentos_bebidas,34.66
2017-05-21,152,alimentos_bebidas,32.59
2017-05-22,153,alimentos_bebidas,23.24
2017-05-24,155,alimentos_bebidas,24.73
2017-05-29,160,alimentos_bebidas,15.65
2017-06-06,168,alimentos_bebidas,14.39
2017-06-11,173,alimentos_bebidas,13.95
2017-07-03,195,alimentos_bebidas,11.88
2017-07-04,196,alimentos_bebidas,12.61
2017-07-07,199,alimentos_bebidas,11.82
2017-07-11,203,alimentos_bebidas,12.43
2017-07-13,205,alimentos_bebidas,5.66
2017-07-20,212,alimentos_bebidas,5.1
2017-07-21,213,alimentos_bebidas,5.0
2017-08-02,225,alimentos_bebidas,6.09
2017-08-05,228,alimentos_bebidas,7.25
2017-08-09,232,alimentos_bebidas,8.03
2017-08-14,237,alimentos_bebidas,8.95
2017-08-16,239,alimentos_bebidas,8.05
2017-08-23,246,alimentos_bebidas,7.96
2017-08-26,249,alimentos_bebidas,5.26
2017-08-29,252,alimentos_bebidas,5.54
2017-08-30,253,alimentos_bebidas,5.74
2017-09-09,263,alimentos_bebidas,7.73
2017-09-11,265,alimentos_bebidas,7.3
2017-09-13,267,alimentos_bebidas,7.86
2017-09-19,273,alimentos_bebidas,10.89
2017-09-20,274,alimentos_bebidas,11.57
2017-09-25,279,alimentos_bebidas,12.39
2017-10-04,288,alimentos_bebidas,13.33
2017-10-06,290,alimentos_bebidas,15.15
2017-10-07,291,alimentos_bebidas,15.53
2017-10-08,292,alimentos_bebidas,16.4
2017-10-09,293,alimentos_bebidas,14.93
2017-10-10,294,alimentos_bebidas,13.38
2017-10-16,300,alimentos_bebidas,13.09
2017-10-17,301,alimentos_bebidas,14.41
2017-10-20,304,alimentos_bebidas,16.24
2017-10-21,305,alimentos_bebidas,16.6
2017-10-22,306,alimentos_bebidas,16.96
2017-10-24,308,alimentos_bebidas,25.0
2017-10-25,309,alimentos_bebidas,28.36
2017-10-27,311,alimentos_bebidas,30.15
2017-11-02,317,alimentos_bebidas,30.68
2017-11-03,318,alimentos_bebidas,32.19
2017-11-04,319,alimentos_bebidas,32.53
2017-11-05,320,alimentos_bebidas,31.99
2017-11-14,329,alimentos_bebidas,30.45
2017-11-16,331,alimentos_bebidas,29.91
2017-11-19,334,alimentos_bebidas,29.33
2017-11-22,337,alimentos_bebidas,28.62
2017-11-23,338,alimentos_bebidas,27.91
2017-11-24,339,alimentos_bebidas,28.16
2017-11-25,340,alimentos_bebidas,28.7
2017-11-26,341,alimentos_bebidas,31.14
2017-11-28,343,alimentos_bebidas,43.91
2017-11-29,344,alimentos_bebidas,43.49
2017-11-30,345,alimentos_bebidas,45.82
2017-12-02,347,alimentos_bebidas,47.89
2017-12-04,349,alimentos_bebidas,48.03
2017-12-05,350,alimentos_bebidas,49.23
2017-12-06,351,alimentos_bebidas,47.6
2017-12-07,352,alimentos_bebidas,46.21
2017-12-11,356,alimentos_bebidas,47.45
2017-12-12,357,alimentos_bebidas,48.28
2017-12-15,360,alimentos_bebidas,47.56
2017-12-21,366,alimentos_bebidas,60.15
2017-12-27,372,alimentos_bebidas,58.86
2017-12-31,376,alimentos_bebidas,58.51
2018-01-02,378,alimentos_bebidas,59.37
2018-01-11,387,alimentos_bebidas,59.31
2018-01-12,388,alimentos_bebidas,60.57
2018-01-16,392,alimentos_bebidas,61.53
2018-01-17,393,alimentos_bebidas,61.5
2018-01-21,397,alimentos_bebidas,68.41
2018-01-23,399,alimentos_bebidas,69.87
2018-01-24,400,alimentos_bebidas,69.18
2018-02-04,411,alimentos_bebidas,69.76
2018-02-05,412,alimentos_bebidas,71.31
2018-02-08,415,alimentos_bebidas,72.73
2018-02-10,417,alimentos_bebidas,73.16
2018-02-11,418,alimentos_bebidas,73.74
2018-02-12,419,alimentos_bebidas,75.57
2018-02-14,421,alimentos_bebidas,74.51
2018-02-16,423,alimentos_bebidas,75.54
2018-02-19,426,alimentos_bebidas,75.73
2018-02-21,428,alimentos_bebidas,77.49
2018-02-22,429,alimentos_bebidas,77.89
2018-02-24,431,alimentos_bebidas,79.27
2018-02-25,432,alimentos_bebidas,78.08
2018-02-26,433,alimentos_bebidas,79.48
2018-03-01,436,alimentos_bebidas,80.17
2018-03-02,437,alimentos_bebidas,79.37
2018-03-03,438,alimentos_bebidas,81.83
2018-03-06,441,alimentos_bebidas,80.59
2018-03-09,444,alimentos_bebidas,81.65
2018-03-10,445,alimentos_bebidas,80.76
2018-03-11,446,alimentos_bebidas,81.43
2018-03-13,448,alimentos_bebidas,83.52
2018-03-16,451,alimentos_bebidas,84.73
2018-03-20,455,alimentos_bebidas,84.96
2018-03-22,457,alimentos_bebidas,86.16
2018-03-27,462,alimentos_bebidas,84.09
2018-03-28,463,alimentos_bebidas,84.84
2018-03-29,464,alimentos_bebidas,85.87
2018-04-04,470,alimentos_bebidas,86.96
2018-04-06,472,alimentos_bebidas,89.73
2018-04-09,475,alimentos_bebidas,88.84
2018-04-10,476,alimentos_bebidas,88.75
2018-04-20,486,alimentos_bebidas,90.54
2018-04-23,489,alimentos_bebidas,91.3
2018-04-24,490,alimentos_bebidas,91.39
2018-04-26,492,alimentos_bebidas,91.98
2018-04-27,493,alimentos_bebidas,83.98
2018-04-28,494,alimentos_bebidas,85.39
2018-04-30,496,alimentos_bebidas,86.54
2018-05-01,497,alimentos_bebidas,86.19
2018-05-05,501,alimentos_bebidas,89.12
2018-05-06,502,alimentos_bebidas,90.07
2018-05-13,509,alimentos_bebidas,89.83
2018-05-14,510,alimentos_bebidas,90.27
2018-05-15,511,alimentos_bebidas,90.93
2018-05-16,512,alimentos_bebidas,91.72
2018-05-17,513,alimentos_bebidas,92.53
2018-05-18,514,alimentos_bebidas,95.0
2018-05-21,517,alimentos_bebidas,84.46
2018-05-24,520,alimentos_bebidas,84.64
2018-05-25,521,alimentos_bebidas,86.0
2018-06-01,528,alimentos_bebidas,86.65
2018-06-04,531,alimentos_bebidas,86.04
2018-06-07,534,alimentos_bebidas,86.22
2018-06-10,537,alimentos_bebidas,85.02
2018-06-21,548,alimentos_bebidas,74.8
2018-06-24,551,alimentos_bebidas,75.25
2018-06-27,554,alimentos_bebidas,75.59
2018-07-04,561,alimentos_bebidas,75.81
2018-07-05,562,alimentos_bebidas,76.57
2018-07-12,569,alimentos_bebidas,76.94
2018-07-14,571,alimentos_bebidas,76.14
2018-07-18,575,alimentos_bebidas,78.68
2018-07-19,576,alimentos_bebidas,80.82
2018-07-20,577,alimentos_bebidas,81.83
2018-07-21,578,alimentos_bebidas,83.74
2018-07-25,582,alimentos_bebidas,84.69
2018-07-27,584,alimentos_bebidas,75.65
2018-07-29,586,alimentos_bebidas,76.6
2018-07-30,587,alimentos_bebidas,79.33
2018-08-01,589,alimentos_bebidas,79.5
2018-08-02,590,alimentos_bebidas,82.22
2018-08-03,591,alimentos_bebidas,82.35
2018-08-05,593,alimentos_bebidas,81.72
2018-08-06,594,alimentos_bebidas,84.32
2018-08-07,595,alimentos_bebidas,83.39
2018-08-12,600,alimentos_bebidas,83.88
2018-08-13,601,alimentos_bebidas,84.54
2018-08-16,604,alimentos_bebidas,85.13
2018-08-17,605,alimentos_bebidas,84.26
2018-08-20,608,alimentos_bebidas,85.68
2018-08-22,610,alimentos_bebidas,85.78
2018-08-23,611,alimentos_bebidas,86.65
2017-03-01,71,artes,79.8
2017-03-16,86,artes,78.17
2017-03-21,91,artes,79.99
2017-03-23,93,artes,80.09
2017-03-24,94,artes,81.56
2017-04-30,131,artes,75.94
2017-05-01,132,artes,58.95
2017-05-03,134,artes,62.06
2017-05-10,141,artes,59.84
2017-05-15,146,artes,61.33
2017-05-18,149,artes,64.36
2017-05-24,155,artes,67.79
2017-05-28,159,artes,66.24
2017-05-31,162,artes,64.45
2017-06-08,170,artes,46.66
2017-06-10,172,artes,49.16
2017-06-12,174,artes,52.89
2017-06-25,187,artes,51.94
2017-07-03,195,artes,32.5
2017-07-04,196,artes,31.2
2017-07-16,208,artes,30.25
2017-08-08,231,artes,16.14
2017-08-10,233,artes,17.62
2017-08-21,244,artes,16.59
2017-08-29,252,artes,18.33
2017-09-04,258,artes,10.67
2017-09-19,273,artes,8.42
2017-09-30,284,artes,5.0
2017-10-05,289,artes,8.67
2017-10-08,292,artes,11.47
2017-10-09,293,artes,12.0
2017-11-27,342,artes,24.1
2017-12-04,349,artes,39.76
2017-12-16,361,artes,41.92
2017-12-24,369,artes,42.37
2018-01-04,380,artes,61.25
2018-01-06,382,artes,59.98
2018-01-07,383,artes,61.31
2018-01-08,384,artes,63.5
2018-01-11,387,artes,58.79
2018-01-15,391,artes,58.86
2018-01-16,392,artes,60.6
2018-01-17,393,artes,63.65
2018-01-18,394,artes,66.98
2018-01-24,400,artes,66.46
2018-01-28,404,artes,66.69
2018-01-30,406,artes,67.5
2018-01-31,407,artes,71.72
2018-02-05,412,artes,86.18
2018-02-06,413,artes,90.25
2018-02-09,416,artes,90.54
2018-02-10,417,artes,91.39
2018-02-11,418,artes,90.45
2018-02-12,419,artes,87.29
2018-02-13,420,artes,85.18
2018-02-19,426,artes,85.76
2018-02-21,428,artes,86.8
2018-02-24,431,artes,82.41
2018-02-28,435,artes,82.73
2018-03-06,441,artes,87.63
2018-03-18,453,artes,90.03
2018-03-21,456,artes,86.26
2018-03-23,458,artes,88.25
2018-03-24,459,artes,91.06
2018-03-25,460,artes,89.16
2018-03-31,466,artes,88.97
2018-04-03,469,artes,84.43
2018-04-04,470,artes,83.69
2018-04-05,471,artes,82.7
2018-04-08,474,artes,81.74
2018-04-09,475,artes,82.33
2018-04-10,476,artes,87.63
2018-04-12,478,artes,88.13
2018-04-15,481,artes,87.64
2018-04-17,483,artes,89.22
2018-04-18,484,artes,89.21
2018-04-19,485,artes,90.67
2018-04-20,486,artes,91.18
2018-04-23,489,artes,93.53
2018-04-25,491,artes,95.0
2018-04-27,493,artes,92.25
2018-04-28,494,artes,92.18
2018-04-29,495,artes,91.26
2018-04-30,496,artes,89.98
2018-05-01,497,artes,79.71
2018-05-02,498,artes,79.17
2018-05-03,499,artes,79.59
2018-05-04,500,artes,82.4
2018-05-05,501,artes,81.21
2018-05-06,502,artes,82.25
2018-05-07,503,artes,81.26
2018-05-08,504,artes,81.81
2018-05-09,505,artes,81.17
2018-05-10,506,artes,81.19
2018-05-11,507,artes,81.28
2018-05-12,508,artes,82.06
2018-05-13,509,artes,79.46
2018-05-14,510,artes,76.67
2018-05-15,511,artes,78.21
2018-05-16,512,artes,76.19
2018-05-18,514,artes,80.68
2018-05-20,516,artes,76.69
2018-05-21,517,artes,79.59
2018-05-23,519,artes,80.87
2018-05-26,522,artes,79.5
2018-05-30,526,artes,79.97
2018-05-31,527,artes,82.77
2018-06-02,529,artes,66.37
2018-06-03,530,artes,67.32
2018-06-08,535,artes,69.53
2018-06-11,538,artes,67.52
2018-06-12,539,artes,70.18
2018-06-13,540,artes,67.96
2018-06-14,541,artes,68.34
2018-06-15,542,artes,66.32
2018-06-17,544,artes,65.43
2018-06-18,545,artes,66.17
2018-06-19,546,artes,66.71
2018-06-22,549,artes,65.14
2018-06-24,551,artes,65.25
2018-06-25,552,artes,65.78
2018-06-26,553,artes,65.78
2018-06-27,554,artes,65.01
2018-06-28,555,artes,65.1
2018-06-30,557,artes,66.38
2018-07-01,558,artes,50.31
2018-07-02,559,artes,47.12
2018-07-03,560,artes,48.57
2018-07-05,562,artes,49.74
2018-07-08,565,artes,50.33
2018-07-10,567,artes,51.47
2018-07-11,568,artes,54.82
2018-07-12,569,artes,57.59
2018-07-13,570,artes,54.97
2018-07-15,572,artes,54.79
2018-07-16,573,artes,53.59
2018-07-26,583,artes,56.27
2018-07-28,585,artes,55.8
2018-07-31,588,artes,54.35
2018-08-01,589,artes,40.75
2018-08-02,590,artes,38.55
2018-08-03,591,artes,35.59
2018-08-04,592,artes,32.43
2018-08-05,593,artes,33.97
2018-08-06,594,artes,34.11
2018-08-07,595,artes,33.87
2018-08-08,596,artes,35.56
2018-08-09,597,artes,33.74
2018-08-12,600,artes,38.72
2018-08-14,602,artes,39.4
2018-08-17,605,artes,40.97
2018-08-25,613,artes,40.87
2018-08-27,615,artes,44.09
2017-05-08,139,artes_e_artesanato,71.2
2017-07-12,204,artes_e_artesanato,8.11
2018-04-22,488,artes_e_artesanato,95.0
2018-05-06,502,artes_e_artesanato,77.16
2018-07-16,573,artes_e_artesanato,14.44
2018-07-17,574,artes_e_artesanato,15.57
2018-07-20,577,artes_e_artesanato,17.13
2018-07-23,580,artes_e_artesanato,15.47
2018-07-24,581,artes_e_artesanato,20.04
2018-07-25,582,artes_e_artesanato,20.39
2018-07-26,583,artes_e_artesanato,22.33
2018-07-28,585,artes_e_artesanato,23.69
2018-07-30,587,artes_e_artesanato,26.31
2018-08-03,591,artes_e_artesanato,5.0
2018-08-05,593,artes_e_artesanato,8.08
2018-08-15,603,artes_e_artesanato,17.74
2018-08-17,605,artes_e_artesanato,24.76
2018-08-21,609,artes_e_artesanato,29.71
2018-08-22,610,artes_e_artesanato,32.95
2018-08-23,611,artes_e_artesanato,30.65
2018-08-24,612,artes_e_artesanato,34.5
2017-07-29,221,artigos_de_festas,22.7
2017-09-14,268,artigos_de_festas,5.0
2017-10-14,298,artigos_de_festas,12.15
2017-10-23,307,artigos_de_festas,14.11
2017-11-13,328,artigos_de_festas,26.83
2017-11-17,332,artigos_de_festas,28.25
2017-11-24,339,artigos_de_festas,27.7
2017-11-27,342,artigos_de_festas,30.46
2017-12-04,349,artigos_de_festas,48.76
2017-12-11,356,artigos_de_festas,48.25
2018-01-15,391,artigos_de_festas,67.93
2018-01-28,404,artigos_de_festas,70.87
2018-03-02,437,artigos_de_festas,91.36
2018-03-04,439,artigos_de_festas,94.46
2018-03-06,441,artigos_de_festas,93.88
2018-03-29,464,artigos_de_festas,95.0
2018-04-14,480,artigos_de_festas,93.0
2018-05-07,503,artigos_de_festas,78.87
2018-05-27,523,artigos_de_festas,82.65
2018-05-29,525,artigos_de_festas,83.25
2018-06-04,531,artigos_de_festas,68.36
2018-06-16,543,artigos_de_festas,70.6
2018-07-13,570,artigos_de_festas,52.36
2018-07-17,574,artigos_de_festas,51.37
2018-08-01,589,artigos_de_festas,42.95
2018-08-03,591,artigos_de_festas,45.83
2018-08-05,593,artigos_de_festas,44.93
2018-08-09,597,artigos_de_festas,45.29
2018-08-10,598,artigos_de_festas,44.47
2018-08-11,599,artigos_de_festas,44.38
2018-08-14,602,artigos_de_festas,42.21
2018-08-18,606,artigos_de_festas,38.68
2018-08-19,607,artigos_de_festas,39.17
2018-08-20,608,artigos_de_festas,40.8
2018-08-23,611,artigos_de_festas,40.17
2018-08-29,617,artigos_de_festas,41.19
2017-04-25,126,artigos_de_natal,67.63
2017-06-25,187,artigos_de_natal,38.03
2017-07-15,207,artigos_de_natal,21.82
2017-07-22,214,artigos_de_natal,21.43
2017-08-25,248,artigos_de_natal,8.44
2017-09-06,260,artigos_de_natal,5.0
2017-09-14,268,artigos_de_natal,6.27
2017-10-04,288,artigos_de_natal,12.41
2017-10-07,291,artigos_de_natal,11.42
2017-10-09,293,artigos_de_natal,10.37
2017-10-16,300,artigos_de_natal,8.26
2017-10-25,309,artigos_de_natal,8.67
2017-10-30,314,artigos_de_natal,10.37
2017-11-01,316,artigos_de_natal,23.47
2017-11-06,321,artigos_de_natal,22.61
2017-11-07,322,artigos_de_natal,25.55
2017-11-08,323,artigos_de_natal,26.59
2017-11-09,324,artigos_de_natal,24.42
2017-11-11,326,artigos_de_natal,24.94
2017-11-13,328,artigos_de_natal,26.6
2017-11-14,329,artigos_de_natal,26.73
2017-11-17,332,artigos_de_natal,28.49
2017-11-18,333,artigos_de_natal,30.46
2017-11-24,339,artigos_de_natal,30.29
2017-11-25,340,artigos_de_natal,31.46
2017-11-26,341,artigos_de_natal,28.22
2017-11-27,342,artigos_de_natal,25.46
2017-11-28,343,artigos_de_natal,26.46
2017-11-30,345,artigos_de_natal,29.4
2017-12-04,349,artigos_de_natal,44.85
2017-12-07,352,artigos_de_natal,45.02
2017-12-08,353,artigos_de_natal,44.5
2017-12-11,356,artigos_de_natal,43.8
2017-12-12,357,artigos_de_natal,47.37
2017-12-13,358,artigos_de_natal,47.99
2017-12-19,364,artigos_de_natal,49.37
2017-12-20,365,artigos_de_natal,51.81
2017-12-22,367,artigos_de_natal,52.98
2017-12-27,372,artigos_de_natal,53.34
2017-12-28,373,artigos_de_natal,54.97
2017-12-30,375,artigos_de_natal,54.56
2017-12-31,376,artigos_de_natal,55.6
2018-01-06,382,artigos_de_natal,71.92
2018-01-07,383,artigos_de_natal,70.16
2018-01-09,385,artigos_de_natal,71.71
2018-01-11,387,artigos_de_natal,73.89
2018-01-15,391,artigos_de_natal,74.34
2018-01-24,400,artigos_de_natal,75.49
2018-01-25,401,artigos_de_natal,74.34
2018-01-31,407,artigos_de_natal,73.73
2018-02-01,408,artigos_de_natal,86.44
2018-02-03,410,artigos_de_natal,87.49
2018-02-05,412,artigos_de_natal,85.46
2018-02-06,413,artigos_de_natal,85.21
2018-02-07,414,artigos_de_natal,84.42
2018-02-08,415,artigos_de_natal,83.46
2018-02-11,418,artigos_de_natal,83.89
2018-02-12,419,artigos_de_natal,82.75
2018-02-14,421,artigos_de_natal,82.32
2018-02-15,422,artigos_de_natal,81.18
2018-02-17,424,artigos_de_natal,82.2
2018-02-21,428,artigos_de_natal,81.82
2018-02-25,432,artigos_de_natal,85.72
2018-03-01,436,artigos_de_natal,89.52
2018-03-02,437,artigos_de_natal,90.56
2018-03-04,439,artigos_de_natal,91.13
2018-03-05,440,artigos_de_natal,91.79
2018-03-20,455,artigos_de_natal,91.74
2018-03-21,456,artigos_de_natal,92.32
2018-03-22,457,artigos_de_natal,95.0
2018-03-24,459,artigos_de_natal,94.62
2018-03-26,461,artigos_de_natal,93.6
2018-03-27,462,artigos_de_natal,91.52
2018-04-01,467,artigos_de_natal,89.17
2018-04-02,468,artigos_de_natal,87.96
2018-04-12,478,artigos_de_natal,88.12
2018-04-16,482,artigos_de_natal,85.66
2018-04-20,486,artigos_de_natal,87.52
2018-04-23,489,artigos_de_natal,85.64
2018-04-30,496,artigos_de_natal,84.53
2018-05-01,497,artigos_de_natal,73.25
2018-05-06,502,artigos_de_natal,75.98
2018-05-11,507,artigos_de_natal,75.97
2018-05-14,510,artigos_de_natal,74.3
2018-05-23,519,artigos_de_natal,78.11
2018-06-05,532,artigos_de_natal,60.37
2018-06-06,533,artigos_de_natal,58.86
2018-06-19,546,artigos_de_natal,58.24
2018-06-23,550,artigos_de_natal,59.78
2018-06-25,552,artigos_de_natal,59.52
2018-06-26,553,artigos_de_natal,60.22
2018-07-02,559,artigos_de_natal,42.79
2018-07-21,578,artigos_de_natal,42.49
2018-07-23,580,artigos_de_natal,41.91
2018-07-24,581,artigos_de_natal,40.99
2018-07-25,582,artigos_de_natal,43.82
2018-07-29,586,artigos_de_natal,46.66
2018-07-31,588,artigos_de_natal,48.66
2018-08-02,590,artigos_de_natal,36.47
2018-08-03,591,artigos_de_natal,36.16
2018-08-04,592,artigos_de_natal,34.76
2018-08-07,595,artigos_de_natal,34.71
2018-08-09,597,artigos_de_natal,35.99
2018-08-12,600,artigos_de_natal,37.54
2018-08-15,603,artigos_de_natal,37.21
2018-08-16,604,artigos_de_natal,35.21
2018-08-17,605,artigos_de_natal,37.37
2018-08-18,606,artigos_de_natal,35.34
2018-08-19,607,artigos_de_natal,38.28
2016-10-07,10,audio,5.13
2016-10-10,13,audio,6.99
2017-02-02,44,audio,65.52
2017-02-14,56,audio,63.26
2017-02-15,57,audio,62.74
2017-02-26,68,audio,60.31
2017-02-28,70,audio,61.28
2017-03-06,76,audio,64.26
2017-03-07,77,audio,63.95
2017-03-08,78,audio,59.83
2017-03-09,79,audio,60.27
2017-03-10,80,audio,55.0
2017-03-12,82,audio,53.17
2017-03-16,86,audio,56.12
2017-03-21,91,audio,57.11
2017-03-27,97,audio,58.67
2017-03-28,98,audio,56.5
2017-03-30,100,audio,57.43
2017-04-04,105,audio,53.56
2017-04-09,110,audio,54.64
2017-04-10,111,audio,57.3
2017-04-17,118,audio,61.67
2017-04-21,122,audio,63.56
2017-04-24,125,audio,62.77
2017-04-25,126,audio,62.17
2017-04-26,127,audio,59.16
2017-04-27,128,audio,60.23
2017-05-02,133,audio,47.06
2017-05-05,136,audio,45.93
2017-05-11,142,audio,47.2
2017-05-14,145,audio,47.72
2017-05-16,147,audio,47.56
2017-05-17,148,audio,47.26
2017-05-22,153,audio,48.11
2017-05-24,155,audio,49.78
2017-05-28,159,audio,53.72
2017-05-29,160,audio,54.26
2017-05-30,161,audio,54.45
2017-06-05,167,audio,39.7
2017-06-07,169,audio,40.71
2017-06-12,174,audio,39.7
2017-06-13,175,audio,39.84
2017-06-14,176,audio,42.06
2017-06-15,177,audio,40.79
2017-06-25,187,audio,40.83
2017-06-27,189,audio,40.04
2017-06-28,190,audio,42.77
2017-06-29,191,audio,42.86
2017-07-04,196,audio,27.26
2017-07-11,203,audio,27.15
2017-07-13,205,audio,25.32
2017-07-15,207,audio,24.03
2017-07-19,211,audio,22.42
2017-07-28,220,audio,23.8
2017-08-03,226,audio,10.42
2017-08-06,229,audio,9.58
2017-08-09,232,audio,7.04
2017-08-13,236,audio,10.81
2017-08-15,238,audio,10.95
2017-08-17,240,audio,11.4
2017-08-25,248,audio,12.43
2017-09-04,258,audio,8.77
2017-09-10,264,audio,10.11
2017-09-12,266,audio,8.41
2017-09-16,270,audio,7.55
2017-09-20,274,audio,6.3
2017-09-26,280,audio,6.98
2017-09-29,283,audio,5.21
2017-10-02,286,audio,7.11
2017-10-04,288,audio,8.71
2017-10-06,290,audio,7.24
2017-10-07,291,audio,5.35
2017-10-09,293,audio,5.0
2017-10-10,294,audio,7.8
2017-10-12,296,audio,10.43
2017-10-15,299,audio,12.12
2017-10-16,300,audio,13.14
2017-10-17,301,audio,12.41
2017-10-19,303,audio,12.95
2017-10-21,305,audio,12.21
2017-10-22,306,audio,14.77
2017-10-24,308,audio,14.77
2017-10-25,309,audio,16.52
2017-10-26,310,audio,17.09
2017-10-27,311,audio,14.28
2017-10-28,312,audio,15.52
2017-10-31,315,audio,14.92
2017-11-03,318,audio,27.95
2017-11-04,319,audio,27.61
2017-11-09,324,audio,25.76
2017-11-10,325,audio,25.04
2017-11-12,327,audio,28.71
2017-11-14,329,audio,27.66
2017-11-16,331,audio,25.56
2017-11-17,332,audio,27.5
2017-11-18,333,audio,23.49
2017-11-22,337,audio,24.47
2017-11-23,338,audio,22.06
2017-11-24,339,audio,22.44
2017-11-25,340,audio,22.02
2017-11-26,341,audio,20.54
2017-11-27,342,audio,20.67
2017-11-29,344,audio,19.52
2017-11-30,345,audio,20.58
2017-12-08,353,audio,36.76
2017-12-11,356,audio,41.16
2017-12-14,359,audio,39.94
2017-12-15,360,audio,40.67
2017-12-16,361,audio,42.55
2017-12-17,362,audio,43.5
2017-12-19,364,audio,43.31
2017-12-21,366,audio,41.42
2017-12-23,368,audio,44.09
2017-12-25,370,audio,44.88
2017-12-26,371,audio,44.64
2017-12-30,375,audio,43.73
2018-01-04,380,audio,60.44
2018-01-08,384,audio,64.89
2018-01-11,387,audio,64.25
2018-01-12,388,audio,65.58
2018-01-13,389,audio,69.04
2018-01-14,390,audio,70.04
2018-01-15,391,audio,67.93
2018-01-17,393,audio,66.73
2018-01-18,394,audio,67.24
2018-01-21,397,audio,67.78
2018-01-23,399,audio,69.27
2018-01-25,401,audio,66.82
2018-01-26,402,audio,67.42
2018-01-28,404,audio,66.91
2018-01-30,406,audio,65.84
2018-01-31,407,audio,63.12
2018-02-01,408,audio,77.27
2018-02-02,409,audio,78.11
2018-02-04,411,audio,79.63
2018-02-08,415,audio,76.11
2018-02-10,417,audio,78.0
2018-02-17,424,audio,77.9
2018-02-19,426,audio,78.53
2018-02-21,428,audio,77.45
2018-02-23,430,audio,78.28
2018-02-26,433,audio,79.63
2018-02-27,434,audio,77.81
2018-02-28,435,audio,79.96
2018-03-01,436,audio,83.16
2018-03-02,437,audio,87.29
2018-03-05,440,audio,85.88
2018-03-06,441,audio,86.84
2018-03-11,446,audio,85.76
2018-03-12,447,audio,87.7
2018-03-14,449,audio,90.14
2018-03-15,450,audio,91.56
2018-03-16,451,audio,92.77
2018-03-17,452,audio,91.81
2018-03-19,454,audio,93.61
2018-03-20,455,audio,95.0
2018-03-21,456,audio,94.85
2018-03-25,460,audio,92.9
2018-03-26,461,audio,94.94
2018-03-27,462,audio,93.15
2018-03-29,464,audio,90.61
2018-03-30,465,audio,89.86
2018-03-31,466,audio,89.67
2018-04-01,467,audio,84.31
2018-04-02,468,audio,83.45
2018-04-03,469,audio,82.62
2018-04-09,475,audio,84.02
2018-04-10,476,audio,86.21
2018-04-11,477,audio,83.95
2018-04-14,480,audio,86.8
2018-04-15,481,audio,88.08
2018-04-16,482,audio,87.62
2018-04-17,483,audio,88.61
2018-04-20,486,audio,89.23
2018-04-21,487,audio,88.59
2018-04-22,488,audio,89.95
2018-04-24,490,audio,87.84
2018-04-25,491,audio,87.57
2018-04-26,492,audio,87.8
2018-04-27,493,audio,86.74
2018-04-29,495,audio,83.95
2018-05-01,497,audio,71.33
2018-05-02,498,audio,72.75
2018-05-07,503,audio,70.91
2018-05-08,504,audio,70.17
2018-05-09,505,audio,65.8
2018-05-13,509,audio,65.32
2018-05-14,510,audio,63.61
2018-05-15,511,audio,66.08
2018-05-16,512,audio,67.5
2018-05-18,514,audio,68.16
2018-05-21,517,audio,73.04
2018-05-28,524,audio,72.4
2018-05-31,527,audio,73.22
2018-06-01,528,audio,54.35
2018-06-03,530,audio,60.19
2018-06-04,531,audio,59.38
2018-06-11,538,audio,59.11
2018-06-15,542,audio,58.46
2018-06-16,543,audio,60.44
2018-06-19,546,audio,63.24
2018-06-22,549,audio,61.22
2018-06-23,550,audio,60.87
2018-06-24,551,audio,62.53
2018-06-25,552,audio,66.85
2018-06-29,556,audio,64.42
2018-07-04,561,audio,49.4
2018-07-10,567,audio,51.57
2018-07-13,570,audio,49.44
2018-07-16,573,audio,46.11
2018-07-17,574,audio,42.31
2018-07-18,575,audio,41.61
2018-07-19,576,audio,39.73
2018-07-20,577,audio,37.37
2018-07-21,578,audio,36.77
2018-07-22,579,audio,38.34
2018-07-24,581,audio,39.53
2018-07-27,584,audio,37.74
2018-07-31,588,audio,37.59
2018-08-02,590,audio,26.8
2018-08-03,591,audio,27.85
2018-08-04,592,audio,27.84
2018-08-06,594,audio,29.95
2018-08-07,595,audio,30.27
2018-08-08,596,audio,30.32
2018-08-09,597,audio,26.98
2018-08-11,599,audio,25.18
2018-08-13,601,audio,27.74
2018-08-15,603,audio,27.12
2018-08-16,604,audio,26.62
2018-08-20,608,audio,28.0
2018-08-23,611,audio,29.14
2018-08-24,612,audio,28.87
2018-08-26,614,audio,32.0
2018-08-28,616,audio,32.17
2016-10-04,7,automotivo,5.93
2016-10-05,8,automotivo,5.0
2016-10-06,9,automotivo,5.47
2016-10-07,10,automotivo,5.12
2016-10-08,11,automotivo,6.58
2016-10-09,12,automotivo,6.67
2016-10-10,13,automotivo,7.83
2017-01-05,16,automotivo,51.2
2017-01-16,27,automotivo,51.72
2017-01-17,28,automotivo,51.84
2017-01-18,29,automotivo,53.07
2017-01-19,30,automotivo,54.7
2017-01-20,31,automotivo,54.19
2017-01-21,32,automotivo,54.38
2017-01-23,34,automotivo,52.82
2017-01-24,35,automotivo,53.71
2017-01-25,36,automotivo,53.27
2017-01-26,37,automotivo,55.43
2017-01-28,39,automotivo,55.56
2017-01-30,41,automotivo,56.35
2017-01-31,42,automotivo,54.44
2017-02-01,43,automotivo,65.07
2017-02-02,44,automotivo,67.66
2017-02-03,45,automotivo,66.99
2017-02-04,46,automotivo,69.12
2017-02-05,47,automotivo,71.09
2017-02-06,48,automotivo,70.66
2017-02-07,49,automotivo,70.25
2017-02-08,50,automotivo,69.63
2017-02-09,51,automotivo,69.89
2017-02-10,52,automotivo,71.31
2017-02-12,54,automotivo,70.78
2017-02-13,55,automotivo,66.63
2017-02-14,56,automotivo,66.86
2017-02-15,57,automotivo,63.56
2017-02-16,58,automotivo,61.69
2017-02-17,59,automotivo,61.49
2017-02-18,60,automotivo,61.16
2017-02-19,61,automotivo,57.48
2017-02-20,62,automotivo,58.37
2017-02-21,63,automotivo,59.63
2017-02-22,64,automotivo,58.03
2017-02-23,65,automotivo,59.71
2017-02-24,66,automotivo,61.97
2017-02-25,67,automotivo,62.04
2017-02-26,68,automotivo,64.01
2017-02-28,70,automotivo,65.45
2017-03-01,71,automotivo,68.59
2017-03-02,72,automotivo,70.4
2017-03-03,73,automotivo,70.72
2017-03-04,74,automotivo,69.89
2017-03-05,75,automotivo,72.91
2017-03-06,76,automotivo,71.45
2017-03-07,77,automotivo,70.26
2017-03-08,78,automotivo,70.08
2017-03-09,79,automotivo,68.04
2017-03-10,80,automotivo,66.55
2017-03-11,81,automotivo,66.56
2017-03-12,82,automotivo,68.13
2017-03-13,83,automotivo,68.81
2017-03-14,84,automotivo,69.49
2017-03-15,85,automotivo,67.63
2017-03-16,86,automotivo,68.39
2017-03-18,88,automotivo,69.67
2017-03-19,89,automotivo,71.54
2017-03-21,91,automotivo,74.44
2017-03-22,92,automotivo,76.02
2017-03-23,93,automotivo,77.16
2017-03-25,95,automotivo,75.4
2017-03-26,96,automotivo,74.33
2017-03-27,97,automotivo,73.49
2017-03-28,98,automotivo,75.66
2017-03-29,99,automotivo,77.2
2017-03-30,100,automotivo,74.91
2017-03-31,101,automotivo,73.24
2017-04-01,102,automotivo,64.25
2017-04-02,103,automotivo,64.43
2017-04-03,104,automotivo,62.97
2017-04-04,105,automotivo,60.87
2017-04-05,106,automotivo,61.22
2017-04-06,107,automotivo,64.37
2017-04-07,108,automotivo,63.59
2017-04-08,109,automotivo,63.5
2017-04-09,110,automotivo,64.57
2017-04-10,111,automotivo,66.07
2017-04-11,112,automotivo,69.35
2017-04-12,113,automotivo,68.47
2017-04-13,114,automotivo,70.13
2017-04-14,115,automotivo,73.08
2017-04-15,116,automotivo,71.89
2017-04-16,117,automotivo,70.19
2017-04-17,118,automotivo,70.05
2017-04-19,120,automotivo,68.23
2017-04-20,121,automotivo,68.82
2017-04-21,122,automotivo,67.94
2017-04-22,123,automotivo,66.95
2017-04-23,124,automotivo,67.33
2017-04-24,125,automotivo,68.34
2017-04-25,126,automotivo,68.58
2017-04-26,127,automotivo,69.38
2017-04-27,128,automotivo,69.23
2017-04-28,129,automotivo,71.12
2017-04-29,130,automotivo,72.71
2017-04-30,131,automotivo,72.15
2017-05-01,132,automotivo,60.29
2017-05-02,133,automotivo,59.06
2017-05-03,134,automotivo,58.77
2017-05-04,135,automotivo,56.84
2017-05-05,136,automotivo,56.12
2017-05-06,137,automotivo,56.27
2017-05-07,138,automotivo,55.98
2017-05-08,139,automotivo,54.33
2017-05-09,140,automotivo,54.3
2017-05-10,141,automotivo,54.41
2017-05-12,143,automotivo,53.69
2017-05-13,144,automotivo,53.89
2017-05-14,145,automotivo,54.13
2017-05-15,146,automotivo,53.48
2017-05-16,147,automotivo,54.46
2017-05-17,148,automotivo,56.24
2017-05-18,149,automotivo,57.1
2017-05-19,150,automotivo,56.99
2017-05-20,151,automotivo,58.22
2017-05-21,152,automotivo,58.37
2017-05-22,153,automotivo,60.34
2017-05-23,154,automotivo,60.78
2017-05-24,155,automotivo,60.64
2017-05-25,156,automotivo,61.66
2017-05-26,157,automotivo,61.21
2017-05-27,158,automotivo,59.66
2017-05-28,159,automotivo,58.29
2017-05-29,160,automotivo,59.11
2017-05-30,161,automotivo,58.81
2017-05-31,162,automotivo,59.8
2017-06-01,163,automotivo,42.9
2017-06-03,165,automotivo,40.68
2017-06-04,166,automotivo,42.18
2017-06-05,167,automotivo,41.09
2017-06-06,168,automotivo,40.68
2017-06-07,169,automotivo,39.17
2017-06-08,170,automotivo,37.11
2017-06-09,171,automotivo,37.29
2017-06-10,172,automotivo,36.84
2017-06-11,173,automotivo,35.1
2017-06-12,174,automotivo,33.86
2017-06-13,175,automotivo,36.27
2017-06-14,176,automotivo,35.69
2017-06-15,177,automotivo,35.61
2017-06-16,178,automotivo,36.14
2017-06-17,179,automotivo,37.55
2017-06-18,180,automotivo,40.39
2017-06-19,181,automotivo,39.95
2017-06-20,182,automotivo,37.97
2017-06-21,183,automotivo,40.1
2017-06-22,184,automotivo,43.01
2017-06-23,185,automotivo,43.67
2017-06-24,186,automotivo,42.17
2017-06-25,187,automotivo,43.44
2017-06-26,188,automotivo,42.24
2017-06-27,189,automotivo,42.11
2017-06-28,190,automotivo,43.49
2017-06-29,191,automotivo,41.79
2017-06-30,192,automotivo,41.1
2017-07-01,193,automotivo,25.86
2017-07-03,195,automotivo,25.85
2017-07-04,196,automotivo,25.16
2017-07-05,197,automotivo,27.52
2017-07-06,198,automotivo,27.38
2017-07-07,199,automotivo,30.61
2017-07-08,200,automotivo,31.66
2017-07-09,201,automotivo,29.14
2017-07-10,202,automotivo,33.33
2017-07-11,203,automotivo,34.56
2017-07-12,204,automotivo,33.76
2017-07-13,205,automotivo,34.41
2017-07-14,206,automotivo,36.77
2017-07-15,207,automotivo,37.44
2017-07-16,208,automotivo,38.24
2017-07-17,209,automotivo,35.27
2017-07-18,210,automotivo,35.07
2017-07-19,211,automotivo,34.9
2017-07-20,212,automotivo,34.79
2017-07-21,213,automotivo,35.71
2017-07-23,215,automotivo,34.47
2017-07-24,216,automotivo,34.39
2017-07-25,217,automotivo,31.34
2017-07-26,218,automotivo,28.42
2017-07-27,219,automotivo,29.85
2017-07-28,220,automotivo,30.01
2017-07-29,221,automotivo,28.3
2017-07-30,222,automotivo,29.78
2017-07-31,223,automotivo,28.86
2017-08-01,224,automotivo,18.17
2017-08-02,225,automotivo,19.82
2017-08-03,226,automotivo,18.77
2017-08-04,227,automotivo,18.73
2017-08-05,228,automotivo,21.68
2017-08-06,229,automotivo,19.95
2017-08-07,230,automotivo,20.48
2017-08-08,231,automotivo,23.32
2017-08-09,232,automotivo,23.39
2017-08-10,233,automotivo,22.59
2017-08-11,234,automotivo,24.34
2017-08-12,235,automotivo,22.47
2017-08-13,236,automotivo,24.5
2017-08-14,237,automotivo,26.29
2017-08-15,238,automotivo,24.9
2017-08-16,239,automotivo,27.12
2017-08-17,240,automotivo,28.06
2017-08-18,241,automotivo,27.19
2017-08-19,242,automotivo,27.85
2017-08-20,243,automotivo,26.94
2017-08-21,244,automotivo,23.48
2017-08-22,245,automotivo,23.06
2017-08-23,246,automotivo,19.72
2017-08-24,247,automotivo,22.12
2017-08-25,248,automotivo,20.57
2017-08-26,249,automotivo,18.57
2017-08-27,250,automotivo,17.71
2017-08-28,251,automotivo,17.49
2017-08-29,252,automotivo,17.24
2017-08-30,253,automotivo,18.73
2017-08-31,254,automotivo,19.09
2017-09-01,255,automotivo,15.98
2017-09-02,256,automotivo,18.67
2017-09-03,257,automotivo,16.02
2017-09-04,258,automotivo,19.25
2017-09-05,259,automotivo,20.14
2017-09-06,260,automotivo,21.38
2017-09-08,262,automotivo,21.85
2017-09-09,263,automotivo,22.32
2017-09-10,264,automotivo,21.58
2017-09-11,265,automotivo,20.8
2017-09-12,266,automotivo,21.52
2017-09-13,267,automotivo,20.48
2017-09-14,268,automotivo,20.2
2017-09-15,269,automotivo,19.06
2017-09-16,270,automotivo,19.99
2017-09-17,271,automotivo,19.21
2017-09-18,272,automotivo,18.85
2017-09-19,273,automotivo,19.52
2017-09-20,274,automotivo,19.64
2017-09-21,275,automotivo,24.26
2017-09-22,276,automotivo,24.51
2017-09-23,277,automotivo,23.26
2017-09-24,278,automotivo,24.82
2017-09-25,279,automotivo,24.63
2017-09-26,280,automotivo,24.75
2017-09-27,281,automotivo,25.56
2017-09-28,282,automotivo,25.09
2017-09-29,283,automotivo,21.72
2017-09-30,284,automotivo,21.25
2017-10-01,285,automotivo,21.44
2017-10-02,286,automotivo,20.15
2017-10-03,287,automotivo,22.96
2017-10-04,288,automotivo,24.09
2017-10-05,289,automotivo,24.15
2017-10-06,290,automotivo,21.3
2017-10-07,291,automotivo,21.08
2017-10-08,292,automotivo,22.7
2017-10-09,293,automotivo,23.47
2017-10-10,294,automotivo,23.62
2017-10-11,295,automotivo,24.68
2017-10-12,296,automotivo,24.5
2017-10-13,297,automotivo,24.62
2017-10-14,298,automotivo,22.58
2017-10-15,299,automotivo,22.66
2017-10-16,300,automotivo,23.08
2017-10-17,301,automotivo,22.1
2017-10-18,302,automotivo,21.59
2017-10-19,303,automotivo,21.93
2017-10-20,304,automotivo,24.16
2017-10-21,305,automotivo,23.73
2017-10-22,306,automotivo,24.96
2017-10-23,307,automotivo,25.35
2017-10-24,308,automotivo,23.88
2017-10-25,309,automotivo,21.39
2017-10-26,310,automotivo,20.69
2017-10-27,311,automotivo,22.74
2017-10-28,312,automotivo,21.3
2017-10-29,313,automotivo,24.78
2017-10-30,314,automotivo,22.15
2017-10-31,315,automotivo,22.89
2017-11-01,316,automotivo,35.92
2017-11-02,317,automotivo,37.23
2017-11-03,318,automotivo,41.36
2017-11-04,319,automotivo,44.89
2017-11-05,320,automotivo,47.93
2017-11-06,321,automotivo,47.2
2017-11-07,322,automotivo,48.81
2017-11-08,323,automotivo,45.22
2017-11-09,324,automotivo,44.98
2017-11-10,325,automotivo,44.81
2017-11-11,326,automotivo,42.86
2017-11-12,327,automotivo,40.03
2017-11-13,328,automotivo,38.49
2017-11-14,329,automotivo,38.25
2017-11-15,330,automotivo,37.2
2017-11-16,331,automotivo,38.29
2017-11-17,332,automotivo,36.1
2017-11-18,333,automotivo,36.57
2017-11-19,334,automotivo,36.75
2017-11-20,335,automotivo,34.62
2017-11-21,336,automotivo,34.77
2017-11-22,337,automotivo,35.22
2017-11-23,338,automotivo,36.23
2017-11-24,339,automotivo,35.9
2017-11-25,340,automotivo,34.65
2017-11-26,341,automotivo,35.15
2017-11-27,342,automotivo,37.97
2017-11-28,343,automotivo,38.93
2017-11-29,344,automotivo,39.56
2017-11-30,345,automotivo,40.67
2017-12-01,346,automotivo,56.0
2017-12-02,347,automotivo,57.47
2017-12-03,348,automotivo,57.96
2017-12-04,349,automotivo,59.08
2017-12-05,350,automotivo,59.76
2017-12-06,351,automotivo,56.33
2017-12-07,352,automotivo,55.12
2017-12-08,353,automotivo,52.42
2017-12-09,354,automotivo,53.12
2017-12-10,355,automotivo,54.13
2017-12-11,356,automotivo,54.07
2017-12-12,357,automotivo,50.98
2017-12-13,358,automotivo,49.43
2017-12-14,359,automotivo,47.05
2017-12-15,360,automotivo,46.31
2017-12-16,361,automotivo,44.31
2017-12-17,362,automotivo,44.17
2017-12-18,363,automotivo,48.37
2017-12-19,364,automotivo,49.99
2017-12-20,365,automotivo,49.68
2017-12-21,366,automotivo,49.57
2017-12-22,367,automotivo,52.04
2017-12-23,368,automotivo,50.33
2017-12-24,369,automotivo,51.36
2017-12-25,370,automotivo,53.68
2017-12-26,371,automotivo,58.53
2017-12-27,372,automotivo,58.5
2017-12-28,373,automotivo,56.24
2017-12-29,374,automotivo,53.32
2018-01-01,377,automotivo,68.55
2018-01-02,378,automotivo,69.05
2018-01-03,379,automotivo,68.98
2018-01-04,380,automotivo,71.28
2018-01-05,381,automotivo,70.04
2018-01-06,382,automotivo,70.94
2018-01-07,383,automotivo,69.24
2018-01-08,384,automotivo,69.39
2018-01-09,385,automotivo,68.8
2018-01-10,386,automotivo,67.05
2018-01-11,387,automotivo,69.1
2018-01-12,388,automotivo,70.29
2018-01-13,389,automotivo,69.58
2018-01-14,390,automotivo,68.64
2018-01-15,391,automotivo,70.24
2018-01-16,392,automotivo,66.72
2018-01-17,393,automotivo,66.47
2018-01-18,394,automotivo,67.48
2018-01-19,395,automotivo,66.94
2018-01-20,396,automotivo,70.17
2018-01-21,397,automotivo,67.6
2018-01-22,398,automotivo,67.34
2018-01-23,399,automotivo,67.68
2018-01-24,400,automotivo,65.77
2018-01-25,401,automotivo,66.58
2018-01-26,402,automotivo,67.6
2018-01-27,403,automotivo,67.33
2018-01-28,404,automotivo,66.69
2018-01-29,405,automotivo,69.55
2018-01-30,406,automotivo,68.07
2018-01-31,407,automotivo,69.79
2018-02-01,408,automotivo,81.23
2018-02-02,409,automotivo,82.13
2018-02-03,410,automotivo,84.29
2018-02-04,411,automotivo,82.55
2018-02-05,412,automotivo,82.49
2018-02-06,413,automotivo,83.59
2018-02-07,414,automotivo,82.16
2018-02-08,415,automotivo,77.45
2018-02-09,416,automotivo,79.2
2018-02-10,417,automotivo,80.24
2018-02-11,418,automotivo,77.02
2018-02-12,419,automotivo,75.08
2018-02-13,420,automotivo,75.66
2018-02-14,421,automotivo,78.55
2018-02-15,422,automotivo,79.6
2018-02-16,423,automotivo,78.7
2018-02-17,424,automotivo,79.79
2018-02-18,425,automotivo,84.88
2018-02-19,426,automotivo,83.66
2018-02-20,427,automotivo,81.72
2018-02-21,428,automotivo,83.98
2018-02-22,429,automotivo,84.1
2018-02-23,430,automotivo,83.57
2018-02-24,431,automotivo,83.12
2018-02-25,432,automotivo,83.52
2018-02-26,433,automotivo,84.14
2018-02-27,434,automotivo,84.06
2018-02-28,435,automotivo,80.67
2018-03-01,436,automotivo,86.7
2018-03-02,437,automotivo,87.6
2018-03-03,438,automotivo,88.01
2018-03-04,439,automotivo,92.92
2018-03-05,440,automotivo,93.18
2018-03-06,441,automotivo,90.45
2018-03-07,442,automotivo,89.63
2018-03-08,443,automotivo,91.32
2018-03-09,444,automotivo,91.85
2018-03-10,445,automotivo,92.05
2018-03-11,446,automotivo,92.14
2018-03-12,447,automotivo,91.51
2018-03-13,448,automotivo,93.96
2018-03-14,449,automotivo,91.54
2018-03-15,450,automotivo,90.72
2018-03-16,451,automotivo,93.16
2018-03-17,452,automotivo,93.79
2018-03-18,453,automotivo,93.5
2018-03-19,454,automotivo,93.99
2018-03-20,455,automotivo,94.73
2018-03-21,456,automotivo,92.96
2018-03-22,457,automotivo,95.0
2018-03-23,458,automotivo,92.47
2018-03-24,459,automotivo,90.78
2018-03-25,460,automotivo,90.24
2018-03-26,461,automotivo,89.29
2018-03-27,462,automotivo,91.68
2018-03-28,463,automotivo,89.49
2018-03-29,464,automotivo,89.0
2018-03-30,465,automotivo,91.7
2018-03-31,466,automotivo,92.41
2018-04-01,467,automotivo,87.61
2018-04-02,468,automotivo,86.81
2018-04-03,469,automotivo,87.84
2018-04-04,470,automotivo,88.79
2018-04-05,471,automotivo,89.5
2018-04-06,472,automotivo,88.53
2018-04-07,473,automotivo,92.87
2018-04-08,474,automotivo,93.57
2018-04-09,475,automotivo,92.35
2018-04-10,476,automotivo,92.73
2018-04-11,477,automotivo,91.84
2018-04-12,478,automotivo,93.53
2018-04-13,479,automotivo,92.74
2018-04-14,480,automotivo,93.21
2018-04-15,481,automotivo,93.65
2018-04-16,482,automotivo,91.14
2018-04-17,483,automotivo,89.49
2018-04-18,484,automotivo,90.41
2018-04-19,485,automotivo,89.94
2018-04-20,486,automotivo,87.29
2018-04-21,487,automotivo,87.04
2018-04-22,488,automotivo,88.22
2018-04-23,489,automotivo,88.59
2018-04-24,490,automotivo,87.28
2018-04-25,491,automotivo,85.2
2018-04-26,492,automotivo,87.41
2018-04-27,493,automotivo,86.77
2018-04-28,494,automotivo,85.0
2018-04-29,495,automotivo,84.77
2018-04-30,496,automotivo,86.85
2018-05-01,497,automotivo,75.1
2018-05-02,498,automotivo,75.53
2018-05-03,499,automotivo,75.23
2018-05-04,500,automotivo,77.88
2018-05-05,501,automotivo,80.31
2018-05-06,502,automotivo,80.55
2018-05-07,503,automotivo,79.45
2018-05-08,504,automotivo,80.26
2018-05-09,505,automotivo,80.71
2018-05-10,506,automotivo,80.17
2018-05-11,507,automotivo,81.68
2018-05-12,508,automotivo,78.46
2018-05-13,509,automotivo,80.29
2018-05-14,510,automotivo,78.37
2018-05-15,511,automotivo,76.88
2018-05-16,512,automotivo,76.09
2018-05-17,513,automotivo,76.35
2018-05-18,514,automotivo,76.62
2018-05-19,515,automotivo,76.14
2018-05-20,516,automotivo,78.28
2018-05-21,517,automotivo,76.37
2018-05-22,518,automotivo,77.96
2018-05-23,519,automotivo,78.89
2018-05-24,520,automotivo,78.32
2018-05-25,521,automotivo,77.34
2018-05-26,522,automotivo,77.67
2018-05-27,523,automotivo,78.23
2018-05-28,524,automotivo,78.01
2018-05-29,525,automotivo,79.19
2018-05-30,526,automotivo,78.97
2018-05-31,527,automotivo,81.9
2018-06-01,528,automotivo,66.67
2018-06-02,529,automotivo,64.17
2018-06-03,530,automotivo,66.18
2018-06-04,531,automotivo,69.26
2018-06-05,532,automotivo,68.55
2018-06-06,533,automotivo,67.26
2018-06-07,534,automotivo,68.19
2018-06-08,535,automotivo,67.53
2018-06-09,536,automotivo,64.3
2018-06-10,537,automotivo,64.05
2018-06-11,538,automotivo,62.99
2018-06-12,539,automotivo,63.22
2018-06-13,540,automotivo,62.88
2018-06-14,541,automotivo,60.93
2018-06-15,542,automotivo,61.97
2018-06-16,543,automotivo,62.66
2018-06-17,544,automotivo,62.01
2018-06-18,545,automotivo,61.91
2018-06-19,546,automotivo,65.37
2018-06-20,547,automotivo,65.15
2018-06-21,548,automotivo,64.74
2018-06-22,549,automotivo,66.17
2018-06-23,550,automotivo,65.2
2018-06-24,551,automotivo,65.98
2018-06-25,552,automotivo,65.63
2018-06-26,553,automotivo,68.35
2018-06-27,554,automotivo,67.54
2018-06-28,555,automotivo,67.49
2018-06-29,556,automotivo,66.66
2018-06-30,557,automotivo,65.63
2018-07-01,558,automotivo,52.11
2018-07-02,559,automotivo,49.0
2018-07-03,560,automotivo,48.44
2018-07-04,561,automotivo,46.3
2018-07-05,562,automotivo,47.04
2018-07-06,563,automotivo,46.94
2018-07-07,564,automotivo,47.14
2018-07-08,565,automotivo,47.4
2018-07-09,566,automotivo,47.56
2018-07-10,567,automotivo,49.33
2018-07-11,568,automotivo,47.36
2018-07-12,569,automotivo,49.58
2018-07-13,570,automotivo,52.01
2018-07-14,571,automotivo,53.91
2018-07-15,572,automotivo,53.07
2018-07-16,573,automotivo,52.29
2018-07-17,574,automotivo,49.3
2018-07-18,575,automotivo,50.35
2018-07-19,576,automotivo,49.55
2018-07-20,577,automotivo,46.1
2018-07-21,578,automotivo,47.84
2018-07-22,579,automotivo,49.22
2018-07-23,580,automotivo,47.97
2018-07-24,581,automotivo,48.56
2018-07-25,582,automotivo,50.28
2018-07-26,583,automotivo,50.7
2018-07-27,584,automotivo,55.84
2018-07-28,585,automotivo,55.97
2018-07-29,586,automotivo,56.88
2018-07-30,587,automotivo,57.2
2018-07-31,588,automotivo,56.36
2018-08-01,589,automotivo,42.39
2018-08-02,590,automotivo,45.15
2018-08-03,591,automotivo,43.88
2018-08-04,592,automotivo,42.19
2018-08-05,593,automotivo,41.35
2018-08-06,594,automotivo,39.53
2018-08-07,595,automotivo,40.7
2018-08-08,596,automotivo,39.94
2018-08-09,597,automotivo,42.1
2018-08-10,598,automotivo,41.57
2018-08-11,599,automotivo,41.07
2018-08-12,600,automotivo,37.86
2018-08-13,601,automotivo,38.08
2018-08-14,602,automotivo,37.48
2018-08-15,603,automotivo,36.08
2018-08-16,604,automotivo,34.44
2018-08-17,605,automotivo,32.41
2018-08-18,606,automotivo,31.43
2018-08-19,607,automotivo,32.15
2018-08-20,608,automotivo,33.16
2018-08-21,609,automotivo,33.06
2018-08-22,610,automotivo,33.47
2018-08-23,611,automotivo,32.68
2018-08-24,612,automotivo,33.61
2018-08-25,613,automotivo,36.05
2018-08-26,614,automotivo,35.55
2018-08-27,615,automotivo,35.84
2018-08-28,616,automotivo,37.47
2016-10-02,5,bebes,9.0
2016-10-04,7,bebes,6.67
2016-10-05,8,bebes,5.74
2016-10-06,9,bebes,6.49
2016-10-07,10,bebes,8.09
2016-10-08,11,bebes,5.0
2017-01-05,16,bebes,49.29
2017-01-11,22,bebes,46.52
2017-01-12,23,bebes,46.82
2017-01-17,28,bebes,49.63
2017-01-18,29,bebes,52.54
2017-01-19,30,bebes,54.42
2017-01-20,31,bebes,55.3
2017-01-22,33,bebes,52.48
2017-01-24,35,bebes,51.09
2017-01-26,37,bebes,52.77
2017-01-27,38,bebes,50.59
2017-01-28,39,bebes,51.06
2017-01-29,40,bebes,51.04
2017-01-30,41,bebes,48.92
2017-01-31,42,bebes,47.14
2017-02-01,43,bebes,59.29
2017-02-04,46,bebes,60.92
2017-02-05,47,bebes,62.24
2017-02-07,49,bebes,64.82
2017-02-08,50,bebes,65.01
2017-02-09,51,bebes,66.26
2017-02-10,52,bebes,67.31
2017-02-11,53,bebes,67.55
2017-02-12,54,bebes,69.01
2017-02-13,55,bebes,70.17
2017-02-14,56,bebes,69.3
2017-02-15,57,bebes,69.27
2017-02-16,58,bebes,69.26
2017-02-18,60,bebes,67.77
2017-02-20,62,bebes,67.9
2017-02-23,65,bebes,67.69
2017-02-24,66,bebes,66.76
2017-02-25,67,bebes,64.3
2017-02-27,69,bebes,62.58
2017-02-28,70,bebes,62.41
2017-03-01,71,bebes,67.61
2017-03-04,74,bebes,66.02
2017-03-05,75,bebes,68.94
2017-03-06,76,bebes,67.84
2017-03-09,79,bebes,69.08
2017-03-10,80,bebes,69.89
2017-03-12,82,bebes,69.34
2017-03-13,83,bebes,73.73
2017-03-15,85,bebes,73.02
2017-03-16,86,bebes,74.06
2017-03-17,87,bebes,75.11
2017-03-18,88,bebes,75.59
2017-03-20,90,bebes,75.8
2017-03-21,91,bebes,76.58
2017-03-23,93,bebes,75.83
2017-03-25,95,bebes,75.69
2017-03-27,97,bebes,76.35
2017-03-28,98,bebes,75.27
2017-03-29,99,bebes,77.68
2017-03-30,100,bebes,74.57
2017-04-02,103,bebes,70.75
2017-04-03,104,bebes,69.63
2017-04-04,105,bebes,69.26
2017-04-06,107,bebes,70.95
2017-04-08,109,bebes,69.37
2017-04-09,110,bebes,68.63
2017-04-10,111,bebes,67.54
2017-04-11,112,bebes,66.38
2017-04-14,115,bebes,65.13
2017-04-16,117,bebes,68.18
2017-04-18,119,bebes,68.24
2017-04-19,120,bebes,71.93
2017-04-20,121,bebes,70.09
2017-04-21,122,bebes,68.56
2017-04-22,123,bebes,67.92
2017-04-23,124,bebes,67.51
2017-04-24,125,bebes,70.02
2017-04-26,127,bebes,72.25
2017-04-27,128,bebes,71.2
2017-04-28,129,bebes,69.63
2017-04-30,131,bebes,68.1
2017-05-01,132,bebes,55.26
2017-05-02,133,bebes,55.03
2017-05-03,134,bebes,55.83
2017-05-04,135,bebes,57.32
2017-05-05,136,bebes,58.32
2017-05-06,137,bebes,57.88
2017-05-07,138,bebes,56.03
2017-05-08,139,bebes,57.03
2017-05-09,140,bebes,57.66
2017-05-10,141,bebes,57.64
2017-05-11,142,bebes,56.93
2017-05-12,143,bebes,57.64
2017-05-13,144,bebes,59.09
2017-05-14,145,bebes,60.37
2017-05-15,146,bebes,60.09
2017-05-16,147,bebes,60.33
2017-05-17,148,bebes,59.98
2017-05-18,149,bebes,61.94
2017-05-19,150,bebes,62.57
2017-05-20,151,bebes,62.6
2017-05-21,152,bebes,63.63
2017-05-22,153,bebes,62.13
2017-05-23,154,bebes,58.95
2017-05-24,155,bebes,56.93
2017-05-26,157,bebes,57.51
2017-05-27,158,bebes,58.79
2017-05-28,159,bebes,61.89
2017-05-29,160,bebes,61.31
2017-05-30,161,bebes,61.52
2017-05-31,162,bebes,59.57
2017-06-01,163,bebes,42.64
2017-06-02,164,bebes,43.63
2017-06-03,165,bebes,44.28
2017-06-04,166,bebes,45.56
2017-06-05,167,bebes,44.88
2017-06-07,169,bebes,40.54
2017-06-09,171,bebes,38.83
2017-06-10,172,bebes,36.86
2017-06-11,173,bebes,36.61
2017-06-12,174,bebes,41.26
2017-06-13,175,bebes,40.87
2017-06-14,176,bebes,38.86
2017-06-15,177,bebes,39.31
2017-06-16,178,bebes,40.87
2017-06-17,179,bebes,43.81
2017-06-18,180,bebes,44.76
2017-06-19,181,bebes,44.52
2017-06-20,182,bebes,45.29
2017-06-21,183,bebes,44.94
2017-06-22,184,bebes,45.67
2017-06-24,186,bebes,45.04
2017-06-25,187,bebes,48.4
2017-06-26,188,bebes,49.35
2017-06-27,189,bebes,49.38
2017-06-28,190,bebes,47.23
2017-06-29,191,bebes,49.11
2017-06-30,192,bebes,48.12
2017-07-01,193,bebes,33.23
2017-07-02,194,bebes,33.01
2017-07-03,195,bebes,30.67
2017-07-04,196,bebes,32.07
2017-07-05,197,bebes,32.27
2017-07-06,198,bebes,31.74
2017-07-07,199,bebes,31.84
2017-07-08,200,bebes,31.72
2017-07-09,201,bebes,29.31
2017-07-10,202,bebes,31.33
2017-07-11,203,bebes,29.99
2017-07-12,204,bebes,29.68
2017-07-13,205,bebes,28.29
2017-07-14,206,bebes,30.41
2017-07-15,207,bebes,27.49
2017-07-16,208,bebes,31.3
2017-07-17,209,bebes,31.28
2017-07-18,210,bebes,31.66
2017-07-19,211,bebes,33.75
2017-07-20,212,bebes,32.65
2017-07-21,213,bebes,34.4
2017-07-22,214,bebes,36.0
2017-07-23,215,bebes,37.42
2017-07-24,216,bebes,35.95
2017-07-25,217,bebes,38.3
2017-07-26,218,bebes,34.46
2017-07-27,219,bebes,33.03
2017-07-28,220,bebes,34.17
2017-07-29,221,bebes,34.99
2017-07-30,222,bebes,31.23
2017-07-31,223,bebes,31.44
2017-08-01,224,bebes,19.39
2017-08-02,225,bebes,18.77
2017-08-03,226,bebes,18.25
2017-08-04,227,bebes,19.88
2017-08-05,228,bebes,21.24
2017-08-06,229,bebes,20.61
2017-08-07,230,bebes,19.8
2017-08-08,231,bebes,18.0
2017-08-09,232,bebes,19.91
2017-08-10,233,bebes,18.45
2017-08-11,234,bebes,19.29
2017-08-12,235,bebes,20.5
2017-08-13,236,bebes,21.63
2017-08-14,237,bebes,21.21
2017-08-15,238,bebes,20.76
2017-08-16,239,bebes,20.97
2017-08-17,240,bebes,21.05
2017-08-18,241,bebes,23.21
2017-08-19,242,bebes,25.8
2017-08-20,243,bebes,28.01
2017-08-21,244,bebes,27.88
2017-08-22,245,bebes,27.22
2017-08-23,246,bebes,27.94
2017-08-24,247,bebes,27.11
2017-08-25,248,bebes,25.51
2017-08-26,249,bebes,26.13
2017-08-27,250,bebes,24.79
2017-08-28,251,bebes,23.1
2017-08-29,252,bebes,22.09
2017-08-30,253,bebes,19.79
2017-08-31,254,bebes,18.65
2017-09-01,255,bebes,11.8
2017-09-02,256,bebes,10.84
2017-09-03,257,bebes,10.93
2017-09-04,258,bebes,11.07
2017-09-05,259,bebes,12.1
2017-09-06,260,bebes,14.15
2017-09-07,261,bebes,13.1
2017-09-08,262,bebes,12.42
2017-09-09,263,bebes,12.51
2017-09-10,264,bebes,11.81
2017-09-11,265,bebes,15.1
2017-09-12,266,bebes,14.67
2017-09-13,267,bebes,14.41
2017-09-14,268,bebes,13.06
2017-09-15,269,bebes,13.09
2017-09-16,270,bebes,10.57
2017-09-17,271,bebes,12.6
2017-09-18,272,bebes,13.89
2017-09-19,273,bebes,16.47
2017-09-20,274,bebes,16.09
2017-09-21,275,bebes,11.58
2017-09-22,276,bebes,12.09
2017-09-23,277,bebes,14.59
2017-09-24,278,bebes,18.49
2017-09-25,279,bebes,18.05
2017-09-26,280,bebes,18.99
2017-09-27,281,bebes,19.93
2017-09-28,282,bebes,18.5
2017-09-29,283,bebes,17.51
2017-09-30,284,bebes,19.72
2017-10-01,285,bebes,28.85
2017-10-02,286,bebes,31.96
2017-10-03,287,bebes,30.35
2017-10-04,288,bebes,28.33
2017-10-05,289,bebes,28.11
2017-10-06,290,bebes,26.65
2017-10-07,291,bebes,24.93
2017-10-08,292,bebes,25.65
2017-10-09,293,bebes,24.52
2017-10-10,294,bebes,24.16
2017-10-11,295,bebes,21.98
2017-10-12,296,bebes,20.1
2017-10-13,297,bebes,19.69
2017-10-14,298,bebes,20.34
2017-10-15,299,bebes,20.03
2017-10-16,300,bebes,22.37
2017-10-17,301,bebes,24.23
2017-10-18,302,bebes,23.74
2017-10-19,303,bebes,23.64
2017-10-20,304,bebes,23.16
2017-10-21,305,bebes,22.59
2017-10-22,306,bebes,20.35
2017-10-23,307,bebes,19.84
2017-10-24,308,bebes,20.94
2017-10-25,309,bebes,21.7
2017-10-26,310,bebes,21.8
2017-10-27,311,bebes,21.89
2017-10-28,312,bebes,22.81
2017-10-29,313,bebes,24.11
2017-10-30,314,bebes,24.4
2017-10-31,315,bebes,26.37
2017-11-01,316,bebes,38.28
2017-11-02,317,bebes,36.01
2017-11-03,318,bebes,34.87
2017-11-04,319,bebes,36.3
2017-11-05,320,bebes,37.23
2017-11-06,321,bebes,37.42
2017-11-07,322,bebes,39.11
2017-11-08,323,bebes,38.81
2017-11-09,324,bebes,39.22
2017-11-10,325,bebes,38.23
2017-11-11,326,bebes,38.6
2017-11-12,327,bebes,42.28
2017-11-13,328,bebes,43.92
2017-11-14,329,bebes,42.13
2017-11-15,330,bebes,40.55
2017-11-16,331,bebes,39.46
2017-11-17,332,bebes,38.77
2017-11-18,333,bebes,37.0
2017-11-19,334,bebes,34.1
2017-11-20,335,bebes,34.24
2017-11-21,336,bebes,33.22
2017-11-22,337,bebes,31.95
2017-11-23,338,bebes,30.4
2017-11-24,339,bebes,30.08
2017-11-25,340,bebes,32.4
2017-11-26,341,bebes,32.84
2017-11-27,342,bebes,32.54
2017-11-28,343,bebes,35.05
2017-11-29,344,bebes,36.48
2017-11-30,345,bebes,38.42
2017-12-01,346,bebes,55.64
2017-12-02,347,bebes,57.1
2017-12-03,348,bebes,56.06
2017-12-04,349,bebes,54.81
2017-12-05,350,bebes,54.11
2017-12-06,351,bebes,54.23
2017-12-07,352,bebes,52.86
2017-12-08,353,bebes,51.14
2017-12-09,354,bebes,53.89
2017-12-10,355,bebes,51.3
2017-12-11,356,bebes,53.39
2017-12-12,357,bebes,51.59
2017-12-13,358,bebes,53.67
2017-12-14,359,bebes,55.18
2017-12-15,360,bebes,54.98
2017-12-16,361,bebes,53.95
2017-12-17,362,bebes,54.88
2017-12-18,363,bebes,56.02
2017-12-19,364,bebes,53.55
2017-12-20,365,bebes,55.89
2017-12-21,366,bebes,53.39
2017-12-22,367,bebes,54.25
2017-12-23,368,bebes,52.37
2017-12-24,369,bebes,49.78
2017-12-25,370,bebes,48.89
2017-12-26,371,bebes,52.45
2017-12-27,372,bebes,53.63
2017-12-28,373,bebes,53.62
2017-12-30,375,bebes,54.55
2017-12-31,376,bebes,53.76
2018-01-01,377,bebes,70.88
2018-01-02,378,bebes,69.81
2018-01-03,379,bebes,72.36
2018-01-04,380,bebes,76.31
2018-01-05,381,bebes,77.44
2018-01-06,382,bebes,75.16
2018-01-07,383,bebes,74.31
2018-01-08,384,bebes,75.18
2018-01-09,385,bebes,76.25
2018-01-10,386,bebes,75.86
2018-01-11,387,bebes,74.59
2018-01-12,388,bebes,76.17
2018-01-13,389,bebes,76.74
2018-01-14,390,bebes,74.48
2018-01-15,391,bebes,71.94
2018-01-16,392,bebes,71.67
2018-01-17,393,bebes,71.77
2018-01-18,394,bebes,71.23
2018-01-19,395,bebes,70.88
2018-01-20,396,bebes,71.09
2018-01-21,397,bebes,73.59
2018-01-22,398,bebes,71.63
2018-01-23,399,bebes,68.87
2018-01-24,400,bebes,70.27
2018-01-25,401,bebes,70.12
2018-01-26,402,bebes,69.77
2018-01-27,403,bebes,71.74
2018-01-28,404,bebes,71.61
2018-01-29,405,bebes,71.65
2018-01-30,406,bebes,70.48
2018-01-31,407,bebes,68.04
2018-02-01,408,bebes,81.12
2018-02-02,409,bebes,81.78
2018-02-03,410,bebes,83.48
2018-02-04,411,bebes,86.15
2018-02-05,412,bebes,85.09
2018-02-06,413,bebes,83.47
2018-02-07,414,bebes,84.1
2018-02-08,415,bebes,85.23
2018-02-09,416,bebes,88.66
2018-02-10,417,bebes,88.24
2018-02-11,418,bebes,87.78
2018-02-12,419,bebes,86.72
2018-02-13,420,bebes,84.98
2018-02-14,421,bebes,84.93
2018-02-15,422,bebes,87.47
2018-02-16,423,bebes,87.15
2018-02-17,424,bebes,86.23
2018-02-18,425,bebes,85.12
2018-02-19,426,bebes,82.31
2018-02-20,427,bebes,86.05
2018-02-21,428,bebes,85.16
2018-02-22,429,bebes,86.93
2018-02-23,430,bebes,89.66
2018-02-24,431,bebes,89.17
2018-02-25,432,bebes,87.83
2018-02-26,433,bebes,87.55
2018-02-27,434,bebes,87.77
2018-02-28,435,bebes,89.28
2018-03-01,436,bebes,91.94
2018-03-02,437,bebes,91.34
2018-03-03,438,bebes,91.61
2018-03-04,439,bebes,91.13
2018-03-05,440,bebes,88.28
2018-03-06,441,bebes,89.03
2018-03-07,442,bebes,87.41
2018-03-08,443,bebes,88.44
2018-03-09,444,bebes,91.11
2018-03-10,445,bebes,87.92
2018-03-11,446,bebes,90.83
2018-03-12,447,bebes,88.28
2018-03-13,448,bebes,90.53
2018-03-14,449,bebes,90.93
2018-03-15,450,bebes,90.73
2018-03-16,451,bebes,90.67
2018-03-17,452,bebes,94.76
2018-03-18,453,bebes,94.04
2018-03-19,454,bebes,92.55
2018-03-20,455,bebes,92.69
2018-03-21,456,bebes,91.39
2018-03-22,457,bebes,92.79
2018-03-23,458,bebes,94.1
2018-03-24,459,bebes,94.55
2018-03-25,460,bebes,95.0
2018-03-26,461,bebes,94.48
2018-03-27,462,bebes,90.91
2018-03-28,463,bebes,91.91
2018-03-29,464,bebes,92.16
2018-03-30,465,bebes,93.21
2018-03-31,466,bebes,93.85
2018-04-01,467,bebes,89.42
2018-04-02,468,bebes,87.2
2018-04-03,469,bebes,86.76
2018-04-04,470,bebes,89.67
2018-04-05,471,bebes,89.44
2018-04-06,472,bebes,90.55
2018-04-07,473,bebes,89.12
2018-04-08,474,bebes,89.02
2018-04-09,475,bebes,89.39
2018-04-10,476,bebes,89.24
2018-04-11,477,bebes,90.55
2018-04-12,478,bebes,92.8
2018-04-13,479,bebes,92.23
2018-04-14,480,bebes,87.58
2018-04-15,481,bebes,89.12
2018-04-16,482,bebes,88.79
2018-04-17,483,bebes,90.55
2018-04-18,484,bebes,87.39
2018-04-19,485,bebes,88.72
2018-04-20,486,bebes,88.11
2018-04-21,487,bebes,87.47
2018-04-22,488,bebes,85.86
2018-04-23,489,bebes,85.5
2018-04-24,490,bebes,87.28
2018-04-25,491,bebes,86.96
2018-04-26,492,bebes,87.95
2018-04-27,493,bebes,87.76
2018-04-28,494,bebes,92.5
2018-04-29,495,bebes,89.64
2018-04-30,496,bebes,93.05
2018-05-01,497,bebes,80.79
2018-05-02,498,bebes,79.77
2018-05-03,499,bebes,79.38
2018-05-04,500,bebes,79.69
2018-05-05,501,bebes,80.03
2018-05-06,502,bebes,79.81
2018-05-07,503,bebes,80.96
2018-05-08,504,bebes,76.95
2018-05-09,505,bebes,78.85
2018-05-10,506,bebes,75.5
2018-05-11,507,bebes,75.87
2018-05-12,508,bebes,78.04
2018-05-13,509,bebes,79.18
2018-05-14,510,bebes,76.37
2018-05-15,511,bebes,75.57
2018-05-16,512,bebes,76.29
2018-05-17,513,bebes,75.04
2018-05-18,514,bebes,78.28
2018-05-19,515,bebes,77.08
2018-05-20,516,bebes,79.43
2018-05-21,517,bebes,80.47
2018-05-22,518,bebes,77.36
2018-05-23,519,bebes,78.3
2018-05-24,520,bebes,80.84
2018-05-25,521,bebes,80.57
2018-05-26,522,bebes,80.52
2018-05-27,523,bebes,79.52
2018-05-28,524,bebes,77.31
2018-05-29,525,bebes,78.67
2018-05-30,526,bebes,76.64
2018-05-31,527,bebes,73.99
2018-06-01,528,bebes,61.15
2018-06-02,529,bebes,59.47
2018-06-03,530,bebes,60.91
2018-06-04,531,bebes,61.61
2018-06-05,532,bebes,59.21
2018-06-06,533,bebes,59.04
2018-06-07,534,bebes,61.31
2018-06-08,535,bebes,60.17
2018-06-09,536,bebes,60.96
2018-06-10,537,bebes,62.85
2018-06-11,538,bebes,63.03
2018-06-12,539,bebes,64.15
2018-06-13,540,bebes,62.71
2018-06-14,541,bebes,63.9
2018-06-15,542,bebes,68.07
2018-06-16,543,bebes,70.09
2018-06-17,544,bebes,68.83
2018-06-18,545,bebes,69.09
2018-06-19,546,bebes,68.72
2018-06-20,547,bebes,68.84
2018-06-21,548,bebes,68.47
2018-06-22,549,bebes,70.48
2018-06-23,550,bebes,72.02
2018-06-24,551,bebes,68.61
2018-06-25,552,bebes,67.85
2018-06-26,553,bebes,65.56
2018-06-27,554,bebes,65.06
2018-06-28,555,bebes,66.37
2018-06-29,556,bebes,69.78
2018-06-30,557,bebes,72.9
2018-07-01,558,bebes,57.37
2018-07-02,559,bebes,55.55
2018-07-03,560,bebes,55.47
2018-07-04,561,bebes,58.36
2018-07-05,562,bebes,56.79
2018-07-06,563,bebes,60.16
2018-07-07,564,bebes,60.94
2018-07-08,565,bebes,61.29
2018-07-09,566,bebes,59.77
2018-07-10,567,bebes,56.64
2018-07-11,568,bebes,56.97
2018-07-12,569,bebes,56.51
2018-07-13,570,bebes,55.27
2018-07-14,571,bebes,52.97
2018-07-15,572,bebes,53.93
2018-07-16,573,bebes,52.78
2018-07-17,574,bebes,53.11
2018-07-18,575,bebes,54.56
2018-07-19,576,bebes,53.82
2018-07-20,577,bebes,54.17
2018-07-21,578,bebes,51.94
2018-07-22,579,bebes,52.27
2018-07-23,580,bebes,53.81
2018-07-24,581,bebes,56.18
2018-07-25,582,bebes,55.36
2018-07-26,583,bebes,54.41
2018-07-27,584,bebes,52.13
2018-07-28,585,bebes,49.77
2018-07-29,586,bebes,50.89
2018-07-30,587,bebes,50.84
2018-07-31,588,bebes,52.78
2018-08-01,589,bebes,41.78
2018-08-02,590,bebes,41.02
2018-08-03,591,bebes,39.29
2018-08-04,592,bebes,40.52
2018-08-05,593,bebes,41.16
2018-08-06,594,bebes,43.6
2018-08-07,595,bebes,43.46
2018-08-08,596,bebes,39.91
2018-08-09,597,bebes,40.58
2018-08-10,598,bebes,39.48
2018-08-11,599,bebes,38.45
2018-08-12,600,bebes,39.32
2018-08-13,601,bebes,39.69
2018-08-14,602,bebes,40.18
2018-08-15,603,bebes,40.47
2018-08-16,604,bebes,40.75
2018-08-17,605,bebes,39.81
2018-08-18,606,bebes,43.86
2018-08-19,607,bebes,42.92
2018-08-20,608,bebes,43.11
2018-08-21,609,bebes,44.36
2018-08-22,610,bebes,41.49
2018-08-23,611,bebes,42.49
2018-08-24,612,bebes,40.07
2018-08-25,613,bebes,37.79
2018-08-26,614,bebes,35.23
2018-08-27,615,bebes,38.23
2018-08-28,616,bebes,36.1
2017-03-01,71,bebidas,41.11
2017-03-14,84,bebidas,60.4
2017-03-16,86,bebidas,60.69
2017-03-23,93,bebidas,75.16
2017-04-03,104,bebidas,79.8
2017-04-17,118,bebidas,74.29
2017-05-27,158,bebidas,74.14
2017-06-11,173,bebidas,60.33
2017-07-05,197,bebidas,60.09
2017-07-25,217,bebidas,40.44
2017-08-08,231,bebidas,39.26
2017-08-15,238,bebidas,39.41
2017-09-08,262,bebidas,39.71
2017-09-10,264,bebidas,40.54
2017-09-11,265,bebidas,41.06
2017-09-15,269,bebidas,21.53
2017-09-16,270,bebidas,21.62
2017-09-30,284,bebidas,20.64
2017-10-07,291,bebidas,20.37
2017-10-10,294,bebidas,20.38
2017-10-14,298,bebidas,20.06
2017-10-17,301,bebidas,19.75
2017-10-18,302,bebidas,5.79
2017-10-25,309,bebidas,5.48
2017-10-30,314,bebidas,5.0
2017-11-10,325,bebidas,5.72
2017-11-13,328,bebidas,6.43
2017-11-15,330,bebidas,7.05
2017-11-17,332,bebidas,7.35
2017-11-18,333,bebidas,8.43
2017-11-21,336,bebidas,10.11
2017-11-22,337,bebidas,9.97
2017-11-24,339,bebidas,5.98
2017-11-27,342,bebidas,6.4
2017-11-30,345,bebidas,5.78
2017-12-01,346,bebidas,6.74
2017-12-03,348,bebidas,7.6
2017-12-04,349,bebidas,7.35
2017-12-05,350,bebidas,7.05
2017-12-06,351,bebidas,6.75
2017-12-07,352,bebidas,6.22
2017-12-08,353,bebidas,7.36
2017-12-11,356,bebidas,7.15
2017-12-12,357,bebidas,6.99
2017-12-14,359,bebidas,6.97
2017-12-15,360,bebidas,7.17
2017-12-16,361,bebidas,7.04
2017-12-17,362,bebidas,7.63
2017-12-18,363,bebidas,8.21
2017-12-19,364,bebidas,6.82
2017-12-20,365,bebidas,7.04
2017-12-21,366,bebidas,7.13
2017-12-22,367,bebidas,6.97
2017-12-24,369,bebidas,7.47
2017-12-25,370,bebidas,8.12
2017-12-27,372,bebidas,7.92
2017-12-28,373,bebidas,6.74
2017-12-29,374,bebidas,12.06
2017-12-30,375,bebidas,12.06
2017-12-31,376,bebidas,13.14
2018-01-02,378,bebidas,12.71
2018-01-03,379,bebidas,12.39
2018-01-04,380,bebidas,12.97
2018-01-05,381,bebidas,12.16
2018-01-06,382,bebidas,11.5
2018-01-07,383,bebidas,12.26
2018-01-08,384,bebidas,13.71
2018-01-09,385,bebidas,13.06
2018-01-10,386,bebidas,13.64
2018-01-11,387,bebidas,13.3
2018-01-12,388,bebidas,13.74
2018-01-13,389,bebidas,14.06
2018-01-14,390,bebidas,13.53
2018-01-15,391,bebidas,13.4
2018-01-23,399,bebidas,14.01
2018-01-24,400,bebidas,12.56
2018-01-26,402,bebidas,11.36
2018-01-27,403,bebidas,12.14
2018-01-28,404,bebidas,25.4
2018-01-29,405,bebidas,26.16
2018-01-30,406,bebidas,26.94
2018-02-01,408,bebidas,26.51
2018-02-04,411,bebidas,26.86
2018-02-06,413,bebidas,27.67
2018-02-07,414,bebidas,28.42
2018-02-08,415,bebidas,29.06
2018-02-09,416,bebidas,30.04
2018-02-13,420,bebidas,30.44
2018-02-14,421,bebidas,30.21
2018-02-15,422,bebidas,30.4
2018-02-16,423,bebidas,30.13
2018-02-17,424,bebidas,30.1
2018-02-18,425,bebidas,30.07
2018-02-19,426,bebidas,30.25
2018-02-20,427,bebidas,29.93
2018-02-23,430,bebidas,30.58
2018-02-24,431,bebidas,31.59
2018-02-25,432,bebidas,50.05
2018-02-26,433,bebidas,50.04
2018-02-27,434,bebidas,49.79
2018-03-02,437,bebidas,49.78
2018-03-07,442,bebidas,50.16
2018-03-11,446,bebidas,51.05
2018-03-13,448,bebidas,49.97
2018-03-14,449,bebidas,50.56
2018-03-15,450,bebidas,49.67
2018-03-19,454,bebidas,49.38
2018-03-20,455,bebidas,51.05
2018-03-23,458,bebidas,51.48
2018-03-26,461,bebidas,51.07
2018-03-27,462,bebidas,70.33
2018-03-28,463,bebidas,70.32
2018-03-31,466,bebidas,69.54
2018-04-01,467,bebidas,70.4
2018-04-04,470,bebidas,68.98
2018-04-06,472,bebidas,69.39
2018-04-08,474,bebidas,68.09
2018-04-09,475,bebidas,66.74
2018-04-10,476,bebidas,68.09
2018-04-11,477,bebidas,67.76
2018-04-12,478,bebidas,67.81
2018-04-13,479,bebidas,67.95
2018-04-15,481,bebidas,67.89
2018-04-19,485,bebidas,68.41
2018-04-20,486,bebidas,69.78
2018-04-22,488,bebidas,70.19
2018-04-23,489,bebidas,71.22
2018-04-25,491,bebidas,85.37
2018-04-27,493,bebidas,84.27
2018-04-29,495,bebidas,84.45
2018-05-01,497,bebidas,83.59
2018-05-03,499,bebidas,85.51
2018-05-05,501,bebidas,86.47
2018-05-06,502,bebidas,85.31
2018-05-07,503,bebidas,84.44
2018-05-08,504,bebidas,84.47
2018-05-10,506,bebidas,84.3
2018-05-11,507,bebidas,84.88
2018-05-13,509,bebidas,85.17
2018-05-15,511,bebidas,85.79
2018-05-16,512,bebidas,86.53
2018-05-18,514,bebidas,84.97
2018-05-19,515,bebidas,83.06
2018-05-20,516,bebidas,83.78
2018-05-21,517,bebidas,84.13
2018-05-22,518,bebidas,84.03
2018-05-23,519,bebidas,90.62
2018-05-24,520,bebidas,90.59
2018-05-25,521,bebidas,90.64
2018-06-04,531,bebidas,91.32
2018-06-06,533,bebidas,91.48
2018-06-07,534,bebidas,91.75
2018-06-08,535,bebidas,93.45
2018-06-09,536,bebidas,94.83
2018-06-10,537,bebidas,94.75
2018-06-11,538,bebidas,95.0
2018-06-12,539,bebidas,92.84
2018-06-13,540,bebidas,93.02
2018-06-16,543,bebidas,92.75
2018-06-17,544,bebidas,92.06
2018-06-18,545,bebidas,91.69
2018-06-19,546,bebidas,92.09
2018-06-20,547,bebidas,92.34
2018-06-21,548,bebidas,90.53
2018-06-22,549,bebidas,91.28
2018-06-23,550,bebidas,90.68
2018-06-24,551,bebidas,85.45
2018-06-29,556,bebidas,85.09
2018-06-30,557,bebidas,85.51
2018-07-04,561,bebidas,87.22
2018-07-13,570,bebidas,87.71
2018-07-14,571,bebidas,86.44
2018-07-17,574,bebidas,85.67
2018-07-18,575,bebidas,87.05
2018-07-19,576,bebidas,88.29
2018-07-20,577,bebidas,87.86
2018-07-22,579,bebidas,87.58
2018-07-24,581,bebidas,88.86
2018-07-26,583,bebidas,89.34
2018-07-27,584,bebidas,73.54
2018-07-30,587,bebidas,73.67
2018-07-31,588,bebidas,73.03
2018-08-01,589,bebidas,73.43
2018-08-02,590,bebidas,73.11
2018-08-03,591,bebidas,72.52
2018-08-04,592,bebidas,72.93
2018-08-05,593,bebidas,74.13
2018-08-06,594,bebidas,72.61
2018-08-07,595,bebidas,72.61
2018-08-08,596,bebidas,72.67
2018-08-09,597,bebidas,72.2
2018-08-10,598,bebidas,73.22
2018-08-11,599,bebidas,73.67
2018-08-14,602,bebidas,74.05
2018-08-15,603,bebidas,73.46
2018-08-17,605,bebidas,74.14
2018-08-22,610,bebidas,73.34
2018-08-26,614,bebidas,73.78
2018-08-27,615,bebidas,73.68
2016-09-15,4,beleza_saude,8.35
2016-10-04,7,beleza_saude,13.62
2016-10-05,8,beleza_saude,10.1
2016-10-06,9,beleza_saude,8.62
2016-10-07,10,beleza_saude,7.28
2016-10-08,11,beleza_saude,5.0
2016-10-09,12,beleza_saude,6.17
2016-10-10,13,beleza_saude,5.14
2017-01-06,17,beleza_saude,52.02
2017-01-07,18,beleza_saude,50.57
2017-01-09,20,beleza_saude,50.31
2017-01-13,24,beleza_saude,48.29
2017-01-15,26,beleza_saude,49.26
2017-01-16,27,beleza_saude,49.85
2017-01-17,28,beleza_saude,52.48
2017-01-18,29,beleza_saude,51.98
2017-01-19,30,beleza_saude,48.04
2017-01-20,31,beleza_saude,49.48
2017-01-21,32,beleza_saude,48.77
2017-01-22,33,beleza_saude,47.23
2017-01-23,34,beleza_saude,45.39
2017-01-24,35,beleza_saude,48.1
2017-01-25,36,beleza_saude,48.16
2017-01-26,37,beleza_saude,45.11
2017-01-27,38,beleza_saude,44.78
2017-01-28,39,beleza_saude,47.11
2017-01-29,40,beleza_saude,50.41
2017-01-30,41,beleza_saude,48.21
2017-01-31,42,beleza_saude,48.82
2017-02-01,43,beleza_saude,62.94
2017-02-02,44,beleza_saude,64.57
2017-02-03,45,beleza_saude,65.73
2017-02-04,46,beleza_saude,65.62
2017-02-05,47,beleza_saude,68.61
2017-02-06,48,beleza_saude,68.1
2017-02-07,49,beleza_saude,68.39
2017-02-08,50,beleza_saude,68.52
2017-02-09,51,beleza_saude,71.05
2017-02-10,52,beleza_saude,71.48
2017-02-11,53,beleza_saude,73.35
2017-02-12,54,beleza_saude,73.17
2017-02-13,55,beleza_saude,71.26
2017-02-14,56,beleza_saude,74.06
2017-02-15,57,beleza_saude,74.91
2017-02-16,58,beleza_saude,73.81
2017-02-18,60,beleza_saude,71.38
2017-02-19,61,beleza_saude,70.91
2017-02-20,62,beleza_saude,70.55
2017-02-21,63,beleza_saude,70.76
2017-02-22,64,beleza_saude,69.4
2017-02-23,65,beleza_saude,71.11
2017-02-24,66,beleza_saude,73.65
2017-02-25,67,beleza_saude,72.15
2017-02-26,68,beleza_saude,72.52
2017-02-27,69,beleza_saude,71.82
2017-02-28,70,beleza_saude,73.01
2017-03-01,71,beleza_saude,79.6
2017-03-02,72,beleza_saude,78.78
2017-03-03,73,beleza_saude,77.49
2017-03-04,74,beleza_saude,76.31
2017-03-05,75,beleza_saude,72.79
2017-03-06,76,beleza_saude,70.46
2017-03-07,77,beleza_saude,69.79
2017-03-08,78,beleza_saude,66.84
2017-03-09,79,beleza_saude,68.24
2017-03-10,80,beleza_saude,68.94
2017-03-11,81,beleza_saude,65.51
2017-03-12,82,beleza_saude,67.8
2017-03-13,83,beleza_saude,69.6
2017-03-14,84,beleza_saude,71.82
2017-03-15,85,beleza_saude,72.43
2017-03-16,86,beleza_saude,74.6
2017-03-17,87,beleza_saude,73.73
2017-03-18,88,beleza_saude,76.73
2017-03-19,89,beleza_saude,76.99
2017-03-20,90,beleza_saude,76.6
2017-03-21,91,beleza_saude,76.31
2017-03-22,92,beleza_saude,73.27
2017-03-23,93,beleza_saude,73.44
2017-03-24,94,beleza_saude,70.95
2017-03-25,95,beleza_saude,72.45
2017-03-26,96,beleza_saude,69.65
2017-03-27,97,beleza_saude,72.2
2017-03-28,98,beleza_saude,69.53
2017-03-29,99,beleza_saude,70.07
2017-03-30,100,beleza_saude,70.22
2017-03-31,101,beleza_saude,70.9
2017-04-01,102,beleza_saude,68.26
2017-04-02,103,beleza_saude,67.89
2017-04-03,104,beleza_saude,68.47
2017-04-04,105,beleza_saude,66.63
2017-04-05,106,beleza_saude,65.93
2017-04-06,107,beleza_saude,65.34
2017-04-07,108,beleza_saude,64.97
2017-04-08,109,beleza_saude,64.44
2017-04-09,110,beleza_saude,63.36
2017-04-10,111,beleza_saude,65.18
2017-04-11,112,beleza_saude,64.1
2017-04-12,113,beleza_saude,63.4
2017-04-13,114,beleza_saude,65.09
2017-04-14,115,beleza_saude,66.88
2017-04-15,116,beleza_saude,69.86
2017-04-16,117,beleza_saude,70.07
2017-04-17,118,beleza_saude,70.17
2017-04-18,119,beleza_saude,71.07
2017-04-19,120,beleza_saude,72.26
2017-04-20,121,beleza_saude,70.13
2017-04-21,122,beleza_saude,70.27
2017-04-22,123,beleza_saude,70.7
2017-04-23,124,beleza_saude,69.64
2017-04-24,125,beleza_saude,69.69
2017-04-25,126,beleza_saude,71.18
2017-04-26,127,beleza_saude,72.03
2017-04-27,128,beleza_saude,72.37
2017-04-28,129,beleza_saude,72.26
2017-04-29,130,beleza_saude,73.23
2017-04-30,131,beleza_saude,75.09
2017-05-01,132,beleza_saude,64.32
2017-05-02,133,beleza_saude,67.02
2017-05-03,134,beleza_saude,68.56
2017-05-04,135,beleza_saude,68.51
2017-05-05,136,beleza_saude,68.07
2017-05-06,137,beleza_saude,66.93
2017-05-07,138,beleza_saude,68.7
2017-05-08,139,beleza_saude,67.51
2017-05-09,140,beleza_saude,67.86
2017-05-10,141,beleza_saude,66.37
2017-05-11,142,beleza_saude,67.0
2017-05-12,143,beleza_saude,65.11
2017-05-13,144,beleza_saude,62.05
2017-05-14,145,beleza_saude,62.26
2017-05-15,146,beleza_saude,58.28
2017-05-16,147,beleza_saude,58.95
2017-05-17,148,beleza_saude,60.12
2017-05-18,149,beleza_saude,59.86
2017-05-19,150,beleza_saude,58.07
2017-05-21,152,beleza_saude,61.69
2017-05-22,153,beleza_saude,59.13
2017-05-23,154,beleza_saude,57.18
2017-05-24,155,beleza_saude,60.94
2017-05-25,156,beleza_saude,63.05
2017-05-26,157,beleza_saude,65.81
2017-05-27,158,beleza_saude,66.36
2017-05-28,159,beleza_saude,67.0
2017-05-29,160,beleza_saude,66.87
2017-05-30,161,beleza_saude,66.14
2017-05-31,162,beleza_saude,65.27
2017-06-01,163,beleza_saude,51.01
2017-06-02,164,beleza_saude,53.15
2017-06-03,165,beleza_saude,50.17
2017-06-04,166,beleza_saude,50.26
2017-06-05,167,beleza_saude,49.63
2017-06-06,168,beleza_saude,47.96
2017-06-07,169,beleza_saude,46.73
2017-06-08,170,beleza_saude,49.74
2017-06-09,171,beleza_saude,51.52
2017-06-10,172,beleza_saude,50.53
2017-06-11,173,beleza_saude,49.01
2017-06-12,174,beleza_saude,48.4
2017-06-13,175,beleza_saude,50.31
2017-06-14,176,beleza_saude,44.56
2017-06-15,177,beleza_saude,44.92
2017-06-16,178,beleza_saude,45.72
2017-06-17,179,beleza_saude,43.86
2017-06-18,180,beleza_saude,42.41
2017-06-19,181,beleza_saude,41.11
2017-06-20,182,beleza_saude,42.89
2017-06-21,183,beleza_saude,44.37
2017-06-22,184,beleza_saude,43.77
2017-06-23,185,beleza_saude,42.92
2017-06-24,186,beleza_saude,46.13
2017-06-25,187,beleza_saude,45.99
2017-06-26,188,beleza_saude,45.99
2017-06-27,189,beleza_saude,46.55
2017-06-28,190,beleza_saude,44.66
2017-06-29,191,beleza_saude,45.78
2017-06-30,192,beleza_saude,44.39
2017-07-01,193,beleza_saude,24.26
2017-07-02,194,beleza_saude,26.06
2017-07-03,195,beleza_saude,25.5
2017-07-04,196,beleza_saude,25.98
2017-07-05,197,beleza_saude,27.67
2017-07-06,198,beleza_saude,27.44
2017-07-07,199,beleza_saude,29.05
2017-07-08,200,beleza_saude,29.9
2017-07-09,201,beleza_saude,28.9
2017-07-10,202,beleza_saude,27.89
2017-07-11,203,beleza_saude,28.02
2017-07-12,204,beleza_saude,26.7
2017-07-13,205,beleza_saude,25.57
2017-07-14,206,beleza_saude,24.67
2017-07-15,207,beleza_saude,23.31
2017-07-16,208,beleza_saude,23.08
2017-07-17,209,beleza_saude,22.25
2017-07-18,210,beleza_saude,22.89
2017-07-19,211,beleza_saude,23.81
2017-07-20,212,beleza_saude,25.26
2017-07-21,213,beleza_saude,25.44
2017-07-22,214,beleza_saude,24.18
2017-07-23,215,beleza_saude,24.88
2017-07-24,216,beleza_saude,24.95
2017-07-25,217,beleza_saude,24.92
2017-07-26,218,beleza_saude,24.31
2017-07-27,219,beleza_saude,23.02
2017-07-28,220,beleza_saude,22.57
2017-07-29,221,beleza_saude,22.24
2017-07-30,222,beleza_saude,21.94
2017-07-31,223,beleza_saude,22.11
2017-08-01,224,beleza_saude,10.64
2017-08-02,225,beleza_saude,10.85
2017-08-03,226,beleza_saude,11.49
2017-08-04,227,beleza_saude,10.91
2017-08-05,228,beleza_saude,12.69
2017-08-06,229,beleza_saude,12.12
2017-08-07,230,beleza_saude,12.3
2017-08-08,231,beleza_saude,12.51
2017-08-09,232,beleza_saude,12.04
2017-08-10,233,beleza_saude,16.28
2017-08-11,234,beleza_saude,17.31
2017-08-12,235,beleza_saude,17.27
2017-08-13,236,beleza_saude,17.25
2017-08-14,237,beleza_saude,16.11
2017-08-15,238,beleza_saude,15.33
2017-08-16,239,beleza_saude,16.61
2017-08-17,240,beleza_saude,18.3
2017-08-18,241,beleza_saude,17.27
2017-08-19,242,beleza_saude,16.94
2017-08-20,243,beleza_saude,12.72
2017-08-21,244,beleza_saude,14.56
2017-08-22,245,beleza_saude,15.5
2017-08-23,246,beleza_saude,18.03
2017-08-24,247,beleza_saude,21.42
2017-08-25,248,beleza_saude,22.2
2017-08-26,249,beleza_saude,23.8
2017-08-27,250,beleza_saude,23.18
2017-08-28,251,beleza_saude,21.47
2017-08-29,252,beleza_saude,21.32
2017-08-30,253,beleza_saude,23.28
2017-08-31,254,beleza_saude,21.04
2017-09-01,255,beleza_saude,15.11
2017-09-02,256,beleza_saude,12.75
2017-09-03,257,beleza_saude,13.95
2017-09-04,258,beleza_saude,14.99
2017-09-05,259,beleza_saude,14.49
2017-09-06,260,beleza_saude,15.26
2017-09-07,261,beleza_saude,17.33
2017-09-08,262,beleza_saude,15.55
2017-09-09,263,beleza_saude,13.34
2017-09-10,264,beleza_saude,15.46
2017-09-11,265,beleza_saude,16.97
2017-09-12,266,beleza_saude,16.79
2017-09-13,267,beleza_saude,14.27
2017-09-14,268,beleza_saude,15.17
2017-09-15,269,beleza_saude,17.4
2017-09-16,270,beleza_saude,19.08
2017-09-17,271,beleza_saude,19.4
2017-09-18,272,beleza_saude,22.03
2017-09-19,273,beleza_saude,21.33
2017-09-20,274,beleza_saude,21.27
2017-09-21,275,beleza_saude,20.18
2017-09-22,276,beleza_saude,20.83
2017-09-23,277,beleza_saude,19.86
2017-09-24,278,beleza_saude,16.72
2017-09-25,279,beleza_saude,13.61
2017-09-26,280,beleza_saude,10.03
2017-09-27,281,beleza_saude,9.6
2017-09-28,282,beleza_saude,8.57
2017-09-29,283,beleza_saude,11.65
2017-09-30,284,beleza_saude,8.39
2017-10-01,285,beleza_saude,14.82
2017-10-02,286,beleza_saude,16.17
2017-10-03,287,beleza_saude,16.97
2017-10-04,288,beleza_saude,16.86
2017-10-05,289,beleza_saude,17.7
2017-10-06,290,beleza_saude,20.06
2017-10-07,291,beleza_saude,21.05
2017-10-08,292,beleza_saude,21.13
2017-10-09,293,beleza_saude,20.74
2017-10-10,294,beleza_saude,20.8
2017-10-11,295,beleza_saude,21.45
2017-10-12,296,beleza_saude,20.47
2017-10-13,297,beleza_saude,20.79
2017-10-14,298,beleza_saude,20.69
2017-10-15,299,beleza_saude,19.9
2017-10-16,300,beleza_saude,19.13
2017-10-17,301,beleza_saude,20.52
2017-10-18,302,beleza_saude,20.44
2017-10-19,303,beleza_saude,20.46
2017-10-20,304,beleza_saude,19.26
2017-10-21,305,beleza_saude,17.69
2017-10-22,306,beleza_saude,17.18
2017-10-23,307,beleza_saude,16.46
2017-10-24,308,beleza_saude,16.39
2017-10-25,309,beleza_saude,16.73
2017-10-26,310,beleza_saude,16.48
2017-10-27,311,beleza_saude,14.71
2017-10-28,312,beleza_saude,12.71
2017-10-29,313,beleza_saude,9.46
2017-10-30,314,beleza_saude,11.42
2017-10-31,315,beleza_saude,12.81
2017-11-01,316,beleza_saude,21.92
2017-11-02,317,beleza_saude,22.5
2017-11-03,318,beleza_saude,23.09
2017-11-04,319,beleza_saude,25.79
2017-11-05,320,beleza_saude,24.97
2017-11-06,321,beleza_saude,25.76
2017-11-07,322,beleza_saude,28.88
2017-11-08,323,beleza_saude,28.92
2017-11-09,324,beleza_saude,30.75
2017-11-10,325,beleza_saude,30.49
2017-11-11,326,beleza_saude,34.73
2017-11-12,327,beleza_saude,40.48
2017-11-13,328,beleza_saude,38.53
2017-11-14,329,beleza_saude,39.02
2017-11-15,330,beleza_saude,39.2
2017-11-16,331,beleza_saude,39.14
2017-11-17,332,beleza_saude,38.96
2017-11-18,333,beleza_saude,41.2
2017-11-19,334,beleza_saude,39.54
2017-11-20,335,beleza_saude,39.75
2017-11-21,336,beleza_saude,37.2
2017-11-22,337,beleza_saude,33.18
2017-11-23,338,beleza_saude,35.38
2017-11-24,339,beleza_saude,31.77
2017-11-25,340,beleza_saude,31.61
2017-11-26,341,beleza_saude,32.92
2017-11-27,342,beleza_saude,32.34
2017-11-28,343,beleza_saude,33.41
2017-11-29,344,beleza_saude,33.26
2017-11-30,345,beleza_saude,33.87
2017-12-01,346,beleza_saude,53.88
2017-12-02,347,beleza_saude,55.35
2017-12-03,348,beleza_saude,55.72
2017-12-04,349,beleza_saude,58.09
2017-12-05,350,beleza_saude,58.85
2017-12-06,351,beleza_saude,58.96
2017-12-07,352,beleza_saude,58.78
2017-12-08,353,beleza_saude,59.33
2017-12-09,354,beleza_saude,60.08
2017-12-10,355,beleza_saude,59.08
2017-12-11,356,beleza_saude,58.37
2017-12-12,357,beleza_saude,56.38
2017-12-13,358,beleza_saude,56.51
2017-12-14,359,beleza_saude,55.98
2017-12-15,360,beleza_saude,57.94
2017-12-16,361,beleza_saude,57.6
2017-12-17,362,beleza_saude,59.7
2017-12-18,363,beleza_saude,58.21
2017-12-19,364,beleza_saude,57.38
2017-12-20,365,beleza_saude,58.74
2017-12-21,366,beleza_saude,59.81
2017-12-22,367,beleza_saude,61.43
2017-12-23,368,beleza_saude,60.86
2017-12-24,369,beleza_saude,60.35
2017-12-25,370,beleza_saude,56.27
2017-12-26,371,beleza_saude,54.56
2017-12-27,372,beleza_saude,54.78
2017-12-28,373,beleza_saude,54.82
2017-12-29,374,beleza_saude,56.85
2017-12-30,375,beleza_saude,55.43
2017-12-31,376,beleza_saude,54.78
2018-01-01,377,beleza_saude,68.6
2018-01-02,378,beleza_saude,69.54
2018-01-03,379,beleza_saude,66.05
2018-01-04,380,beleza_saude,67.98
2018-01-05,381,beleza_saude,66.44
2018-01-06,382,beleza_saude,66.77
2018-01-07,383,beleza_saude,68.42
2018-01-08,384,beleza_saude,68.26
2018-01-09,385,beleza_saude,70.51
2018-01-10,386,beleza_saude,68.93
2018-01-11,387,beleza_saude,72.71
2018-01-12,388,beleza_saude,73.86
2018-01-13,389,beleza_saude,77.45
2018-01-14,390,beleza_saude,79.21
2018-01-15,391,beleza_saude,79.94
2018-01-16,392,beleza_saude,77.39
2018-01-17,393,beleza_saude,75.66
2018-01-18,394,beleza_saude,74.44
2018-01-19,395,beleza_saude,71.19
2018-01-20,396,beleza_saude,74.03
2018-01-21,397,beleza_saude,71.51
2018-01-22,398,beleza_saude,70.83
2018-01-23,399,beleza_saude,70.45
2018-01-24,400,beleza_saude,66.71
2018-01-25,401,beleza_saude,68.54
2018-01-26,402,beleza_saude,67.2
2018-01-27,403,beleza_saude,67.95
2018-01-28,404,beleza_saude,66.93
2018-01-29,405,beleza_saude,70.89
2018-01-30,406,beleza_saude,70.55
2018-01-31,407,beleza_saude,71.08
2018-02-01,408,beleza_saude,84.85
2018-02-02,409,beleza_saude,84.55
2018-02-03,410,beleza_saude,87.64
2018-02-04,411,beleza_saude,87.61
2018-02-05,412,beleza_saude,90.46
2018-02-06,413,beleza_saude,92.24
2018-02-07,414,beleza_saude,95.0
2018-02-08,415,beleza_saude,92.87
2018-02-09,416,beleza_saude,89.63
2018-02-10,417,beleza_saude,88.32
2018-02-11,418,beleza_saude,86.6
2018-02-12,419,beleza_saude,87.86
2018-02-13,420,beleza_saude,85.77
2018-02-14,421,beleza_saude,88.67
2018-02-15,422,beleza_saude,90.33
2018-02-16,423,beleza_saude,89.53
2018-02-17,424,beleza_saude,88.74
2018-02-18,425,beleza_saude,88.15
2018-02-19,426,beleza_saude,89.11
2018-02-20,427,beleza_saude,90.5
2018-02-21,428,beleza_saude,91.05
2018-02-22,429,beleza_saude,89.39
2018-02-23,430,beleza_saude,91.33
2018-02-24,431,beleza_saude,88.09
2018-02-25,432,beleza_saude,83.74
2018-02-26,433,beleza_saude,81.92
2018-02-27,434,beleza_saude,81.35
2018-02-28,435,beleza_saude,84.11
2018-03-01,436,beleza_saude,90.7
2018-03-02,437,beleza_saude,88.94
2018-03-03,438,beleza_saude,89.29
2018-03-04,439,beleza_saude,88.95
2018-03-05,440,beleza_saude,89.97
2018-03-06,441,beleza_saude,89.62
2018-03-07,442,beleza_saude,92.01
2018-03-08,443,beleza_saude,94.88
2018-03-09,444,beleza_saude,93.81
2018-03-10,445,beleza_saude,89.65
2018-03-11,446,beleza_saude,88.24
2018-03-12,447,beleza_saude,91.35
2018-03-13,448,beleza_saude,88.83
2018-03-14,449,beleza_saude,87.23
2018-03-15,450,beleza_saude,85.32
2018-03-16,451,beleza_saude,86.69
2018-03-17,452,beleza_saude,88.41
2018-03-18,453,beleza_saude,86.17
2018-03-19,454,beleza_saude,87.35
2018-03-20,455,beleza_saude,90.68
2018-03-21,456,beleza_saude,89.09
2018-03-22,457,beleza_saude,87.31
2018-03-23,458,beleza_saude,89.57
2018-03-24,459,beleza_saude,93.84
2018-03-25,460,beleza_saude,93.82
2018-03-26,461,beleza_saude,93.21
2018-03-27,462,beleza_saude,88.53
2018-03-28,463,beleza_saude,88.34
2018-03-29,464,beleza_saude,89.51
2018-03-30,465,beleza_saude,86.82
2018-03-31,466,beleza_saude,89.35
2018-04-01,467,beleza_saude,85.89
2018-04-02,468,beleza_saude,85.27
2018-04-03,469,beleza_saude,84.96
2018-04-04,470,beleza_saude,84.44
2018-04-05,471,beleza_saude,84.19
2018-04-06,472,beleza_saude,88.22
2018-04-07,473,beleza_saude,89.33
2018-04-08,474,beleza_saude,88.05
2018-04-09,475,beleza_saude,89.66
2018-04-10,476,beleza_saude,90.56
2018-04-11,477,beleza_saude,87.41
2018-04-12,478,beleza_saude,89.39
2018-04-13,479,beleza_saude,88.8
2018-04-14,480,beleza_saude,90.64
2018-04-15,481,beleza_saude,92.5
2018-04-16,482,beleza_saude,90.01
2018-04-17,483,beleza_saude,88.95
2018-04-18,484,beleza_saude,89.39
2018-04-19,485,beleza_saude,88.16
2018-04-20,486,beleza_saude,89.52
2018-04-21,487,beleza_saude,91.11
2018-04-22,488,beleza_saude,88.97
2018-04-23,489,beleza_saude,89.72
2018-04-24,490,beleza_saude,87.68
2018-04-25,491,beleza_saude,85.7
2018-04-26,492,beleza_saude,87.92
2018-04-27,493,beleza_saude,88.46
2018-04-28,494,beleza_saude,88.77
2018-04-29,495,beleza_saude,89.16
2018-04-30,496,beleza_saude,85.04
2018-05-01,497,beleza_saude,74.07
2018-05-02,498,beleza_saude,77.09
2018-05-03,499,beleza_saude,76.91
2018-05-04,500,beleza_saude,78.8
2018-05-05,501,beleza_saude,80.26
2018-05-06,502,beleza_saude,78.27
2018-05-07,503,beleza_saude,80.95
2018-05-08,504,beleza_saude,81.38
2018-05-09,505,beleza_saude,84.22
2018-05-10,506,beleza_saude,85.28
2018-05-11,507,beleza_saude,87.26
2018-05-12,508,beleza_saude,86.06
2018-05-13,509,beleza_saude,86.8
2018-05-14,510,beleza_saude,86.87
2018-05-15,511,beleza_saude,85.72
2018-05-16,512,beleza_saude,88.95
2018-05-17,513,beleza_saude,87.0
2018-05-18,514,beleza_saude,84.27
2018-05-19,515,beleza_saude,80.79
2018-05-20,516,beleza_saude,81.55
2018-05-21,517,beleza_saude,79.67
2018-05-22,518,beleza_saude,78.66
2018-05-23,519,beleza_saude,79.57
2018-05-24,520,beleza_saude,76.82
2018-05-25,521,beleza_saude,77.38
2018-05-26,522,beleza_saude,73.56
2018-05-27,523,beleza_saude,74.41
2018-05-28,524,beleza_saude,76.88
2018-05-29,525,beleza_saude,78.91
2018-05-30,526,beleza_saude,78.09
2018-05-31,527,beleza_saude,79.4
2018-06-01,528,beleza_saude,63.73
2018-06-02,529,beleza_saude,62.97
2018-06-03,530,beleza_saude,65.37
2018-06-04,531,beleza_saude,65.99
2018-06-05,532,beleza_saude,67.47
2018-06-06,533,beleza_saude,67.65
2018-06-07,534,beleza_saude,69.95
2018-06-08,535,beleza_saude,70.84
2018-06-09,536,beleza_saude,71.07
2018-06-10,537,beleza_saude,69.95
2018-06-11,538,beleza_saude,67.01
2018-06-12,539,beleza_saude,67.05
2018-06-13,540,beleza_saude,67.85
2018-06-14,541,beleza_saude,64.76
2018-06-15,542,beleza_saude,64.24
2018-06-16,543,beleza_saude,62.83
2018-06-17,544,beleza_saude,60.38
2018-06-18,545,beleza_saude,57.51
2018-06-19,546,beleza_saude,59.0
2018-06-20,547,beleza_saude,58.92
2018-06-21,548,beleza_saude,60.39
2018-06-22,549,beleza_saude,58.74
2018-06-23,550,beleza_saude,59.56
2018-06-24,551,beleza_saude,64.15
2018-06-25,552,beleza_saude,65.08
2018-06-26,553,beleza_saude,64.71
2018-06-27,554,beleza_saude,65.79
2018-06-28,555,beleza_saude,66.94
2018-06-29,556,beleza_saude,66.32
2018-06-30,557,beleza_saude,67.0
2018-07-01,558,beleza_saude,47.72
2018-07-02,559,beleza_saude,50.44
2018-07-03,560,beleza_saude,49.25
2018-07-04,561,beleza_saude,46.65
2018-07-05,562,beleza_saude,47.21
2018-07-06,563,beleza_saude,48.01
2018-07-07,564,beleza_saude,45.21
2018-07-08,565,beleza_saude,47.65
2018-07-09,566,beleza_saude,47.93
2018-07-10,567,beleza_saude,47.61
2018-07-11,568,beleza_saude,51.34
2018-07-12,569,beleza_saude,48.39
2018-07-13,570,beleza_saude,48.97
2018-07-14,571,beleza_saude,49.21
2018-07-15,572,beleza_saude,50.47
2018-07-16,573,beleza_saude,47.84
2018-07-17,574,beleza_saude,49.99
2018-07-18,575,beleza_saude,47.36
2018-07-19,576,beleza_saude,47.91
2018-07-20,577,beleza_saude,48.01
2018-07-21,578,beleza_saude,45.93
2018-07-22,579,beleza_saude,46.39
2018-07-23,580,beleza_saude,45.69
2018-07-24,581,beleza_saude,44.94
2018-07-25,582,beleza_saude,44.99
2018-07-26,583,beleza_saude,47.31
2018-07-27,584,beleza_saude,43.76
2018-07-28,585,beleza_saude,44.11
2018-07-29,586,beleza_saude,42.27
2018-07-30,587,beleza_saude,39.63
2018-07-31,588,beleza_saude,39.01
2018-08-01,589,beleza_saude,27.58
2018-08-02,590,beleza_saude,29.48
2018-08-03,591,beleza_saude,31.1
2018-08-04,592,beleza_saude,29.29
2018-08-05,593,beleza_saude,30.41
2018-08-06,594,beleza_saude,33.61
2018-08-07,595,beleza_saude,33.26
2018-08-08,596,beleza_saude,33.17
2018-08-09,597,beleza_saude,33.07
2018-08-10,598,beleza_saude,34.21
2018-08-11,599,beleza_saude,34.33
2018-08-12,600,beleza_saude,32.56
2018-08-13,601,beleza_saude,31.68
2018-08-14,602,beleza_saude,31.3
2018-08-15,603,beleza_saude,31.55
2018-08-16,604,beleza_saude,30.51
2018-08-17,605,beleza_saude,32.45
2018-08-18,606,beleza_saude,32.71
2018-08-19,607,beleza_saude,34.05
2018-08-20,608,beleza_saude,32.72
2018-08-21,609,beleza_saude,31.93
2018-08-22,610,beleza_saude,33.37
2018-08-23,611,beleza_saude,34.62
2018-08-24,612,beleza_saude,37.15
2018-08-25,613,beleza_saude,37.1
2018-08-26,614,beleza_saude,37.43
2018-08-27,615,beleza_saude,36.06
2018-08-28,616,beleza_saude,36.4
2018-08-29,617,beleza_saude,39.14
2016-10-03,6,brinquedos,79.67
2016-10-04,7,brinquedos,78.38
2016-10-05,8,brinquedos,77.81
2016-10-06,9,brinquedos,77.17
2016-10-07,10,brinquedos,77.48
2016-10-08,11,brinquedos,23.33
2016-10-09,12,brinquedos,22.38
2016-10-10,13,brinquedos,23.3
2017-01-05,16,brinquedos,23.61
2017-01-06,17,brinquedos,24.2
2017-01-11,22,brinquedos,23.53
2017-01-15,26,brinquedos,24.84
2017-01-17,28,brinquedos,25.47
2017-01-18,29,brinquedos,25.51
2017-01-19,30,brinquedos,26.01
2017-01-22,33,brinquedos,25.27
2017-01-23,34,brinquedos,25.99
2017-01-24,35,brinquedos,26.13
2017-01-25,36,brinquedos,26.96
2017-01-26,37,brinquedos,28.15
2017-01-27,38,brinquedos,27.76
2017-01-28,39,brinquedos,27.14
2017-01-29,40,brinquedos,11.91
2017-01-30,41,brinquedos,12.07
2017-01-31,42,brinquedos,11.03
2017-02-01,43,brinquedos,11.98
2017-02-02,44,brinquedos,11.86
2017-02-03,45,brinquedos,11.5
2017-02-04,46,brinquedos,11.31
2017-02-06,48,brinquedos,10.02
2017-02-07,49,brinquedos,10.43
2017-02-08,50,brinquedos,11.3
2017-02-09,51,brinquedos,12.05
2017-02-10,52,brinquedos,11.71
2017-02-11,53,brinquedos,12.04
2017-02-12,54,brinquedos,10.75
2017-02-13,55,brinquedos,9.61
2017-02-14,56,brinquedos,10.22
2017-02-15,57,brinquedos,9.5
2017-02-16,58,brinquedos,10.09
2017-02-18,60,brinquedos,11.0
2017-02-19,61,brinquedos,9.83
2017-02-20,62,brinquedos,9.58
2017-02-21,63,brinquedos,10.07
2017-02-23,65,brinquedos,5.0
2017-02-24,66,brinquedos,7.35
2017-02-28,70,brinquedos,7.09
2017-03-01,71,brinquedos,6.72
2017-03-02,72,brinquedos,7.27
2017-03-03,73,brinquedos,7.57
2017-03-04,74,brinquedos,7.33
2017-03-05,75,brinquedos,7.6
2017-03-06,76,brinquedos,7.65
2017-03-07,77,brinquedos,6.35
2017-03-08,78,brinquedos,6.66
2017-03-09,79,brinquedos,5.47
2017-03-10,80,brinquedos,6.59
2017-03-11,81,brinquedos,6.61
2017-03-12,82,brinquedos,6.9
2017-03-13,83,brinquedos,6.63
2017-03-14,84,brinquedos,6.03
2017-03-15,85,brinquedos,6.06
2017-03-16,86,brinquedos,6.55
2017-03-18,88,brinquedos,8.14
2017-03-19,89,brinquedos,7.76
2017-03-20,90,brinquedos,7.67
2017-03-21,91,brinquedos,6.97
2017-03-22,92,brinquedos,7.05
2017-03-23,93,brinquedos,7.22
2017-03-24,94,brinquedos,8.09
2017-03-25,95,brinquedos,8.12
2017-03-26,96,brinquedos,8.31
2017-03-27,97,brinquedos,7.88
2017-03-28,98,brinquedos,7.53
2017-03-29,99,brinquedos,12.87
2017-03-30,100,brinquedos,12.46
2017-03-31,101,brinquedos,13.34
2017-04-01,102,brinquedos,13.15
2017-04-02,103,brinquedos,12.42
2017-04-03,104,brinquedos,12.17
2017-04-04,105,brinquedos,13.17
2017-04-05,106,brinquedos,13.44
2017-04-06,107,brinquedos,13.4
2017-04-07,108,brinquedos,13.38
2017-04-08,109,brinquedos,13.1
2017-04-09,110,brinquedos,13.56
2017-04-10,111,brinquedos,12.14
2017-04-11,112,brinquedos,12.24
2017-04-12,113,brinquedos,11.96
2017-04-13,114,brinquedos,12.06
2017-04-14,115,brinquedos,11.38
2017-04-15,116,brinquedos,11.24
2017-04-16,117,brinquedos,10.93
2017-04-17,118,brinquedos,10.56
2017-04-18,119,brinquedos,11.67
2017-04-19,120,brinquedos,10.5
2017-04-20,121,brinquedos,12.15
2017-04-21,122,brinquedos,11.92
2017-04-22,123,brinquedos,12.12
2017-04-23,124,brinquedos,10.92
2017-04-24,125,brinquedos,11.9
2017-04-25,126,brinquedos,11.58
2017-04-26,127,brinquedos,11.36
2017-04-27,128,brinquedos,12.06
2017-04-28,129,brinquedos,26.06
2017-04-29,130,brinquedos,26.82
2017-04-30,131,brinquedos,26.34
2017-05-01,132,brinquedos,25.72
2017-05-02,133,brinquedos,26.84
2017-05-03,134,brinquedos,27.88
2017-05-04,135,brinquedos,27.37
2017-05-05,136,brinquedos,28.02
2017-05-06,137,brinquedos,29.43
2017-05-07,138,brinquedos,28.91
2017-05-08,139,brinquedos,28.22
2017-05-09,140,brinquedos,28.9
2017-05-10,141,brinquedos,29.82
2017-05-11,142,brinquedos,29.85
2017-05-12,143,brinquedos,29.18
2017-05-13,144,brinquedos,28.9
2017-05-14,145,brinquedos,28.65
2017-05-15,146,brinquedos,28.04
2017-05-16,147,brinquedos,27.76
2017-05-17,148,brinquedos,28.89
2017-05-18,149,brinquedos,29.57
2017-05-19,150,brinquedos,28.96
2017-05-20,151,brinquedos,27.26
2017-05-21,152,brinquedos,27.89
2017-05-22,153,brinquedos,28.61
2017-05-23,154,brinquedos,28.67
2017-05-24,155,brinquedos,28.72
2017-05-25,156,brinquedos,28.93
2017-05-26,157,brinquedos,27.91
2017-05-27,158,brinquedos,27.23
2017-05-28,159,brinquedos,27.6
2017-05-29,160,brinquedos,47.1
2017-05-30,161,brinquedos,48.62
2017-05-31,162,brinquedos,48.8
2017-06-01,163,brinquedos,48.96
2017-06-02,164,brinquedos,48.13
2017-06-03,165,brinquedos,47.51
2017-06-04,166,brinquedos,47.74
2017-06-05,167,brinquedos,48.53
2017-06-06,168,brinquedos,49.01
2017-06-07,169,brinquedos,48.94
2017-06-08,170,brinquedos,49.58
2017-06-09,171,brinquedos,48.37
2017-06-10,172,brinquedos,48.71
2017-06-11,173,brinquedos,47.61
2017-06-12,174,brinquedos,49.05
2017-06-13,175,brinquedos,49.59
2017-06-14,176,brinquedos,50.44
2017-06-15,177,brinquedos,50.55
2017-06-16,178,brinquedos,49.66
2017-06-17,179,brinquedos,49.11
2017-06-18,180,brinquedos,49.09
2017-06-19,181,brinquedos,49.8
2017-06-20,182,brinquedos,49.28
2017-06-22,184,brinquedos,49.49
2017-06-23,185,brinquedos,48.66
2017-06-24,186,brinquedos,48.86
2017-06-25,187,brinquedos,47.12
2017-06-26,188,brinquedos,47.04
2017-06-27,189,brinquedos,46.67
2017-06-28,190,brinquedos,66.18
2017-06-29,191,brinquedos,65.57
2017-06-30,192,brinquedos,64.54
2017-07-01,193,brinquedos,63.88
2017-07-02,194,brinquedos,63.86
2017-07-03,195,brinquedos,64.89
2017-07-04,196,brinquedos,64.63
2017-07-05,197,brinquedos,65.75
2017-07-06,198,brinquedos,65.75
2017-07-07,199,brinquedos,66.3
2017-07-08,200,brinquedos,66.84
2017-07-09,201,brinquedos,67.1
2017-07-10,202,brinquedos,68.67
2017-07-11,203,brinquedos,70.2
2017-07-12,204,brinquedos,69.76
2017-07-13,205,brinquedos,68.38
2017-07-14,206,brinquedos,68.52
2017-07-15,207,brinquedos,68.01
2017-07-16,208,brinquedos,68.08
2017-07-17,209,brinquedos,67.7
2017-07-18,210,brinquedos,68.79
2017-07-19,211,brinquedos,69.95
2017-07-20,212,brinquedos,69.39
2017-07-21,213,brinquedos,69.05
2017-07-22,214,brinquedos,70.4
2017-07-23,215,brinquedos,70.64
2017-07-24,216,brinquedos,70.42
2017-07-25,217,brinquedos,70.94
2017-07-26,218,brinquedos,71.13
2017-07-27,219,brinquedos,71.57
2017-07-28,220,brinquedos,69.82
2017-07-29,221,brinquedos,83.38
2017-07-30,222,brinquedos,83.27
2017-07-31,223,brinquedos,82.78
2017-08-01,224,brinquedos,83.22
2017-08-02,225,brinquedos,82.85
2017-08-03,226,brinquedos,83.51
2017-08-04,227,brinquedos,84.2
2017-08-05,228,brinquedos,84.9
2017-08-06,229,brinquedos,84.67
2017-08-07,230,brinquedos,85.68
2017-08-08,231,brinquedos,86.36
2017-08-09,232,brinquedos,86.51
2017-08-10,233,brinquedos,86.53
2017-08-11,234,brinquedos,85.82
2017-08-12,235,brinquedos,85.31
2017-08-13,236,brinquedos,85.42
2017-08-14,237,brinquedos,84.8
2017-08-15,238,brinquedos,83.64
2017-08-16,239,brinquedos,84.83
2017-08-17,240,brinquedos,84.3
2017-08-18,241,brinquedos,83.87
2017-08-19,242,brinquedos,84.75
2017-08-20,243,brinquedos,84.43
2017-08-21,244,brinquedos,83.99
2017-08-22,245,brinquedos,85.15
2017-08-23,246,brinquedos,85.25
2017-08-24,247,brinquedos,85.31
2017-08-25,248,brinquedos,84.83
2017-08-26,249,brinquedos,83.63
2017-08-27,250,brinquedos,83.69
2017-08-28,251,brinquedos,83.88
2017-08-29,252,brinquedos,88.46
2017-08-30,253,brinquedos,89.08
2017-08-31,254,brinquedos,88.52
2017-09-01,255,brinquedos,89.13
2017-09-02,256,brinquedos,88.87
2017-09-03,257,brinquedos,89.46
2017-09-04,258,brinquedos,90.31
2017-09-05,259,brinquedos,91.11
2017-09-06,260,brinquedos,91.65
2017-09-07,261,brinquedos,92.35
2017-09-08,262,brinquedos,92.43
2017-09-09,263,brinquedos,92.21
2017-09-10,264,brinquedos,94.16
2017-09-11,265,brinquedos,94.1
2017-09-12,266,brinquedos,94.28
2017-09-13,267,brinquedos,93.04
2017-09-14,268,brinquedos,92.25
2017-09-15,269,brinquedos,91.89
2017-09-16,270,brinquedos,91.76
2017-09-17,271,brinquedos,90.86
2017-09-18,272,brinquedos,90.71
2017-09-19,273,brinquedos,91.53
2017-09-20,274,brinquedos,90.81
2017-09-21,275,brinquedos,89.88
2017-09-22,276,brinquedos,89.58
2017-09-23,277,brinquedos,89.83
2017-09-24,278,brinquedos,90.28
2017-09-25,279,brinquedos,89.97
2017-09-26,280,brinquedos,89.7
2017-09-27,281,brinquedos,89.43
2017-09-28,282,brinquedos,84.03
2017-09-29,283,brinquedos,83.03
2017-09-30,284,brinquedos,81.34
2017-10-01,285,brinquedos,82.88
2017-10-02,286,brinquedos,83.48
2017-10-03,287,brinquedos,83.71
2017-10-04,288,brinquedos,83.93
2017-10-05,289,brinquedos,83.6
2017-10-06,290,brinquedos,84.65
2017-10-07,291,brinquedos,86.18
2017-10-08,292,brinquedos,86.34
2017-10-09,293,brinquedos,87.12
2017-10-10,294,brinquedos,88.62
2017-10-11,295,brinquedos,87.04
2017-10-12,296,brinquedos,86.35
2017-10-13,297,brinquedos,86.62
2017-10-14,298,brinquedos,86.42
2017-10-15,299,brinquedos,86.9
2017-10-16,300,brinquedos,86.08
2017-10-17,301,brinquedos,85.17
2017-10-18,302,brinquedos,85.14
2017-10-19,303,brinquedos,84.18
2017-10-20,304,brinquedos,83.79
2017-10-21,305,brinquedos,83.84
2017-10-22,306,brinquedos,84.52
2017-10-23,307,brinquedos,83.49
2017-10-24,308,brinquedos,84.28
2017-10-25,309,brinquedos,85.07
2017-10-26,310,brinquedos,84.99
2017-10-27,311,brinquedos,83.82
2017-10-28,312,brinquedos,83.65
2017-10-29,313,brinquedos,69.67
2017-10-30,314,brinquedos,69.56
2017-10-31,315,brinquedos,69.95
2017-11-01,316,brinquedos,70.24
2017-11-02,317,brinquedos,71.58
2017-11-03,318,brinquedos,70.62
2017-11-04,319,brinquedos,69.23
2017-11-05,320,brinquedos,69.25
2017-11-06,321,brinquedos,70.41
2017-11-07,322,brinquedos,70.84
2017-11-08,323,brinquedos,70.65
2017-11-09,324,brinquedos,71.4
2017-11-10,325,brinquedos,72.59
2017-11-11,326,brinquedos,72.28
2017-11-12,327,brinquedos,71.96
2017-11-13,328,brinquedos,72.34
2017-11-14,329,brinquedos,72.96
2017-11-15,330,brinquedos,73.7
2017-11-16,331,brinquedos,73.53
2017-11-17,332,brinquedos,73.34
2017-11-18,333,brinquedos,73.65
2017-11-19,334,brinquedos,73.2
2017-11-20,335,brinquedos,71.65
2017-11-21,336,brinquedos,71.44
2017-11-22,337,brinquedos,71.47
2017-11-23,338,brinquedos,71.82
2017-11-24,339,brinquedos,71.76
2017-11-25,340,brinquedos,71.81
2017-11-26,341,brinquedos,71.71
2017-11-27,342,brinquedos,72.53
2017-11-28,343,brinquedos,51.92
2017-11-29,344,brinquedos,52.39
2017-11-30,345,brinquedos,53.3
2017-12-01,346,brinquedos,52.79
2017-12-02,347,brinquedos,53.05
2017-12-03,348,brinquedos,53.45
2017-12-04,349,brinquedos,52.68
2017-12-05,350,brinquedos,52.36
2017-12-06,351,brinquedos,51.62
2017-12-07,352,brinquedos,50.38
2017-12-08,353,brinquedos,52.01
2017-12-09,354,brinquedos,51.55
2017-12-10,355,brinquedos,50.8
2017-12-11,356,brinquedos,51.11
2017-12-12,357,brinquedos,51.91
2017-12-13,358,brinquedos,50.46
2017-12-14,359,brinquedos,51.04
2017-12-15,360,brinquedos,51.54
2017-12-16,361,brinquedos,53.64
2017-12-17,362,brinquedos,54.07
2017-12-18,363,brinquedos,52.74
2017-12-19,364,brinquedos,54.03
2017-12-20,365,brinquedos,55.38
2017-12-21,366,brinquedos,55.82
2017-12-22,367,brinquedos,54.48
2017-12-23,368,brinquedos,55.35
2017-12-24,369,brinquedos,55.8
2017-12-25,370,brinquedos,55.27
2017-12-26,371,brinquedos,55.11
2017-12-27,372,brinquedos,55.6
2017-12-28,373,brinquedos,55.71
2017-12-29,374,brinquedos,35.61
2017-12-30,375,brinquedos,35.03
2017-12-31,376,brinquedos,35.06
2018-01-01,377,brinquedos,36.17
2018-01-02,378,brinquedos,35.69
2018-01-03,379,brinquedos,35.78
2018-01-04,380,brinquedos,35.39
2018-01-05,381,brinquedos,33.99
2018-01-06,382,brinquedos,33.76
2018-01-07,383,brinquedos,35.49
2018-01-08,384,brinquedos,33.99
2018-01-09,385,brinquedos,33.85
2018-01-10,386,brinquedos,33.86
2018-01-11,387,brinquedos,33.25
2018-01-12,388,brinquedos,33.75
2018-01-13,389,brinquedos,33.18
2018-01-14,390,brinquedos,33.57
2018-01-15,391,brinquedos,33.98
2018-01-16,392,brinquedos,32.8
2018-01-17,393,brinquedos,32.2
2018-01-18,394,brinquedos,33.56
2018-01-19,395,brinquedos,33.62
2018-01-20,396,brinquedos,33.46
2018-01-21,397,brinquedos,33.93
2018-01-22,398,brinquedos,34.12
2018-01-23,399,brinquedos,35.19
2018-01-24,400,brinquedos,34.97
2018-01-25,401,brinquedos,35.98
2018-01-26,402,brinquedos,37.2
2018-01-27,403,brinquedos,36.75
2018-01-28,404,brinquedos,35.72
2018-01-29,405,brinquedos,21.37
2018-01-30,406,brinquedos,20.9
2018-01-31,407,brinquedos,20.11
2018-02-01,408,brinquedos,19.64
2018-02-02,409,brinquedos,18.74
2018-02-03,410,brinquedos,19.91
2018-02-04,411,brinquedos,19.95
2018-02-05,412,brinquedos,20.74
2018-02-06,413,brinquedos,20.09
2018-02-07,414,brinquedos,20.75
2018-02-08,415,brinquedos,20.03
2018-02-09,416,brinquedos,20.12
2018-02-10,417,brinquedos,20.02
2018-02-11,418,brinquedos,21.02
2018-02-12,419,brinquedos,21.36
2018-02-13,420,brinquedos,20.89
2018-02-14,421,brinquedos,20.57
2018-02-15,422,brinquedos,20.78
2018-02-16,423,brinquedos,20.68
2018-02-17,424,brinquedos,21.27
2018-02-18,425,brinquedos,22.46
2018-02-19,426,brinquedos,22.35
2018-02-20,427,brinquedos,23.3
2018-02-21,428,brinquedos,22.89
2018-02-22,429,brinquedos,23.0
2018-02-23,430,brinquedos,22.13
2018-02-24,431,brinquedos,21.53
2018-02-25,432,brinquedos,21.43
2018-02-26,433,brinquedos,16.86
2018-02-27,434,brinquedos,16.66
2018-02-28,435,brinquedos,15.77
2018-03-01,436,brinquedos,15.89
2018-03-02,437,brinquedos,15.95
2018-03-03,438,brinquedos,15.18
2018-03-04,439,brinquedos,15.12
2018-03-05,440,brinquedos,15.55
2018-03-06,441,brinquedos,15.97
2018-03-07,442,brinquedos,14.94
2018-03-08,443,brinquedos,15.15
2018-03-09,444,brinquedos,15.14
2018-03-10,445,brinquedos,15.89
2018-03-11,446,brinquedos,15.82
2018-03-12,447,brinquedos,15.2
2018-03-13,448,brinquedos,16.43
2018-03-14,449,brinquedos,17.08
2018-03-15,450,brinquedos,16.44
2018-03-16,451,brinquedos,16.58
2018-03-17,452,brinquedos,15.75
2018-03-18,453,brinquedos,15.61
2018-03-19,454,brinquedos,16.21
2018-03-20,455,brinquedos,15.44
2018-03-21,456,brinquedos,15.54
2018-03-22,457,brinquedos,16.07
2018-03-23,458,brinquedos,14.79
2018-03-24,459,brinquedos,14.09
2018-03-25,460,brinquedos,15.06
2018-03-26,461,brinquedos,14.61
2018-03-27,462,brinquedos,15.47
2018-03-28,463,brinquedos,15.83
2018-03-29,464,brinquedos,20.45
2018-03-30,465,brinquedos,21.06
2018-03-31,466,brinquedos,21.32
2018-04-01,467,brinquedos,21.16
2018-04-02,468,brinquedos,21.86
2018-04-03,469,brinquedos,22.4
2018-04-04,470,brinquedos,21.91
2018-04-05,471,brinquedos,22.15
2018-04-06,472,brinquedos,21.82
2018-04-07,473,brinquedos,21.48
2018-04-08,474,brinquedos,20.92
2018-04-09,475,brinquedos,20.29
2018-04-10,476,brinquedos,20.6
2018-04-11,477,brinquedos,20.55
2018-04-12,478,brinquedos,21.01
2018-04-13,479,brinquedos,20.62
2018-04-14,480,brinquedos,21.07
2018-04-15,481,brinquedos,21.45
2018-04-16,482,brinquedos,22.16
2018-04-17,483,brinquedos,21.81
2018-04-18,484,brinquedos,22.29
2018-04-19,485,brinquedos,23.02
2018-04-20,486,brinquedos,22.93
2018-04-21,487,brinquedos,21.86
2018-04-22,488,brinquedos,21.59
2018-04-23,489,brinquedos,22.88
2018-04-24,490,brinquedos,22.54
2018-04-25,491,brinquedos,21.96
2018-04-26,492,brinquedos,21.95
2018-04-27,493,brinquedos,22.52
2018-04-28,494,brinquedos,37.52
2018-04-29,495,brinquedos,36.78
2018-04-30,496,brinquedos,37.15
2018-05-01,497,brinquedos,38.45
2018-05-02,498,brinquedos,38.33
2018-05-03,499,brinquedos,37.47
2018-05-04,500,brinquedos,38.15
2018-05-05,501,brinquedos,38.94
2018-05-06,502,brinquedos,38.25
2018-05-07,503,brinquedos,38.51
2018-05-08,504,brinquedos,37.94
2018-05-09,505,brinquedos,38.6
2018-05-10,506,brinquedos,38.32
2018-05-11,507,brinquedos,37.99
2018-05-12,508,brinquedos,38.65
2018-05-13,509,brinquedos,38.48
2018-05-14,510,brinquedos,37.49
2018-05-15,511,brinquedos,36.91
2018-05-16,512,brinquedos,37.57
2018-05-17,513,brinquedos,37.79
2018-05-18,514,brinquedos,38.13
2018-05-19,515,brinquedos,37.72
2018-05-20,516,brinquedos,38.89
2018-05-21,517,brinquedos,39.12
2018-05-22,518,brinquedos,39.18
2018-05-23,519,brinquedos,39.18
2018-05-24,520,brinquedos,39.99
2018-05-25,521,brinquedos,40.6
2018-05-26,522,brinquedos,41.12
2018-05-27,523,brinquedos,41.07
2018-05-28,524,brinquedos,41.22
2018-05-29,525,brinquedos,61.28
2018-05-30,526,brinquedos,59.86
2018-05-31,527,brinquedos,59.92
2018-06-01,528,brinquedos,59.78
2018-06-02,529,brinquedos,59.78
2018-06-03,530,brinquedos,60.06
2018-06-04,531,brinquedos,60.37
2018-06-05,532,brinquedos,59.39
2018-06-06,533,brinquedos,58.51
2018-06-07,534,brinquedos,58.06
2018-06-08,535,brinquedos,58.38
2018-06-09,536,brinquedos,58.43
2018-06-10,537,brinquedos,58.94
2018-06-11,538,brinquedos,58.73
2018-06-12,539,brinquedos,58.88
2018-06-13,540,brinquedos,57.72
2018-06-14,541,brinquedos,56.43
2018-06-15,542,brinquedos,57.03
2018-06-16,543,brinquedos,56.44
2018-06-17,544,brinquedos,57.01
2018-06-18,545,brinquedos,56.82
2018-06-19,546,brinquedos,58.63
2018-06-20,547,brinquedos,59.11
2018-06-21,548,brinquedos,58.85
2018-06-22,549,brinquedos,58.81
2018-06-23,550,brinquedos,59.99
2018-06-24,551,brinquedos,61.45
2018-06-25,552,brinquedos,60.57
2018-06-26,553,brinquedos,60.76
2018-06-27,554,brinquedos,60.01
2018-06-28,555,brinquedos,80.17
2018-06-29,556,brinquedos,78.89
2018-06-30,557,brinquedos,78.33
2018-07-01,558,brinquedos,77.88
2018-07-02,559,brinquedos,76.86
2018-07-03,560,brinquedos,76.82
2018-07-04,561,brinquedos,75.64
2018-07-05,562,brinquedos,75.49
2018-07-06,563,brinquedos,76.43
2018-07-07,564,brinquedos,77.13
2018-07-08,565,brinquedos,76.82
2018-07-09,566,brinquedos,76.4
2018-07-10,567,brinquedos,75.84
2018-07-11,568,brinquedos,76.26
2018-07-12,569,brinquedos,76.75
2018-07-13,570,brinquedos,76.03
2018-07-14,571,brinquedos,76.69
2018-07-15,572,brinquedos,77.83
2018-07-16,573,brinquedos,77.87
2018-07-17,574,brinquedos,77.05
2018-07-18,575,brinquedos,77.05
2018-07-19,576,brinquedos,76.26
2018-07-20,577,brinquedos,76.44
2018-07-21,578,brinquedos,77.33
2018-07-22,579,brinquedos,77.29
2018-07-23,580,brinquedos,77.38
2018-07-24,581,brinquedos,77.32
2018-07-25,582,brinquedos,77.79
2018-07-26,583,brinquedos,77.52
2018-07-27,584,brinquedos,77.69
2018-07-28,585,brinquedos,76.87
2018-07-29,586,brinquedos,92.46
2018-07-30,587,brinquedos,93.37
2018-07-31,588,brinquedos,92.85
2018-08-01,589,brinquedos,93.57
2018-08-02,590,brinquedos,94.03
2018-08-03,591,brinquedos,93.89
2018-08-04,592,brinquedos,92.94
2018-08-05,593,brinquedos,93.57
2018-08-06,594,brinquedos,94.03
2018-08-07,595,brinquedos,95.0
2018-08-08,596,brinquedos,94.51
2018-08-09,597,brinquedos,94.19
2018-08-10,598,brinquedos,94.4
2018-08-11,599,brinquedos,94.18
2018-08-12,600,brinquedos,94.53
2018-08-13,601,brinquedos,94.32
2018-08-14,602,brinquedos,94.36
2018-08-15,603,brinquedos,93.64
2018-08-16,604,brinquedos,92.72
2018-08-17,605,brinquedos,92.96
2018-08-18,606,brinquedos,92.58
2018-08-19,607,brinquedos,91.41
2018-08-20,608,brinquedos,90.13
2018-08-21,609,brinquedos,90.38
2018-08-22,610,brinquedos,89.86
2018-08-23,611,brinquedos,89.97
2018-08-24,612,brinquedos,89.87
2018-08-25,613,brinquedos,89.7
2018-08-27,615,brinquedos,90.79
2018-08-29,617,brinquedos,90.33
2016-10-04,7,cama_mesa_banho,7.76
2016-10-05,8,cama_mesa_banho,9.15
2016-10-06,9,cama_mesa_banho,7.77
2016-10-09,12,cama_mesa_banho,5.0
2017-01-08,19,cama_mesa_banho,47.06
2017-01-10,21,cama_mesa_banho,45.66
2017-01-13,24,cama_mesa_banho,43.92
2017-01-14,25,cama_mesa_banho,44.46
2017-01-15,26,cama_mesa_banho,43.42
2017-01-17,28,cama_mesa_banho,44.5
2017-01-18,29,cama_mesa_banho,44.79
2017-01-19,30,cama_mesa_banho,42.19
2017-01-20,31,cama_mesa_banho,44.25
2017-01-21,32,cama_mesa_banho,46.53
2017-01-22,33,cama_mesa_banho,47.07
2017-01-23,34,cama_mesa_banho,49.59
2017-01-24,35,cama_mesa_banho,50.08
2017-01-25,36,cama_mesa_banho,50.06
2017-01-26,37,cama_mesa_banho,49.66
2017-01-27,38,cama_mesa_banho,46.9
2017-01-28,39,cama_mesa_banho,46.45
2017-01-29,40,cama_mesa_banho,48.75
2017-01-30,41,cama_mesa_banho,47.52
2017-01-31,42,cama_mesa_banho,45.15
2017-02-01,43,cama_mesa_banho,57.83
2017-02-02,44,cama_mesa_banho,57.7
2017-02-03,45,cama_mesa_banho,58.74
2017-02-04,46,cama_mesa_banho,58.9
2017-02-05,47,cama_mesa_banho,59.68
2017-02-06,48,cama_mesa_banho,63.35
2017-02-07,49,cama_mesa_banho,62.43
2017-02-08,50,cama_mesa_banho,63.23
2017-02-09,51,cama_mesa_banho,65.21
2017-02-10,52,cama_mesa_banho,67.3
2017-02-11,53,cama_mesa_banho,67.59
2017-02-12,54,cama_mesa_banho,66.67
2017-02-13,55,cama_mesa_banho,68.05
2017-02-14,56,cama_mesa_banho,66.14
2017-02-15,57,cama_mesa_banho,65.83
2017-02-16,58,cama_mesa_banho,63.97
2017-02-17,59,cama_mesa_banho,66.97
2017-02-18,60,cama_mesa_banho,66.89
2017-02-19,61,cama_mesa_banho,64.33
2017-02-20,62,cama_mesa_banho,63.42
2017-02-21,63,cama_mesa_banho,62.97
2017-02-22,64,cama_mesa_banho,62.8
2017-02-23,65,cama_mesa_banho,62.79
2017-02-24,66,cama_mesa_banho,62.9
2017-02-25,67,cama_mesa_banho,66.1
2017-02-26,68,cama_mesa_banho,67.65
2017-02-27,69,cama_mesa_banho,67.53
2017-02-28,70,cama_mesa_banho,66.55
2017-03-01,71,cama_mesa_banho,71.96
2017-03-02,72,cama_mesa_banho,70.65
2017-03-03,73,cama_mesa_banho,70.81
2017-03-04,74,cama_mesa_banho,72.33
2017-03-05,75,cama_mesa_banho,72.77
2017-03-06,76,cama_mesa_banho,73.15
2017-03-07,77,cama_mesa_banho,70.8
2017-03-08,78,cama_mesa_banho,69.66
2017-03-09,79,cama_mesa_banho,66.68
2017-03-10,80,cama_mesa_banho,68.02
2017-03-11,81,cama_mesa_banho,67.38
2017-03-12,82,cama_mesa_banho,68.94
2017-03-13,83,cama_mesa_banho,69.08
2017-03-14,84,cama_mesa_banho,67.57
2017-03-15,85,cama_mesa_banho,66.04
2017-03-16,86,cama_mesa_banho,67.18
2017-03-17,87,cama_mesa_banho,67.23
2017-03-18,88,cama_mesa_banho,66.58
2017-03-19,89,cama_mesa_banho,68.72
2017-03-20,90,cama_mesa_banho,70.07
2017-03-21,91,cama_mesa_banho,71.18
2017-03-22,92,cama_mesa_banho,72.69
2017-03-23,93,cama_mesa_banho,71.6
2017-03-24,94,cama_mesa_banho,72.81
2017-03-25,95,cama_mesa_banho,71.53
2017-03-26,96,cama_mesa_banho,70.05
2017-03-27,97,cama_mesa_banho,69.65
2017-03-28,98,cama_mesa_banho,72.05
2017-03-29,99,cama_mesa_banho,72.87
2017-03-30,100,cama_mesa_banho,71.21
2017-03-31,101,cama_mesa_banho,69.22
2017-04-01,102,cama_mesa_banho,63.47
2017-04-02,103,cama_mesa_banho,65.59
2017-04-03,104,cama_mesa_banho,65.66
2017-04-04,105,cama_mesa_banho,64.81
2017-04-05,106,cama_mesa_banho,65.58
2017-04-06,107,cama_mesa_banho,66.45
2017-04-07,108,cama_mesa_banho,65.71
2017-04-08,109,cama_mesa_banho,61.93
2017-04-09,110,cama_mesa_banho,61.49
2017-04-10,111,cama_mesa_banho,63.59
2017-04-11,112,cama_mesa_banho,64.92
2017-04-12,113,cama_mesa_banho,65.45
2017-04-13,114,cama_mesa_banho,66.0
2017-04-14,115,cama_mesa_banho,67.32
2017-04-15,116,cama_mesa_banho,66.14
2017-04-16,117,cama_mesa_banho,65.79
2017-04-17,118,cama_mesa_banho,66.41
2017-04-18,119,cama_mesa_banho,70.84
2017-04-19,120,cama_mesa_banho,71.96
2017-04-20,121,cama_mesa_banho,72.37
2017-04-21,122,cama_mesa_banho,71.85
2017-04-22,123,cama_mesa_banho,70.38
2017-04-23,124,cama_mesa_banho,69.57
2017-04-24,125,cama_mesa_banho,72.63
2017-04-25,126,cama_mesa_banho,73.86
2017-04-26,127,cama_mesa_banho,76.36
2017-04-27,128,cama_mesa_banho,74.8
2017-04-28,129,cama_mesa_banho,74.78
2017-04-29,130,cama_mesa_banho,72.25
2017-04-30,131,cama_mesa_banho,72.49
2017-05-01,132,cama_mesa_banho,59.29
2017-05-02,133,cama_mesa_banho,58.3
2017-05-03,134,cama_mesa_banho,58.77
2017-05-04,135,cama_mesa_banho,58.02
2017-05-05,136,cama_mesa_banho,58.2
2017-05-06,137,cama_mesa_banho,54.46
2017-05-07,138,cama_mesa_banho,54.79
2017-05-08,139,cama_mesa_banho,53.12
2017-05-09,140,cama_mesa_banho,55.56
2017-05-10,141,cama_mesa_banho,56.06
2017-05-11,142,cama_mesa_banho,56.94
2017-05-12,143,cama_mesa_banho,60.98
2017-05-13,144,cama_mesa_banho,61.04
2017-05-14,145,cama_mesa_banho,59.44
2017-05-15,146,cama_mesa_banho,58.56
2017-05-16,147,cama_mesa_banho,60.13
2017-05-17,148,cama_mesa_banho,59.88
2017-05-18,149,cama_mesa_banho,61.21
2017-05-19,150,cama_mesa_banho,61.16
2017-05-20,151,cama_mesa_banho,58.62
2017-05-21,152,cama_mesa_banho,58.96
2017-05-22,153,cama_mesa_banho,57.57
2017-05-23,154,cama_mesa_banho,59.21
2017-05-24,155,cama_mesa_banho,60.77
2017-05-25,156,cama_mesa_banho,63.72
2017-05-26,157,cama_mesa_banho,64.17
2017-05-27,158,cama_mesa_banho,65.11
2017-05-28,159,cama_mesa_banho,65.51
2017-05-29,160,cama_mesa_banho,63.38
2017-05-30,161,cama_mesa_banho,64.45
2017-05-31,162,cama_mesa_banho,63.35
2017-06-01,163,cama_mesa_banho,46.79
2017-06-02,164,cama_mesa_banho,46.48
2017-06-03,165,cama_mesa_banho,44.73
2017-06-04,166,cama_mesa_banho,40.94
2017-06-05,167,cama_mesa_banho,40.42
2017-06-06,168,cama_mesa_banho,41.11
2017-06-07,169,cama_mesa_banho,40.3
2017-06-08,170,cama_mesa_banho,42.5
2017-06-09,171,cama_mesa_banho,42.64
2017-06-10,172,cama_mesa_banho,42.08
2017-06-11,173,cama_mesa_banho,42.3
2017-06-12,174,cama_mesa_banho,39.84
2017-06-13,175,cama_mesa_banho,43.28
2017-06-14,176,cama_mesa_banho,46.94
2017-06-15,177,cama_mesa_banho,46.79
2017-06-16,178,cama_mesa_banho,44.99
2017-06-17,179,cama_mesa_banho,44.27
2017-06-18,180,cama_mesa_banho,43.52
2017-06-19,181,cama_mesa_banho,45.27
2017-06-20,182,cama_mesa_banho,47.11
2017-06-21,183,cama_mesa_banho,45.65
2017-06-22,184,cama_mesa_banho,49.02
2017-06-23,185,cama_mesa_banho,46.48
2017-06-24,186,cama_mesa_banho,46.77
2017-06-25,187,cama_mesa_banho,46.79
2017-06-26,188,cama_mesa_banho,48.04
2017-06-27,189,cama_mesa_banho,48.58
2017-06-28,190,cama_mesa_banho,46.63
2017-06-29,191,cama_mesa_banho,47.77
2017-06-30,192,cama_mesa_banho,49.18
2017-07-01,193,cama_mesa_banho,33.38
2017-07-02,194,cama_mesa_banho,29.79
2017-07-03,195,cama_mesa_banho,30.21
2017-07-04,196,cama_mesa_banho,29.43
2017-07-05,197,cama_mesa_banho,30.66
2017-07-06,198,cama_mesa_banho,30.5
2017-07-07,199,cama_mesa_banho,30.8
2017-07-08,200,cama_mesa_banho,34.92
2017-07-09,201,cama_mesa_banho,33.21
2017-07-10,202,cama_mesa_banho,30.41
2017-07-11,203,cama_mesa_banho,32.61
2017-07-12,204,cama_mesa_banho,36.01
2017-07-13,205,cama_mesa_banho,39.48
2017-07-14,206,cama_mesa_banho,38.06
2017-07-15,207,cama_mesa_banho,37.98
2017-07-16,208,cama_mesa_banho,35.26
2017-07-17,209,cama_mesa_banho,35.37
2017-07-18,210,cama_mesa_banho,32.99
2017-07-19,211,cama_mesa_banho,34.7
2017-07-20,212,cama_mesa_banho,35.09
2017-07-21,213,cama_mesa_banho,31.43
2017-07-22,214,cama_mesa_banho,28.91
2017-07-23,215,cama_mesa_banho,22.71
2017-07-24,216,cama_mesa_banho,25.05
2017-07-25,217,cama_mesa_banho,22.29
2017-07-26,218,cama_mesa_banho,24.92
2017-07-27,219,cama_mesa_banho,21.76
2017-07-28,220,cama_mesa_banho,22.1
2017-07-29,221,cama_mesa_banho,21.81
2017-07-30,222,cama_mesa_banho,23.25
2017-07-31,223,cama_mesa_banho,24.31
2017-08-01,224,cama_mesa_banho,13.0
2017-08-02,225,cama_mesa_banho,15.48
2017-08-03,226,cama_mesa_banho,15.2
2017-08-04,227,cama_mesa_banho,16.11
2017-08-05,228,cama_mesa_banho,16.85
2017-08-06,229,cama_mesa_banho,16.14
2017-08-07,230,cama_mesa_banho,15.82
2017-08-08,231,cama_mesa_banho,13.27
2017-08-09,232,cama_mesa_banho,13.66
2017-08-10,233,cama_mesa_banho,14.79
2017-08-11,234,cama_mesa_banho,13.17
2017-08-12,235,cama_mesa_banho,12.0
2017-08-13,236,cama_mesa_banho,11.72
2017-08-14,237,cama_mesa_banho,13.35
2017-08-15,238,cama_mesa_banho,11.97
2017-08-16,239,cama_mesa_banho,14.74
2017-08-17,240,cama_mesa_banho,16.41
2017-08-18,241,cama_mesa_banho,16.43
2017-08-19,242,cama_mesa_banho,15.6
2017-08-20,243,cama_mesa_banho,18.28
2017-08-21,244,cama_mesa_banho,18.31
2017-08-22,245,cama_mesa_banho,17.31
2017-08-23,246,cama_mesa_banho,18.07
2017-08-24,247,cama_mesa_banho,17.4
2017-08-25,248,cama_mesa_banho,17.77
2017-08-26,249,cama_mesa_banho,17.46
2017-08-27,250,cama_mesa_banho,16.35
2017-08-28,251,cama_mesa_banho,18.98
2017-08-29,252,cama_mesa_banho,20.12
2017-08-30,253,cama_mesa_banho,18.58
2017-08-31,254,cama_mesa_banho,18.64
2017-09-01,255,cama_mesa_banho,15.2
2017-09-02,256,cama_mesa_banho,10.84
2017-09-03,257,cama_mesa_banho,10.73
2017-09-04,258,cama_mesa_banho,12.34
2017-09-05,259,cama_mesa_banho,13.98
2017-09-06,260,cama_mesa_banho,14.08
2017-09-07,261,cama_mesa_banho,12.16
2017-09-08,262,cama_mesa_banho,10.39
2017-09-09,263,cama_mesa_banho,9.65
2017-09-10,264,cama_mesa_banho,12.36
2017-09-11,265,cama_mesa_banho,11.85
2017-09-12,266,cama_mesa_banho,15.73
2017-09-13,267,cama_mesa_banho,17.91
2017-09-14,268,cama_mesa_banho,16.29
2017-09-15,269,cama_mesa_banho,16.57
2017-09-16,270,cama_mesa_banho,20.32
2017-09-17,271,cama_mesa_banho,20.28
2017-09-18,272,cama_mesa_banho,21.65
2017-09-19,273,cama_mesa_banho,20.56
2017-09-20,274,cama_mesa_banho,19.9
2017-09-21,275,cama_mesa_banho,22.48
2017-09-22,276,cama_mesa_banho,22.41
2017-09-23,277,cama_mesa_banho,20.09
2017-09-24,278,cama_mesa_banho,20.9
2017-09-25,279,cama_mesa_banho,21.88
2017-09-26,280,cama_mesa_banho,19.05
2017-09-27,281,cama_mesa_banho,20.41
2017-09-28,282,cama_mesa_banho,19.69
2017-09-29,283,cama_mesa_banho,21.56
2017-09-30,284,cama_mesa_banho,21.73
2017-10-01,285,cama_mesa_banho,24.42
2017-10-02,286,cama_mesa_banho,24.63
2017-10-03,287,cama_mesa_banho,24.72
2017-10-04,288,cama_mesa_banho,23.75
2017-10-05,289,cama_mesa_banho,22.25
2017-10-06,290,cama_mesa_banho,22.12
2017-10-07,291,cama_mesa_banho,19.55
2017-10-08,292,cama_mesa_banho,21.18
2017-10-09,293,cama_mesa_banho,21.02
2017-10-10,294,cama_mesa_banho,19.87
2017-10-11,295,cama_mesa_banho,19.21
2017-10-12,296,cama_mesa_banho,18.7
2017-10-13,297,cama_mesa_banho,19.42
2017-10-14,298,cama_mesa_banho,20.39
2017-10-15,299,cama_mesa_banho,19.77
2017-10-16,300,cama_mesa_banho,17.01
2017-10-17,301,cama_mesa_banho,18.04
2017-10-18,302,cama_mesa_banho,16.44
2017-10-19,303,cama_mesa_banho,16.57
2017-10-20,304,cama_mesa_banho,16.63
2017-10-21,305,cama_mesa_banho,20.61
2017-10-22,306,cama_mesa_banho,18.51
2017-10-23,307,cama_mesa_banho,20.7
2017-10-24,308,cama_mesa_banho,20.35
2017-10-25,309,cama_mesa_banho,21.89
2017-10-26,310,cama_mesa_banho,24.49
2017-10-27,311,cama_mesa_banho,26.41
2017-10-28,312,cama_mesa_banho,26.36
2017-10-29,313,cama_mesa_banho,24.31
2017-10-30,314,cama_mesa_banho,26.94
2017-10-31,315,cama_mesa_banho,24.81
2017-11-01,316,cama_mesa_banho,39.37
2017-11-02,317,cama_mesa_banho,39.33
2017-11-03,318,cama_mesa_banho,38.4
2017-11-04,319,cama_mesa_banho,38.13
2017-11-05,320,cama_mesa_banho,37.37
2017-11-06,321,cama_mesa_banho,35.87
2017-11-07,322,cama_mesa_banho,36.49
2017-11-08,323,cama_mesa_banho,36.05
2017-11-09,324,cama_mesa_banho,33.43
2017-11-10,325,cama_mesa_banho,35.27
2017-11-11,326,cama_mesa_banho,36.13
2017-11-12,327,cama_mesa_banho,34.6
2017-11-13,328,cama_mesa_banho,36.21
2017-11-14,329,cama_mesa_banho,35.18
2017-11-15,330,cama_mesa_banho,37.61
2017-11-16,331,cama_mesa_banho,37.58
2017-11-17,332,cama_mesa_banho,37.83
2017-11-18,333,cama_mesa_banho,41.11
2017-11-19,334,cama_mesa_banho,41.17
2017-11-20,335,cama_mesa_banho,41.47
2017-11-21,336,cama_mesa_banho,38.58
2017-11-22,337,cama_mesa_banho,40.7
2017-11-23,338,cama_mesa_banho,40.0
2017-11-24,339,cama_mesa_banho,40.12
2017-11-25,340,cama_mesa_banho,36.22
2017-11-26,341,cama_mesa_banho,35.96
2017-11-27,342,cama_mesa_banho,34.47
2017-11-28,343,cama_mesa_banho,32.38
2017-11-29,344,cama_mesa_banho,33.22
2017-11-30,345,cama_mesa_banho,32.54
2017-12-01,346,cama_mesa_banho,50.97
2017-12-02,347,cama_mesa_banho,49.41
2017-12-03,348,cama_mesa_banho,48.58
2017-12-04,349,cama_mesa_banho,47.86
2017-12-05,350,cama_mesa_banho,52.41
2017-12-06,351,cama_mesa_banho,52.12
2017-12-07,352,cama_mesa_banho,55.47
2017-12-08,353,cama_mesa_banho,55.96
2017-12-09,354,cama_mesa_banho,56.19
2017-12-10,355,cama_mesa_banho,56.38
2017-12-11,356,cama_mesa_banho,57.73
2017-12-12,357,cama_mesa_banho,57.28
2017-12-13,358,cama_mesa_banho,58.19
2017-12-14,359,cama_mesa_banho,59.25
2017-12-15,360,cama_mesa_banho,57.53
2017-12-16,361,cama_mesa_banho,59.56
2017-12-17,362,cama_mesa_banho,57.6
2017-12-18,363,cama_mesa_banho,58.71
2017-12-19,364,cama_mesa_banho,60.76
2017-12-20,365,cama_mesa_banho,59.97
2017-12-21,366,cama_mesa_banho,58.86
2017-12-22,367,cama_mesa_banho,57.2
2017-12-23,368,cama_mesa_banho,54.52
2017-12-24,369,cama_mesa_banho,55.11
2017-12-25,370,cama_mesa_banho,54.64
2017-12-26,371,cama_mesa_banho,52.98
2017-12-27,372,cama_mesa_banho,53.33
2017-12-28,373,cama_mesa_banho,52.55
2017-12-29,374,cama_mesa_banho,51.98
2017-12-30,375,cama_mesa_banho,51.68
2017-12-31,376,cama_mesa_banho,50.44
2018-01-01,377,cama_mesa_banho,69.81
2018-01-02,378,cama_mesa_banho,72.81
2018-01-03,379,cama_mesa_banho,73.03
2018-01-04,380,cama_mesa_banho,72.62
2018-01-05,381,cama_mesa_banho,72.51
2018-01-06,382,cama_mesa_banho,72.37
2018-01-07,383,cama_mesa_banho,72.51
2018-01-08,384,cama_mesa_banho,71.78
2018-01-09,385,cama_mesa_banho,71.4
2018-01-10,386,cama_mesa_banho,70.12
2018-01-11,387,cama_mesa_banho,68.44
2018-01-12,388,cama_mesa_banho,69.73
2018-01-13,389,cama_mesa_banho,68.78
2018-01-14,390,cama_mesa_banho,69.12
2018-01-15,391,cama_mesa_banho,71.17
2018-01-16,392,cama_mesa_banho,70.25
2018-01-17,393,cama_mesa_banho,68.41
2018-01-18,394,cama_mesa_banho,67.68
2018-01-19,395,cama_mesa_banho,67.47
2018-01-20,396,cama_mesa_banho,68.59
2018-01-21,397,cama_mesa_banho,68.96
2018-01-22,398,cama_mesa_banho,68.64
2018-01-23,399,cama_mesa_banho,69.05
2018-01-24,400,cama_mesa_banho,69.78
2018-01-25,401,cama_mesa_banho,70.84
2018-01-26,402,cama_mesa_banho,71.35
2018-01-27,403,cama_mesa_banho,73.62
2018-01-28,404,cama_mesa_banho,73.25
2018-01-29,405,cama_mesa_banho,72.86
2018-01-30,406,cama_mesa_banho,73.38
2018-01-31,407,cama_mesa_banho,73.07
2018-02-01,408,cama_mesa_banho,84.86
2018-02-02,409,cama_mesa_banho,87.79
2018-02-03,410,cama_mesa_banho,86.6
2018-02-04,411,cama_mesa_banho,83.93
2018-02-05,412,cama_mesa_banho,84.33
2018-02-06,413,cama_mesa_banho,84.52
2018-02-07,414,cama_mesa_banho,85.52
2018-02-08,415,cama_mesa_banho,88.17
2018-02-09,416,cama_mesa_banho,85.98
2018-02-10,417,cama_mesa_banho,83.71
2018-02-11,418,cama_mesa_banho,82.72
2018-02-12,419,cama_mesa_banho,81.25
2018-02-13,420,cama_mesa_banho,80.27
2018-02-14,421,cama_mesa_banho,77.17
2018-02-15,422,cama_mesa_banho,77.99
2018-02-16,423,cama_mesa_banho,77.86
2018-02-17,424,cama_mesa_banho,76.27
2018-02-18,425,cama_mesa_banho,73.55
2018-02-19,426,cama_mesa_banho,75.38
2018-02-20,427,cama_mesa_banho,78.48
2018-02-21,428,cama_mesa_banho,78.38
2018-02-22,429,cama_mesa_banho,77.7
2018-02-23,430,cama_mesa_banho,76.18
2018-02-24,431,cama_mesa_banho,78.86
2018-02-25,432,cama_mesa_banho,76.84
2018-02-26,433,cama_mesa_banho,76.29
2018-02-27,434,cama_mesa_banho,77.01
2018-02-28,435,cama_mesa_banho,79.24
2018-03-01,436,cama_mesa_banho,82.57
2018-03-02,437,cama_mesa_banho,82.54
2018-03-03,438,cama_mesa_banho,84.04
2018-03-04,439,cama_mesa_banho,85.76
2018-03-05,440,cama_mesa_banho,88.71
2018-03-06,441,cama_mesa_banho,90.2
2018-03-07,442,cama_mesa_banho,89.43
2018-03-08,443,cama_mesa_banho,86.88
2018-03-09,444,cama_mesa_banho,88.62
2018-03-10,445,cama_mesa_banho,87.69
2018-03-11,446,cama_mesa_banho,91.45
2018-03-12,447,cama_mesa_banho,89.78
2018-03-13,448,cama_mesa_banho,89.78
2018-03-14,449,cama_mesa_banho,89.85
2018-03-15,450,cama_mesa_banho,91.01
2018-03-16,451,cama_mesa_banho,91.0
2018-03-17,452,cama_mesa_banho,93.27
2018-03-18,453,cama_mesa_banho,94.32
2018-03-19,454,cama_mesa_banho,95.0
2018-03-20,455,cama_mesa_banho,94.32
2018-03-21,456,cama_mesa_banho,93.55
2018-03-22,457,cama_mesa_banho,93.37
2018-03-23,458,cama_mesa_banho,91.36
2018-03-24,459,cama_mesa_banho,90.88
2018-03-25,460,cama_mesa_banho,90.0
2018-03-26,461,cama_mesa_banho,91.49
2018-03-27,462,cama_mesa_banho,91.44
2018-03-28,463,cama_mesa_banho,91.16
2018-03-29,464,cama_mesa_banho,90.65
2018-03-30,465,cama_mesa_banho,90.73
2018-03-31,466,cama_mesa_banho,91.02
2018-04-01,467,cama_mesa_banho,88.66
2018-04-02,468,cama_mesa_banho,88.27
2018-04-03,469,cama_mesa_banho,86.77
2018-04-04,470,cama_mesa_banho,89.93
2018-04-05,471,cama_mesa_banho,88.81
2018-04-06,472,cama_mesa_banho,88.89
2018-04-07,473,cama_mesa_banho,92.5
2018-04-08,474,cama_mesa_banho,91.73
2018-04-09,475,cama_mesa_banho,92.76
2018-04-10,476,cama_mesa_banho,90.63
2018-04-11,477,cama_mesa_banho,90.94
2018-04-12,478,cama_mesa_banho,94.14
2018-04-13,479,cama_mesa_banho,92.97
2018-04-14,480,cama_mesa_banho,92.08
2018-04-15,481,cama_mesa_banho,91.43
2018-04-16,482,cama_mesa_banho,90.47
2018-04-17,483,cama_mesa_banho,90.43
2018-04-18,484,cama_mesa_banho,89.88
2018-04-19,485,cama_mesa_banho,90.6
2018-04-20,486,cama_mesa_banho,91.63
2018-04-21,487,cama_mesa_banho,91.33
2018-04-22,488,cama_mesa_banho,90.72
2018-04-23,489,cama_mesa_banho,92.15
2018-04-24,490,cama_mesa_banho,88.03
2018-04-25,491,cama_mesa_banho,86.83
2018-04-26,492,cama_mesa_banho,89.1
2018-04-27,493,cama_mesa_banho,87.78
2018-04-28,494,cama_mesa_banho,87.55
2018-04-29,495,cama_mesa_banho,85.02
2018-04-30,496,cama_mesa_banho,84.11
2018-05-01,497,cama_mesa_banho,69.87
2018-05-02,498,cama_mesa_banho,69.2
2018-05-03,499,cama_mesa_banho,68.17
2018-05-04,500,cama_mesa_banho,69.48
2018-05-05,501,cama_mesa_banho,70.82
2018-05-06,502,cama_mesa_banho,70.19
2018-05-07,503,cama_mesa_banho,72.95
2018-05-08,504,cama_mesa_banho,71.8
2018-05-09,505,cama_mesa_banho,74.93
2018-05-10,506,cama_mesa_banho,77.49
2018-05-11,507,cama_mesa_banho,79.05
2018-05-12,508,cama_mesa_banho,79.48
2018-05-13,509,cama_mesa_banho,79.71
2018-05-14,510,cama_mesa_banho,81.17
2018-05-15,511,cama_mesa_banho,83.14
2018-05-16,512,cama_mesa_banho,83.49
2018-05-17,513,cama_mesa_banho,81.61
2018-05-18,514,cama_mesa_banho,82.99
2018-05-19,515,cama_mesa_banho,79.82
2018-05-20,516,cama_mesa_banho,78.43
2018-05-21,517,cama_mesa_banho,80.91
2018-05-22,518,cama_mesa_banho,78.85
2018-05-23,519,cama_mesa_banho,78.18
2018-05-24,520,cama_mesa_banho,78.16
2018-05-25,521,cama_mesa_banho,75.18
2018-05-26,522,cama_mesa_banho,73.53
2018-05-27,523,cama_mesa_banho,72.44
2018-05-28,524,cama_mesa_banho,71.36
2018-05-29,525,cama_mesa_banho,72.03
2018-05-30,526,cama_mesa_banho,73.2
2018-05-31,527,cama_mesa_banho,70.19
2018-06-01,528,cama_mesa_banho,53.9
2018-06-02,529,cama_mesa_banho,54.48
2018-06-03,530,cama_mesa_banho,55.27
2018-06-04,531,cama_mesa_banho,56.28
2018-06-05,532,cama_mesa_banho,56.74
2018-06-06,533,cama_mesa_banho,57.36
2018-06-07,534,cama_mesa_banho,56.95
2018-06-08,535,cama_mesa_banho,58.8
2018-06-09,536,cama_mesa_banho,58.46
2018-06-10,537,cama_mesa_banho,59.61
2018-06-11,538,cama_mesa_banho,62.84
2018-06-12,539,cama_mesa_banho,62.29
2018-06-13,540,cama_mesa_banho,62.83
2018-06-14,541,cama_mesa_banho,63.31
2018-06-15,542,cama_mesa_banho,63.52
2018-06-16,543,cama_mesa_banho,63.5
2018-06-17,544,cama_mesa_banho,65.55
2018-06-18,545,cama_mesa_banho,66.49
2018-06-19,546,cama_mesa_banho,64.76
2018-06-20,547,cama_mesa_banho,64.39
2018-06-21,548,cama_mesa_banho,64.48
2018-06-22,549,cama_mesa_banho,65.18
2018-06-23,550,cama_mesa_banho,64.96
2018-06-24,551,cama_mesa_banho,66.89
2018-06-25,552,cama_mesa_banho,66.87
2018-06-26,553,cama_mesa_banho,67.78
2018-06-27,554,cama_mesa_banho,66.56
2018-06-28,555,cama_mesa_banho,66.04
2018-06-29,556,cama_mesa_banho,67.66
2018-06-30,557,cama_mesa_banho,69.22
2018-07-01,558,cama_mesa_banho,50.96
2018-07-02,559,cama_mesa_banho,49.72
2018-07-03,560,cama_mesa_banho,49.29
2018-07-04,561,cama_mesa_banho,44.76
2018-07-05,562,cama_mesa_banho,44.92
2018-07-06,563,cama_mesa_banho,45.29
2018-07-07,564,cama_mesa_banho,46.98
2018-07-08,565,cama_mesa_banho,48.49
2018-07-09,566,cama_mesa_banho,49.55
2018-07-10,567,cama_mesa_banho,48.23
2018-07-11,568,cama_mesa_banho,49.11
2018-07-12,569,cama_mesa_banho,51.13
2018-07-13,570,cama_mesa_banho,48.64
2018-07-14,571,cama_mesa_banho,50.06
2018-07-15,572,cama_mesa_banho,49.82
2018-07-16,573,cama_mesa_banho,46.25
2018-07-17,574,cama_mesa_banho,46.13
2018-07-18,575,cama_mesa_banho,43.5
2018-07-19,576,cama_mesa_banho,40.27
2018-07-20,577,cama_mesa_banho,41.61
2018-07-21,578,cama_mesa_banho,42.5
2018-07-22,579,cama_mesa_banho,42.89
2018-07-23,580,cama_mesa_banho,44.48
2018-07-24,581,cama_mesa_banho,46.4
2018-07-25,582,cama_mesa_banho,47.97
2018-07-26,583,cama_mesa_banho,50.88
2018-07-27,584,cama_mesa_banho,49.87
2018-07-28,585,cama_mesa_banho,50.57
2018-07-29,586,cama_mesa_banho,54.12
2018-07-30,587,cama_mesa_banho,52.95
2018-07-31,588,cama_mesa_banho,54.69
2018-08-01,589,cama_mesa_banho,41.93
2018-08-02,590,cama_mesa_banho,42.42
2018-08-03,591,cama_mesa_banho,40.93
2018-08-04,592,cama_mesa_banho,40.43
2018-08-05,593,cama_mesa_banho,37.99
2018-08-06,594,cama_mesa_banho,38.38
2018-08-07,595,cama_mesa_banho,36.77
2018-08-08,596,cama_mesa_banho,35.53
2018-08-09,597,cama_mesa_banho,37.52
2018-08-10,598,cama_mesa_banho,35.81
2018-08-11,599,cama_mesa_banho,33.61
2018-08-12,600,cama_mesa_banho,36.12
2018-08-13,601,cama_mesa_banho,37.35
2018-08-14,602,cama_mesa_banho,36.19
2018-08-15,603,cama_mesa_banho,38.56
2018-08-16,604,cama_mesa_banho,39.49
2018-08-17,605,cama_mesa_banho,40.06
2018-08-18,606,cama_mesa_banho,40.19
2018-08-19,607,cama_mesa_banho,38.3
2018-08-20,608,cama_mesa_banho,37.07
2018-08-21,609,cama_mesa_banho,39.18
2018-08-22,610,cama_mesa_banho,35.0
2018-08-23,611,cama_mesa_banho,34.87
2018-08-24,612,cama_mesa_banho,36.58
2018-08-25,613,cama_mesa_banho,37.08
2018-08-26,614,cama_mesa_banho,37.91
2018-08-27,615,cama_mesa_banho,39.18
2018-08-28,616,cama_mesa_banho,38.34
2017-02-04,46,casa_conforto,61.51
2017-02-16,58,casa_conforto,64.37
2017-02-28,70,casa_conforto,65.47
2017-03-06,76,casa_conforto,70.74
2017-03-09,79,casa_conforto,70.19
2017-03-16,86,casa_conforto,70.24
2017-03-20,90,casa_conforto,68.93
2017-03-22,92,casa_conforto,67.65
2017-03-24,94,casa_conforto,67.56
2017-03-27,97,casa_conforto,64.16
2017-03-28,98,casa_conforto,64.69
2017-03-29,99,casa_conforto,64.52
2017-04-02,103,casa_conforto,60.69
2017-04-04,105,casa_conforto,58.87
2017-04-05,106,casa_conforto,57.89
2017-04-17,118,casa_conforto,54.19
2017-04-18,119,casa_conforto,56.84
2017-04-19,120,casa_conforto,55.69
2017-04-20,121,casa_conforto,58.68
2017-04-22,123,casa_conforto,63.08
2017-04-28,129,casa_conforto,61.84
2017-05-01,132,casa_conforto,47.72
2017-05-02,133,casa_conforto,47.95
2017-05-04,135,casa_conforto,49.45
2017-05-06,137,casa_conforto,50.13
2017-05-07,138,casa_conforto,52.41
2017-05-08,139,casa_conforto,48.63
2017-05-11,142,casa_conforto,47.34
2017-05-12,143,casa_conforto,46.19
2017-05-15,146,casa_conforto,44.45
2017-05-16,147,casa_conforto,45.01
2017-05-17,148,casa_conforto,47.4
2017-05-19,150,casa_conforto,48.54
2017-05-21,152,casa_conforto,49.38
2017-05-22,153,casa_conforto,48.95
2017-05-23,154,casa_conforto,50.3
2017-05-24,155,casa_conforto,50.95
2017-05-26,157,casa_conforto,54.11
2017-05-29,160,casa_conforto,54.64
2017-05-31,162,casa_conforto,56.3
2017-06-02,164,casa_conforto,38.2
2017-06-03,165,casa_conforto,36.52
2017-06-05,167,casa_conforto,34.11
2017-06-07,169,casa_conforto,34.69
2017-06-10,172,casa_conforto,35.84
2017-06-11,173,casa_conforto,37.2
2017-06-14,176,casa_conforto,38.39
2017-06-16,178,casa_conforto,37.62
2017-06-22,184,casa_conforto,38.49
2017-06-24,186,casa_conforto,38.14
2017-06-25,187,casa_conforto,42.23
2017-06-28,190,casa_conforto,43.66
2017-06-29,191,casa_conforto,43.44
2017-07-01,193,casa_conforto,25.28
2017-07-02,194,casa_conforto,22.89
2017-07-03,195,casa_conforto,21.98
2017-07-05,197,casa_conforto,24.19
2017-07-09,201,casa_conforto,27.22
2017-07-10,202,casa_conforto,26.97
2017-07-11,203,casa_conforto,28.16
2017-07-12,204,casa_conforto,26.0
2017-07-13,205,casa_conforto,24.34
2017-07-14,206,casa_conforto,26.95
2017-07-15,207,casa_conforto,29.24
2017-07-18,210,casa_conforto,31.42
2017-07-19,211,casa_conforto,31.21
2017-07-20,212,casa_conforto,30.26
2017-07-21,213,casa_conforto,29.69
2017-07-25,217,casa_conforto,30.37
2017-07-27,219,casa_conforto,29.73
2017-07-28,220,casa_conforto,31.62
2017-07-29,221,casa_conforto,33.82
2017-07-30,222,casa_conforto,32.32
2017-08-02,225,casa_conforto,20.78
2017-08-03,226,casa_conforto,19.04
2017-08-04,227,casa_conforto,19.99
2017-08-05,228,casa_conforto,18.24
2017-08-07,230,casa_conforto,17.13
2017-08-09,232,casa_conforto,14.6
2017-08-11,234,casa_conforto,14.74
2017-08-12,235,casa_conforto,13.78
2017-08-14,237,casa_conforto,11.29
2017-08-15,238,casa_conforto,12.51
2017-08-22,245,casa_conforto,10.98
2017-08-24,247,casa_conforto,13.92
2017-08-26,249,casa_conforto,12.75
2017-08-27,250,casa_conforto,14.84
2017-08-28,251,casa_conforto,13.43
2017-08-29,252,casa_conforto,13.87
2017-08-30,253,casa_conforto,12.74
2017-08-31,254,casa_conforto,13.97
2017-09-01,255,casa_conforto,13.72
2017-09-02,256,casa_conforto,12.33
2017-09-03,257,casa_conforto,14.51
2017-09-08,262,casa_conforto,10.85
2017-09-11,265,casa_conforto,9.5
2017-09-14,268,casa_conforto,7.95
2017-09-15,269,casa_conforto,7.58
2017-09-17,271,casa_conforto,6.48
2017-09-18,272,casa_conforto,7.68
2017-09-21,275,casa_conforto,6.48
2017-09-22,276,casa_conforto,5.0
2017-09-24,278,casa_conforto,6.98
2017-09-26,280,casa_conforto,6.1
2017-09-27,281,casa_conforto,9.73
2017-09-28,282,casa_conforto,11.24
2017-09-29,283,casa_conforto,11.09
2017-10-01,285,casa_conforto,18.62
2017-10-03,287,casa_conforto,19.98
2017-10-04,288,casa_conforto,18.44
2017-10-05,289,casa_conforto,18.61
2017-10-07,291,casa_conforto,17.13
2017-10-09,293,casa_conforto,15.88
2017-10-10,294,casa_conforto,16.11
2017-10-11,295,casa_conforto,15.85
2017-10-12,296,casa_conforto,14.95
2017-10-13,297,casa_conforto,15.94
2017-10-17,301,casa_conforto,16.09
2017-10-18,302,casa_conforto,17.56
2017-10-19,303,casa_conforto,21.41
2017-10-20,304,casa_conforto,23.22
2017-10-22,306,casa_conforto,25.89
2017-10-30,314,casa_conforto,24.82
2017-10-31,315,casa_conforto,25.46
2017-11-01,316,casa_conforto,37.18
2017-11-02,317,casa_conforto,37.73
2017-11-03,318,casa_conforto,38.67
2017-11-04,319,casa_conforto,38.64
2017-11-07,322,casa_conforto,38.77
2017-11-08,323,casa_conforto,35.23
2017-11-14,329,casa_conforto,34.82
2017-11-15,330,casa_conforto,32.74
2017-11-19,334,casa_conforto,34.85
2017-11-21,336,casa_conforto,33.65
2017-11-22,337,casa_conforto,33.57
2017-11-23,338,casa_conforto,35.33
2017-11-24,339,casa_conforto,33.96
2017-11-25,340,casa_conforto,35.32
2017-11-26,341,casa_conforto,32.57
2017-11-27,342,casa_conforto,33.05
2017-11-28,343,casa_conforto,32.71
2017-11-29,344,casa_conforto,34.35
2017-11-30,345,casa_conforto,34.08
2017-12-02,347,casa_conforto,51.03
2017-12-03,348,casa_conforto,51.93
2017-12-04,349,casa_conforto,50.82
2017-12-10,355,casa_conforto,53.96
2017-12-11,356,casa_conforto,52.72
2017-12-12,357,casa_conforto,56.18
2017-12-13,358,casa_conforto,55.85
2017-12-17,362,casa_conforto,55.42
2017-12-23,368,casa_conforto,54.45
2017-12-25,370,casa_conforto,53.45
2018-01-03,379,casa_conforto,70.61
2018-01-04,380,casa_conforto,69.56
2018-01-05,381,casa_conforto,70.78
2018-01-06,382,casa_conforto,67.86
2018-01-07,383,casa_conforto,69.07
2018-01-09,385,casa_conforto,67.01
2018-01-10,386,casa_conforto,68.6
2018-01-11,387,casa_conforto,69.81
2018-01-12,388,casa_conforto,69.6
2018-01-16,392,casa_conforto,72.02
2018-01-20,396,casa_conforto,70.18
2018-01-22,398,casa_conforto,72.77
2018-01-23,399,casa_conforto,72.1
2018-01-25,401,casa_conforto,72.81
2018-01-30,406,casa_conforto,70.44
2018-02-04,411,casa_conforto,84.77
2018-02-05,412,casa_conforto,83.9
2018-02-07,414,casa_conforto,82.11
2018-02-08,415,casa_conforto,82.67
2018-02-09,416,casa_conforto,80.28
2018-02-11,418,casa_conforto,84.19
2018-02-13,420,casa_conforto,81.81
2018-02-14,421,casa_conforto,82.95
2018-02-15,422,casa_conforto,84.07
2018-02-18,425,casa_conforto,83.35
2018-02-19,426,casa_conforto,82.47
2018-02-20,427,casa_conforto,84.29
2018-02-22,429,casa_conforto,85.11
2018-02-23,430,casa_conforto,86.98
2018-02-26,433,casa_conforto,89.83
2018-02-28,435,casa_conforto,88.84
2018-03-01,436,casa_conforto,93.52
2018-03-06,441,casa_conforto,91.28
2018-03-07,442,casa_conforto,90.39
2018-03-11,446,casa_conforto,91.98
2018-03-12,447,casa_conforto,92.79
2018-03-15,450,casa_conforto,89.25
2018-03-16,451,casa_conforto,89.6
2018-03-17,452,casa_conforto,88.44
2018-03-19,454,casa_conforto,86.96
2018-03-20,455,casa_conforto,87.55
2018-03-22,457,casa_conforto,88.76
2018-03-23,458,casa_conforto,91.85
2018-03-27,462,casa_conforto,92.47
2018-03-29,464,casa_conforto,93.51
2018-04-02,468,casa_conforto,90.56
2018-04-03,469,casa_conforto,95.0
2018-04-06,472,casa_conforto,93.78
2018-04-07,473,casa_conforto,93.4
2018-04-10,476,casa_conforto,93.44
2018-04-11,477,casa_conforto,92.57
2018-04-14,480,casa_conforto,93.03
2018-04-15,481,casa_conforto,90.49
2018-04-19,485,casa_conforto,90.97
2018-04-21,487,casa_conforto,87.43
2018-04-23,489,casa_conforto,87.32
2018-04-28,494,casa_conforto,85.18
2018-04-29,495,casa_conforto,86.73
2018-05-06,502,casa_conforto,74.7
2018-05-07,503,casa_conforto,76.67
2018-05-09,505,casa_conforto,72.68
2018-05-10,506,casa_conforto,71.93
2018-05-11,507,casa_conforto,72.96
2018-05-12,508,casa_conforto,72.44
2018-05-14,510,casa_conforto,77.21
2018-05-15,511,casa_conforto,74.45
2018-05-17,513,casa_conforto,76.17
2018-05-18,514,casa_conforto,76.66
2018-05-21,517,casa_conforto,78.74
2018-05-22,518,casa_conforto,76.62
2018-05-24,520,casa_conforto,79.35
2018-05-26,522,casa_conforto,80.85
2018-06-04,531,casa_conforto,65.12
2018-06-05,532,casa_conforto,63.89
2018-06-07,534,casa_conforto,61.21
2018-06-08,535,casa_conforto,62.92
2018-06-10,537,casa_conforto,63.13
2018-06-13,540,casa_conforto,61.97
2018-06-17,544,casa_conforto,56.92
2018-06-19,546,casa_conforto,58.52
2018-06-22,549,casa_conforto,58.04
2018-06-24,551,casa_conforto,54.31
2018-06-27,554,casa_conforto,50.4
2018-06-30,557,casa_conforto,53.45
2018-07-07,564,casa_conforto,37.89
2018-07-13,570,casa_conforto,37.26
2018-07-14,571,casa_conforto,38.07
2018-07-15,572,casa_conforto,39.82
2018-07-16,573,casa_conforto,45.56
2018-07-18,575,casa_conforto,43.31
2018-07-19,576,casa_conforto,44.91
2018-07-20,577,casa_conforto,45.53
2018-07-22,579,casa_conforto,48.88
2018-07-23,580,casa_conforto,47.69
2018-07-26,583,casa_conforto,48.43
2018-07-27,584,casa_conforto,48.89
2018-07-28,585,casa_conforto,48.07
2018-07-29,586,casa_conforto,48.28
2018-07-30,587,casa_conforto,49.07
2018-07-31,588,casa_conforto,50.53
2018-08-01,589,casa_conforto,37.44
2018-08-02,590,casa_conforto,39.88
2018-08-03,591,casa_conforto,39.29
2018-08-04,592,casa_conforto,41.56
2018-08-08,596,casa_conforto,40.56
2018-08-10,598,casa_conforto,39.93
2018-08-11,599,casa_conforto,38.7
2018-08-13,601,casa_conforto,38.84
2018-08-14,602,casa_conforto,36.1
2018-08-16,604,casa_conforto,35.83
2018-08-24,612,casa_conforto,39.18
2017-01-25,36,casa_conforto_2,40.74
2017-01-26,37,casa_conforto_2,38.64
2017-03-13,83,casa_conforto_2,19.11
2017-03-30,100,casa_conforto_2,10.32
2017-04-07,108,casa_conforto_2,5.0
2017-06-10,172,casa_conforto_2,8.02
2017-07-02,194,casa_conforto_2,6.24
2017-08-20,243,casa_conforto_2,14.08
2017-08-31,254,casa_conforto_2,16.27
2017-09-07,261,casa_conforto_2,18.19
2017-10-16,300,casa_conforto_2,28.69
2017-10-17,301,casa_conforto_2,32.18
2017-10-28,312,casa_conforto_2,36.65
2017-11-11,326,casa_conforto_2,73.93
2017-11-20,335,casa_conforto_2,78.17
2017-11-26,341,casa_conforto_2,87.26
2018-02-24,431,casa_conforto_2,89.9
2018-02-25,432,casa_conforto_2,74.02
2018-03-05,440,casa_conforto_2,68.79
2018-04-07,473,casa_conforto_2,76.24
2018-06-08,535,casa_conforto_2,95.0
2018-07-14,571,casa_conforto_2,89.07
2018-07-28,585,casa_conforto_2,94.2
2017-02-09,51,casa_construcao,70.84
2017-02-18,60,casa_construcao,70.65
2017-02-25,67,casa_construcao,70.51
2017-03-07,77,casa_construcao,74.37
2017-03-13,83,casa_construcao,74.6
2017-03-15,85,casa_construcao,75.92
2017-03-24,94,casa_construcao,78.07
2017-03-25,95,casa_construcao,77.91
2017-04-09,110,casa_construcao,73.88
2017-04-12,113,casa_construcao,75.97
2017-04-20,121,casa_construcao,76.0
2017-04-23,124,casa_construcao,75.66
2017-04-28,129,casa_construcao,74.99
2017-05-02,133,casa_construcao,63.07
2017-05-09,140,casa_construcao,59.4
2017-05-18,149,casa_construcao,56.88
2017-05-27,158,casa_construcao,54.98
2017-06-03,165,casa_construcao,39.98
2017-06-12,174,casa_construcao,39.99
2017-06-26,188,casa_construcao,37.45
2017-06-27,189,casa_construcao,36.89
2017-07-27,219,casa_construcao,19.53
2017-08-16,239,casa_construcao,8.76
2017-09-08,262,casa_construcao,5.0
2017-09-13,267,casa_construcao,10.13
2017-09-14,268,casa_construcao,9.04
2017-09-15,269,casa_construcao,9.8
2017-09-17,271,casa_construcao,6.34
2017-09-23,277,casa_construcao,7.29
2017-09-27,281,casa_construcao,9.49
2017-09-29,283,casa_construcao,10.28
2017-10-02,286,casa_construcao,16.01
2017-10-06,290,casa_construcao,16.06
2017-10-08,292,casa_construcao,17.78
2017-10-09,293,casa_construcao,16.4
2017-10-10,294,casa_construcao,17.65
2017-10-12,296,casa_construcao,16.41
2017-10-14,298,casa_construcao,17.14
2017-10-15,299,casa_construcao,16.53
2017-10-17,301,casa_construcao,17.37
2017-10-21,305,casa_construcao,16.58
2017-10-23,307,casa_construcao,16.42
2017-10-25,309,casa_construcao,15.55
2017-11-05,320,casa_construcao,24.92
2017-11-09,324,casa_construcao,25.75
2017-11-10,325,casa_construcao,23.89
2017-11-11,326,casa_construcao,26.88
2017-11-14,329,casa_construcao,27.25
2017-11-15,330,casa_construcao,28.14
2017-11-16,331,casa_construcao,25.38
2017-11-18,333,casa_construcao,26.63
2017-11-19,334,casa_construcao,27.86
2017-11-21,336,casa_construcao,28.94
2017-11-23,338,casa_construcao,28.51
2017-11-24,339,casa_construcao,28.58
2017-11-25,340,casa_construcao,29.08
2017-11-26,341,casa_construcao,27.35
2017-11-27,342,casa_construcao,29.53
2017-11-28,343,casa_construcao,29.74
2017-12-01,346,casa_construcao,47.61
2017-12-03,348,casa_construcao,45.74
2017-12-05,350,casa_construcao,45.83
2017-12-06,351,casa_construcao,45.51
2017-12-07,352,casa_construcao,44.03
2017-12-08,353,casa_construcao,44.8
2017-12-10,355,casa_construcao,46.33
2017-12-11,356,casa_construcao,48.22
2017-12-12,357,casa_construcao,45.77
2017-12-13,358,casa_construcao,41.07
2017-12-14,359,casa_construcao,41.52
2017-12-15,360,casa_construcao,43.18
2017-12-16,361,casa_construcao,40.47
2017-12-18,363,casa_construcao,39.38
2017-12-20,365,casa_construcao,45.67
2017-12-27,372,casa_construcao,44.47
2017-12-29,374,casa_construcao,45.51
2018-01-03,379,casa_construcao,59.57
2018-01-04,380,casa_construcao,58.48
2018-01-08,384,casa_construcao,62.26
2018-01-09,385,casa_construcao,61.72
2018-01-10,386,casa_construcao,61.01
2018-01-11,387,casa_construcao,63.04
2018-01-12,388,casa_construcao,64.68
2018-01-13,389,casa_construcao,61.28
2018-01-14,390,casa_construcao,60.24
2018-01-15,391,casa_construcao,60.07
2018-01-17,393,casa_construcao,58.62
2018-01-19,395,casa_construcao,58.79
2018-01-20,396,casa_construcao,60.02
2018-01-22,398,casa_construcao,61.08
2018-01-23,399,casa_construcao,61.62
2018-01-25,401,casa_construcao,60.19
2018-01-26,402,casa_construcao,59.14
2018-01-28,404,casa_construcao,59.12
2018-01-29,405,casa_construcao,58.85
2018-02-01,408,casa_construcao,69.33
2018-02-03,410,casa_construcao,72.61
2018-02-04,411,casa_construcao,76.95
2018-02-05,412,casa_construcao,75.67
2018-02-07,414,casa_construcao,76.1
2018-02-09,416,casa_construcao,73.97
2018-02-10,417,casa_construcao,76.59
2018-02-11,418,casa_construcao,76.6
2018-02-14,421,casa_construcao,77.42
2018-02-15,422,casa_construcao,79.18
2018-02-16,423,casa_construcao,81.8
2018-02-17,424,casa_construcao,80.07
2018-02-18,425,casa_construcao,79.23
2018-02-19,426,casa_construcao,79.52
2018-02-20,427,casa_construcao,78.54
2018-02-22,429,casa_construcao,80.76
2018-02-24,431,casa_construcao,79.06
2018-02-25,432,casa_construcao,80.14
2018-02-26,433,casa_construcao,79.82
2018-02-27,434,casa_construcao,80.54
2018-03-01,436,casa_construcao,83.5
2018-03-02,437,casa_construcao,85.65
2018-03-03,438,casa_construcao,86.14
2018-03-05,440,casa_construcao,85.32
2018-03-06,441,casa_construcao,86.7
2018-03-08,443,casa_construcao,85.6
2018-03-10,445,casa_construcao,87.47
2018-03-11,446,casa_construcao,88.36
2018-03-12,447,casa_construcao,86.24
2018-03-13,448,casa_construcao,86.19
2018-03-17,452,casa_construcao,85.64
2018-03-18,453,casa_construcao,83.88
2018-03-19,454,casa_construcao,84.52
2018-03-20,455,casa_construcao,85.13
2018-03-21,456,casa_construcao,83.22
2018-03-22,457,casa_construcao,84.88
2018-03-24,459,casa_construcao,85.12
2018-03-25,460,casa_construcao,84.32
2018-03-26,461,casa_construcao,88.18
2018-03-27,462,casa_construcao,88.84
2018-03-28,463,casa_construcao,86.89
2018-03-29,464,casa_construcao,87.29
2018-03-30,465,casa_construcao,85.1
2018-03-31,466,casa_construcao,86.6
2018-04-02,468,casa_construcao,80.18
2018-04-03,469,casa_construcao,83.31
2018-04-04,470,casa_construcao,83.24
2018-04-05,471,casa_construcao,83.72
2018-04-06,472,casa_construcao,83.86
2018-04-07,473,casa_construcao,86.19
2018-04-09,475,casa_construcao,90.01
2018-04-10,476,casa_construcao,91.93
2018-04-11,477,casa_construcao,92.9
2018-04-12,478,casa_construcao,92.27
2018-04-13,479,casa_construcao,95.0
2018-04-15,481,casa_construcao,91.03
2018-04-16,482,casa_construcao,89.68
2018-04-17,483,casa_construcao,87.98
2018-04-18,484,casa_construcao,86.58
2018-04-19,485,casa_construcao,81.82
2018-04-21,487,casa_construcao,81.12
2018-04-22,488,casa_construcao,80.05
2018-04-23,489,casa_construcao,80.19
2018-04-24,490,casa_construcao,79.86
2018-04-25,491,casa_construcao,84.29
2018-04-26,492,casa_construcao,87.07
2018-04-27,493,casa_construcao,86.52
2018-04-28,494,casa_construcao,88.56
2018-04-29,495,casa_construcao,88.04
2018-04-30,496,casa_construcao,88.98
2018-05-01,497,casa_construcao,75.41
2018-05-02,498,casa_construcao,76.1
2018-05-03,499,casa_construcao,75.22
2018-05-05,501,casa_construcao,77.15
2018-05-06,502,casa_construcao,74.75
2018-05-07,503,casa_construcao,74.89
2018-05-11,507,casa_construcao,75.49
2018-05-12,508,casa_construcao,75.91
2018-05-13,509,casa_construcao,77.54
2018-05-14,510,casa_construcao,78.32
2018-05-15,511,casa_construcao,79.14
2018-05-17,513,casa_construcao,80.69
2018-05-18,514,casa_construcao,81.92
2018-05-19,515,casa_construcao,81.64
2018-05-20,516,casa_construcao,79.56
2018-05-21,517,casa_construcao,76.54
2018-05-22,518,casa_construcao,77.01
2018-05-23,519,casa_construcao,76.41
2018-05-24,520,casa_construcao,74.47
2018-05-25,521,casa_construcao,75.16
2018-05-26,522,casa_construcao,74.17
2018-05-27,523,casa_construcao,70.99
2018-05-28,524,casa_construcao,71.65
2018-05-29,525,casa_construcao,71.73
2018-05-30,526,casa_construcao,72.38
2018-05-31,527,casa_construcao,72.75
2018-06-01,528,casa_construcao,56.14
2018-06-02,529,casa_construcao,55.97
2018-06-03,530,casa_construcao,58.16
2018-06-04,531,casa_construcao,59.43
2018-06-05,532,casa_construcao,61.0
2018-06-06,533,casa_construcao,61.08
2018-06-08,535,casa_construcao,60.72
2018-06-09,536,casa_construcao,59.11
2018-06-10,537,casa_construcao,59.08
2018-06-11,538,casa_construcao,62.05
2018-06-13,540,casa_construcao,64.43
2018-06-14,541,casa_construcao,65.2
2018-06-15,542,casa_construcao,62.99
2018-06-16,543,casa_construcao,62.25
2018-06-17,544,casa_construcao,64.27
2018-06-18,545,casa_construcao,65.34
2018-06-19,546,casa_construcao,66.77
2018-06-23,550,casa_construcao,69.47
2018-06-24,551,casa_construcao,72.24
2018-06-25,552,casa_construcao,71.13
2018-06-26,553,casa_construcao,70.96
2018-06-27,554,casa_construcao,72.61
2018-06-28,555,casa_construcao,74.82
2018-07-01,558,casa_construcao,57.9
2018-07-02,559,casa_construcao,56.2
2018-07-03,560,casa_construcao,57.07
2018-07-04,561,casa_construcao,53.99
2018-07-05,562,casa_construcao,52.37
2018-07-06,563,casa_construcao,51.8
2018-07-07,564,casa_construcao,48.9
2018-07-08,565,casa_construcao,50.17
2018-07-09,566,casa_construcao,49.95
2018-07-10,567,casa_construcao,48.97
2018-07-11,568,casa_construcao,50.36
2018-07-12,569,casa_construcao,51.03
2018-07-14,571,casa_construcao,52.36
2018-07-15,572,casa_construcao,55.25
2018-07-16,573,casa_construcao,53.85
2018-07-17,574,casa_construcao,53.35
2018-07-18,575,casa_construcao,55.89
2018-07-19,576,casa_construcao,54.25
2018-07-20,577,casa_construcao,52.13
2018-07-21,578,casa_construcao,54.93
2018-07-22,579,casa_construcao,55.66
2018-07-23,580,casa_construcao,54.89
2018-07-24,581,casa_construcao,51.9
2018-07-25,582,casa_construcao,50.36
2018-07-26,583,casa_construcao,52.71
2018-07-27,584,casa_construcao,52.42
2018-07-29,586,casa_construcao,54.31
2018-07-30,587,casa_construcao,55.3
2018-07-31,588,casa_construcao,57.48
2018-08-01,589,casa_construcao,44.04
2018-08-03,591,casa_construcao,41.22
2018-08-05,593,casa_construcao,42.0
2018-08-06,594,casa_construcao,45.03
2018-08-07,595,casa_construcao,45.56
2018-08-08,596,casa_construcao,45.77
2018-08-09,597,casa_construcao,45.22
2018-08-10,598,casa_construcao,42.57
2018-08-11,599,casa_construcao,41.59
2018-08-13,601,casa_construcao,40.91
2018-08-14,602,casa_construcao,39.84
2018-08-17,605,casa_construcao,41.37
2018-08-19,607,casa_construcao,40.59
2018-08-20,608,casa_construcao,40.79
2018-08-22,610,casa_construcao,40.62
2018-08-23,611,casa_construcao,41.9
2018-08-26,614,casa_construcao,44.26
2017-07-05,197,cds_dvds_musicais,5.0
2017-07-10,202,cds_dvds_musicais,9.61
2017-07-12,204,cds_dvds_musicais,15.01
2017-07-28,220,cds_dvds_musicais,20.54
2017-08-07,230,cds_dvds_musicais,15.18
2017-08-22,245,cds_dvds_musicais,16.2
2017-10-24,308,cds_dvds_musicais,19.15
2017-11-01,316,cds_dvds_musicais,34.0
2017-11-04,319,cds_dvds_musicais,42.72
2017-11-16,331,cds_dvds_musicais,44.61
2017-12-18,363,cds_dvds_musicais,63.88
2018-04-20,486,cds_dvds_musicais,95.0
2017-02-17,59,cine_foto,39.81
2017-04-03,104,cine_foto,29.4
2017-04-25,126,cine_foto,5.0
2017-05-02,133,cine_foto,8.95
2017-06-01,163,cine_foto,15.85
2017-09-15,269,cine_foto,38.8
2017-10-18,302,cine_foto,40.14
2017-11-24,339,cine_foto,51.37
2018-01-06,382,cine_foto,53.25
2018-01-17,393,cine_foto,58.91
2018-02-15,422,cine_foto,59.92
2018-02-24,431,cine_foto,60.31
2018-03-12,447,cine_foto,62.01
2018-03-15,450,cine_foto,60.28
2018-03-16,451,cine_foto,62.77
2018-03-18,453,cine_foto,61.53
2018-03-22,457,cine_foto,63.2
2018-03-28,463,cine_foto,62.95
2018-04-02,468,cine_foto,62.91
2018-04-09,475,cine_foto,64.04
2018-04-20,486,cine_foto,55.49
2018-04-22,488,cine_foto,58.81
2018-04-26,492,cine_foto,59.57
2018-05-05,501,cine_foto,61.95
2018-05-06,502,cine_foto,61.21
2018-05-08,504,cine_foto,63.7
2018-05-09,505,cine_foto,64.89
2018-05-11,507,cine_foto,65.39
2018-05-14,510,cine_foto,68.74
2018-05-15,511,cine_foto,71.17
2018-05-16,512,cine_foto,74.7
2018-05-17,513,cine_foto,74.98
2018-05-18,514,cine_foto,79.9
2018-05-19,515,cine_foto,84.47
2018-05-20,516,cine_foto,74.16
2018-05-22,518,cine_foto,76.23
2018-05-31,527,cine_foto,78.35
2018-06-04,531,cine_foto,81.72
2018-06-11,538,cine_foto,80.95
2018-06-12,539,cine_foto,82.02
2018-06-14,541,cine_foto,82.71
2018-06-19,546,cine_foto,84.73
2018-06-23,550,cine_foto,73.66
2018-06-26,553,cine_foto,71.84
2018-06-30,557,cine_foto,74.42
2018-07-04,561,cine_foto,75.99
2018-07-09,566,cine_foto,77.51
2018-07-13,570,cine_foto,79.78
2018-07-15,572,cine_foto,75.0
2018-07-19,576,cine_foto,77.56
2018-07-26,583,cine_foto,80.16
2018-08-02,590,cine_foto,80.49
2018-08-07,595,cine_foto,80.7
2018-08-12,600,cine_foto,85.36
2018-08-14,602,cine_foto,87.6
2018-08-16,604,cine_foto,88.71
2018-08-18,606,cine_foto,90.75
2018-08-20,608,cine_foto,92.1
2018-08-25,613,cine_foto,95.0
2016-10-04,7,climatizacao,5.61
2016-10-05,8,climatizacao,5.51
2016-10-07,10,climatizacao,5.0
2017-01-23,34,climatizacao,50.92
2017-01-27,38,climatizacao,51.1
2017-01-28,39,climatizacao,50.56
2017-02-10,52,climatizacao,63.33
2017-02-14,56,climatizacao,64.98
2017-02-17,59,climatizacao,65.38
2017-02-18,60,climatizacao,65.99
2017-02-19,61,climatizacao,65.5
2017-02-20,62,climatizacao,66.28
2017-02-22,64,climatizacao,67.38
2017-03-02,72,climatizacao,74.77
2017-03-07,77,climatizacao,74.87
2017-03-09,79,climatizacao,74.37
2017-03-10,80,climatizacao,74.23
2017-03-11,81,climatizacao,71.67
2017-03-12,82,climatizacao,70.81
2017-03-13,83,climatizacao,69.93
2017-03-14,84,climatizacao,68.26
2017-03-15,85,climatizacao,71.88
2017-03-17,87,climatizacao,70.72
2017-03-21,91,climatizacao,67.56
2017-03-22,92,climatizacao,68.86
2017-03-23,93,climatizacao,67.0
2017-03-28,98,climatizacao,66.11
2017-03-31,101,climatizacao,67.25
2017-04-01,102,climatizacao,66.52
2017-04-02,103,climatizacao,68.19
2017-04-08,109,climatizacao,70.4
2017-04-09,110,climatizacao,68.54
2017-04-10,111,climatizacao,69.35
2017-04-15,116,climatizacao,70.21
2017-04-17,118,climatizacao,67.98
2017-04-18,119,climatizacao,69.61
2017-04-19,120,climatizacao,69.39
2017-04-24,125,climatizacao,69.58
2017-04-27,128,climatizacao,67.87
2017-05-03,134,climatizacao,58.42
2017-05-04,135,climatizacao,58.23
2017-05-08,139,climatizacao,56.55
2017-05-11,142,climatizacao,56.05
2017-05-14,145,climatizacao,56.62
2017-05-18,149,climatizacao,60.15
2017-05-31,162,climatizacao,59.53
2017-06-09,171,climatizacao,42.46
2017-06-10,172,climatizacao,43.54
2017-06-11,173,climatizacao,42.59
2017-06-14,176,climatizacao,39.05
2017-06-19,181,climatizacao,38.95
2017-06-20,182,climatizacao,40.78
2017-06-25,187,climatizacao,41.97
2017-06-28,190,climatizacao,40.64
2017-06-29,191,climatizacao,38.39
2017-07-04,196,climatizacao,22.67
2017-07-12,204,climatizacao,24.99
2017-07-18,210,climatizacao,24.26
2017-07-31,223,climatizacao,26.7
2017-08-01,224,climatizacao,16.3
2017-08-06,229,climatizacao,17.28
2017-08-08,231,climatizacao,18.1
2017-08-10,233,climatizacao,15.44
2017-08-12,235,climatizacao,16.52
2017-08-18,241,climatizacao,17.63
2017-08-19,242,climatizacao,18.72
2017-08-21,244,climatizacao,17.84
2017-08-28,251,climatizacao,17.07
2017-08-31,254,climatizacao,15.98
2017-09-06,260,climatizacao,11.32
2017-09-07,261,climatizacao,12.28
2017-09-09,263,climatizacao,11.38
2017-09-10,264,climatizacao,14.65
2017-09-12,266,climatizacao,14.91
2017-09-14,268,climatizacao,14.33
2017-09-26,280,climatizacao,13.32
2017-09-28,282,climatizacao,15.28
2017-10-06,290,climatizacao,21.13
2017-10-12,296,climatizacao,24.85
2017-10-15,299,climatizacao,23.29
2017-10-18,302,climatizacao,22.81
2017-10-21,305,climatizacao,22.83
2017-11-01,316,climatizacao,32.94
2017-11-02,317,climatizacao,32.94
2017-11-09,324,climatizacao,33.44
2017-11-10,325,climatizacao,37.5
2017-11-14,329,climatizacao,36.51
2017-11-15,330,climatizacao,34.87
2017-11-19,334,climatizacao,32.54
2017-11-22,337,climatizacao,31.19
2017-11-23,338,climatizacao,30.6
2017-11-26,341,climatizacao,31.45
2017-11-28,343,climatizacao,33.69
2017-11-29,344,climatizacao,35.08
2017-12-01,346,climatizacao,51.06
2017-12-09,354,climatizacao,47.4
2018-01-02,378,climatizacao,63.45
2018-01-10,386,climatizacao,63.63
2018-01-14,390,climatizacao,63.84
2018-01-16,392,climatizacao,65.01
2018-01-17,393,climatizacao,64.77
2018-01-20,396,climatizacao,63.68
2018-01-21,397,climatizacao,63.55
2018-01-22,398,climatizacao,64.75
2018-01-23,399,climatizacao,63.92
2018-01-26,402,climatizacao,61.97
2018-01-27,403,climatizacao,62.94
2018-01-30,406,climatizacao,64.53
2018-01-31,407,climatizacao,64.58
2018-02-03,410,climatizacao,77.94
2018-02-09,416,climatizacao,78.38
2018-02-14,421,climatizacao,80.24
2018-02-15,422,climatizacao,81.02
2018-02-17,424,climatizacao,76.51
2018-02-20,427,climatizacao,77.84
2018-02-21,428,climatizacao,80.58
2018-02-22,429,climatizacao,79.76
2018-02-24,431,climatizacao,82.07
2018-02-28,435,climatizacao,81.17
2018-03-02,437,climatizacao,86.3
2018-03-04,439,climatizacao,87.41
2018-03-05,440,climatizacao,86.38
2018-03-07,442,climatizacao,82.96
2018-03-08,443,climatizacao,85.03
2018-03-13,448,climatizacao,86.94
2018-03-14,449,climatizacao,86.42
2018-03-15,450,climatizacao,86.68
2018-03-16,451,climatizacao,85.84
2018-03-17,452,climatizacao,86.39
2018-03-18,453,climatizacao,85.97
2018-03-20,455,climatizacao,85.64
2018-03-21,456,climatizacao,87.5
2018-03-22,457,climatizacao,92.94
2018-03-23,458,climatizacao,94.67
2018-03-24,459,climatizacao,95.0
2018-03-25,460,climatizacao,94.96
2018-03-26,461,climatizacao,94.9
2018-03-27,462,climatizacao,94.0
2018-03-30,465,climatizacao,94.71
2018-04-02,468,climatizacao,89.72
2018-04-03,469,climatizacao,89.49
2018-04-04,470,climatizacao,89.19
2018-04-05,471,climatizacao,86.84
2018-04-06,472,climatizacao,86.61
2018-04-10,476,climatizacao,85.7
2018-04-13,479,climatizacao,85.86
2018-04-15,481,climatizacao,86.67
2018-04-16,482,climatizacao,85.27
2018-04-18,484,climatizacao,87.52
2018-04-20,486,climatizacao,89.05
2018-04-23,489,climatizacao,89.16
2018-04-24,490,climatizacao,87.67
2018-04-26,492,climatizacao,91.05
2018-04-27,493,climatizacao,89.25
2018-04-30,496,climatizacao,88.53
2018-05-01,497,climatizacao,77.69
2018-05-02,498,climatizacao,79.24
2018-05-07,503,climatizacao,82.1
2018-05-08,504,climatizacao,82.3
2018-05-11,507,climatizacao,83.08
2018-05-13,509,climatizacao,82.21
2018-05-14,510,climatizacao,83.22
2018-05-15,511,climatizacao,80.11
2018-05-16,512,climatizacao,84.19
2018-05-20,516,climatizacao,83.16
2018-05-23,519,climatizacao,84.3
2018-06-05,532,climatizacao,67.34
2018-06-09,536,climatizacao,67.36
2018-06-12,539,climatizacao,65.15
2018-06-15,542,climatizacao,63.64
2018-06-17,544,climatizacao,66.06
2018-06-21,548,climatizacao,67.36
2018-06-30,557,climatizacao,68.36
2018-07-01,558,climatizacao,49.33
2018-07-03,560,climatizacao,50.49
2018-07-04,561,climatizacao,47.22
2018-07-13,570,climatizacao,48.19
2018-07-17,574,climatizacao,47.84
2018-07-18,575,climatizacao,46.93
2018-07-22,579,climatizacao,47.48
2018-07-23,580,climatizacao,46.13
2018-07-24,581,climatizacao,43.64
2018-07-25,582,climatizacao,41.58
2018-07-26,583,climatizacao,40.35
2018-07-27,584,climatizacao,40.75
2018-07-30,587,climatizacao,41.94
2018-07-31,588,climatizacao,39.06
2018-08-01,589,climatizacao,29.07
2018-08-02,590,climatizacao,32.0
2018-08-03,591,climatizacao,31.87
2018-08-05,593,climatizacao,32.96
2018-08-07,595,climatizacao,35.49
2018-08-08,596,climatizacao,38.16
2018-08-10,598,climatizacao,38.72
2018-08-17,605,climatizacao,40.77
2018-08-21,609,climatizacao,41.17
2018-08-22,610,climatizacao,41.7
2018-08-25,613,climatizacao,40.25
2016-10-04,7,consoles_games,77.46
2016-10-05,8,consoles_games,76.6
2016-10-06,9,consoles_games,24.74
2016-10-08,11,consoles_games,24.73
2016-10-10,13,consoles_games,25.71
2017-01-06,17,consoles_games,25.57
2017-01-14,25,consoles_games,25.72
2017-01-18,29,consoles_games,26.98
2017-01-20,31,consoles_games,27.1
2017-01-21,32,consoles_games,27.52
2017-01-22,33,consoles_games,28.58
2017-01-23,34,consoles_games,28.52
2017-01-24,35,consoles_games,27.39
2017-01-25,36,consoles_games,26.71
2017-01-26,37,consoles_games,26.61
2017-01-27,38,consoles_games,12.19
2017-01-29,40,consoles_games,12.83
2017-01-31,42,consoles_games,12.58
2017-02-02,44,consoles_games,13.22
2017-02-03,45,consoles_games,12.97
2017-02-04,46,consoles_games,12.17
2017-02-06,48,consoles_games,11.85
2017-02-10,52,consoles_games,12.98
2017-02-12,54,consoles_games,13.7
2017-02-18,60,consoles_games,13.0
2017-02-19,61,consoles_games,13.62
2017-02-20,62,consoles_games,13.56
2017-02-22,64,consoles_games,12.84
2017-02-23,65,consoles_games,12.2
2017-02-24,66,consoles_games,6.46
2017-02-25,67,consoles_games,6.46
2017-02-26,68,consoles_games,7.22
2017-03-01,71,consoles_games,6.48
2017-03-02,72,consoles_games,6.35
2017-03-03,73,consoles_games,6.2
2017-03-04,74,consoles_games,5.61
2017-03-06,76,consoles_games,5.0
2017-03-07,77,consoles_games,5.33
2017-03-08,78,consoles_games,5.63
2017-03-09,79,consoles_games,6.37
2017-03-10,80,consoles_games,6.63
2017-03-11,81,consoles_games,5.54
2017-03-13,83,consoles_games,6.45
2017-03-14,84,consoles_games,6.5
2017-03-15,85,consoles_games,6.93
2017-03-16,86,consoles_games,7.08
2017-03-17,87,consoles_games,7.58
2017-03-18,88,consoles_games,7.82
2017-03-21,91,consoles_games,8.16
2017-03-22,92,consoles_games,7.14
2017-03-23,93,consoles_games,6.82
2017-03-24,94,consoles_games,7.29
2017-03-26,96,consoles_games,6.94
2017-03-27,97,consoles_games,7.43
2017-03-28,98,consoles_games,12.21
2017-03-29,99,consoles_games,12.02
2017-03-31,101,consoles_games,12.05
2017-04-01,102,consoles_games,11.62
2017-04-04,105,consoles_games,11.27
2017-04-06,107,consoles_games,12.47
2017-04-07,108,consoles_games,12.27
2017-04-13,114,consoles_games,12.62
2017-04-18,119,consoles_games,11.75
2017-04-20,121,consoles_games,10.97
2017-04-21,122,consoles_games,11.21
2017-04-22,123,consoles_games,26.44
2017-04-24,125,consoles_games,26.58
2017-04-25,126,consoles_games,25.97
2017-05-02,133,consoles_games,25.23
2017-05-03,134,consoles_games,24.93
2017-05-04,135,consoles_games,25.74
2017-05-06,137,consoles_games,25.75
2017-05-08,139,consoles_games,26.65
2017-05-10,141,consoles_games,27.49
2017-05-14,145,consoles_games,27.43
2017-05-16,147,consoles_games,27.1
2017-05-17,148,consoles_games,26.5
2017-05-18,149,consoles_games,27.14
2017-05-19,150,consoles_games,27.27
2017-05-20,151,consoles_games,27.16
2017-05-21,152,consoles_games,26.89
2017-05-23,154,consoles_games,26.8
2017-05-24,155,consoles_games,26.79
2017-05-25,156,consoles_games,45.22
2017-05-27,158,consoles_games,45.42
2017-05-31,162,consoles_games,44.35
2017-06-02,164,consoles_games,45.77
2017-06-04,166,consoles_games,46.09
2017-06-05,167,consoles_games,46.74
2017-06-07,169,consoles_games,47.64
2017-06-08,170,consoles_games,47.12
2017-06-10,172,consoles_games,46.58
2017-06-12,174,consoles_games,46.07
2017-06-14,176,consoles_games,46.51
2017-06-15,177,consoles_games,46.83
2017-06-19,181,consoles_games,47.91
2017-06-20,182,consoles_games,48.51
2017-06-25,187,consoles_games,47.64
2017-06-27,189,consoles_games,67.56
2017-06-28,190,consoles_games,66.59
2017-06-30,192,consoles_games,66.93
2017-07-03,195,consoles_games,67.2
2017-07-04,196,consoles_games,67.33
2017-07-06,198,consoles_games,68.18
2017-07-07,199,consoles_games,68.4
2017-07-08,200,consoles_games,68.11
2017-07-10,202,consoles_games,67.57
2017-07-11,203,consoles_games,67.95
2017-07-12,204,consoles_games,67.08
2017-07-13,205,consoles_games,66.37
2017-07-18,210,consoles_games,66.35
2017-07-20,212,consoles_games,66.75
2017-07-21,213,consoles_games,67.25
2017-07-22,214,consoles_games,66.57
2017-07-23,215,consoles_games,65.56
2017-07-24,216,consoles_games,65.96
2017-07-25,217,consoles_games,65.48
2017-07-26,218,consoles_games,66.56
2017-07-27,219,consoles_games,66.33
2017-07-28,220,consoles_games,67.52
2017-07-29,221,consoles_games,81.52
2017-07-30,222,consoles_games,81.29
2017-07-31,223,consoles_games,81.53
2017-08-01,224,consoles_games,81.53
2017-08-02,225,consoles_games,81.83
2017-08-03,226,consoles_games,81.49
2017-08-04,227,consoles_games,80.71
2017-08-05,228,consoles_games,80.94
2017-08-07,230,consoles_games,81.76
2017-08-09,232,consoles_games,82.17
2017-08-11,234,consoles_games,82.51
2017-08-12,235,consoles_games,82.49
2017-08-13,236,consoles_games,81.92
2017-08-14,237,consoles_games,82.32
2017-08-15,238,consoles_games,82.42
2017-08-16,239,consoles_games,82.75
2017-08-17,240,consoles_games,83.32
2017-08-18,241,consoles_games,81.9
2017-08-20,243,consoles_games,81.77
2017-08-21,244,consoles_games,80.73
2017-08-22,245,consoles_games,81.03
2017-08-23,246,consoles_games,80.75
2017-08-24,247,consoles_games,81.58
2017-08-26,249,consoles_games,81.16
2017-08-27,250,consoles_games,81.44
2017-08-28,251,consoles_games,81.48
2017-08-29,252,consoles_games,87.34
2017-08-30,253,consoles_games,88.28
2017-08-31,254,consoles_games,88.22
2017-09-01,255,consoles_games,87.98
2017-09-02,256,consoles_games,87.68
2017-09-03,257,consoles_games,87.98
2017-09-04,258,consoles_games,87.64
2017-09-05,259,consoles_games,87.56
2017-09-07,261,consoles_games,87.99
2017-09-08,262,consoles_games,87.44
2017-09-09,263,consoles_games,87.0
2017-09-10,264,consoles_games,87.59
2017-09-11,265,consoles_games,88.15
2017-09-12,266,consoles_games,88.98
2017-09-13,267,consoles_games,89.05
2017-09-14,268,consoles_games,89.08
2017-09-16,270,consoles_games,88.67
2017-09-21,275,consoles_games,88.62
2017-09-22,276,consoles_games,88.68
2017-09-24,278,consoles_games,88.9
2017-09-25,279,consoles_games,88.33
2017-09-26,280,consoles_games,88.64
2017-09-27,281,consoles_games,88.67
2017-09-28,282,consoles_games,82.88
2017-09-29,283,consoles_games,82.99
2017-09-30,284,consoles_games,83.37
2017-10-01,285,consoles_games,84.6
2017-10-02,286,consoles_games,84.37
2017-10-03,287,consoles_games,84.51
2017-10-04,288,consoles_games,85.3
2017-10-06,290,consoles_games,85.67
2017-10-07,291,consoles_games,84.75
2017-10-09,293,consoles_games,84.15
2017-10-10,294,consoles_games,84.75
2017-10-11,295,consoles_games,84.97
2017-10-12,296,consoles_games,85.26
2017-10-13,297,consoles_games,85.01
2017-10-14,298,consoles_games,85.22
2017-10-15,299,consoles_games,83.88
2017-10-16,300,consoles_games,83.26
2017-10-17,301,consoles_games,83.72
2017-10-18,302,consoles_games,84.0
2017-10-19,303,consoles_games,84.37
2017-10-20,304,consoles_games,84.55
2017-10-21,305,consoles_games,85.31
2017-10-22,306,consoles_games,85.22
2017-10-23,307,consoles_games,84.57
2017-10-24,308,consoles_games,84.72
2017-10-25,309,consoles_games,85.59
2017-10-26,310,consoles_games,86.4
2017-10-27,311,consoles_games,86.21
2017-10-28,312,consoles_games,86.12
2017-10-29,313,consoles_games,71.9
2017-10-30,314,consoles_games,72.39
2017-10-31,315,consoles_games,72.63
2017-11-01,316,consoles_games,72.7
2017-11-02,317,consoles_games,72.95
2017-11-03,318,consoles_games,73.23
2017-11-04,319,consoles_games,72.24
2017-11-05,320,consoles_games,71.86
2017-11-06,321,consoles_games,72.04
2017-11-07,322,consoles_games,72.28
2017-11-08,323,consoles_games,72.21
2017-11-09,324,consoles_games,71.56
2017-11-10,325,consoles_games,70.49
2017-11-11,326,consoles_games,70.79
2017-11-13,328,consoles_games,70.61
2017-11-14,329,consoles_games,71.6
2017-11-15,330,consoles_games,72.94
2017-11-16,331,consoles_games,72.04
2017-11-19,334,consoles_games,71.95
2017-11-20,335,consoles_games,71.49
2017-11-21,336,consoles_games,70.83
2017-11-22,337,consoles_games,71.79
2017-11-23,338,consoles_games,72.34
2017-11-24,339,consoles_games,72.15
2017-11-25,340,consoles_games,72.44
2017-11-26,341,consoles_games,70.86
2017-11-27,342,consoles_games,70.47
2017-11-28,343,consoles_games,52.12
2017-11-29,344,consoles_games,51.72
2017-11-30,345,consoles_games,50.88
2017-12-01,346,consoles_games,51.83
2017-12-02,347,consoles_games,51.06
2017-12-03,348,consoles_games,50.83
2017-12-04,349,consoles_games,50.96
2017-12-05,350,consoles_games,51.21
2017-12-06,351,consoles_games,52.01
2017-12-08,353,consoles_games,52.83
2017-12-09,354,consoles_games,51.76
2017-12-10,355,consoles_games,52.52
2017-12-11,356,consoles_games,54.03
2017-12-12,357,consoles_games,53.59
2017-12-13,358,consoles_games,52.99
2017-12-14,359,consoles_games,52.62
2017-12-15,360,consoles_games,52.01
2017-12-16,361,consoles_games,52.1
2017-12-17,362,consoles_games,51.73
2017-12-18,363,consoles_games,50.81
2017-12-19,364,consoles_games,51.26
2017-12-20,365,consoles_games,51.58
2017-12-21,366,consoles_games,51.33
2017-12-22,367,consoles_games,51.86
2017-12-23,368,consoles_games,52.55
2017-12-24,369,consoles_games,53.53
2017-12-25,370,consoles_games,53.52
2017-12-26,371,consoles_games,53.82
2017-12-27,372,consoles_games,54.24
2017-12-28,373,consoles_games,35.22
2017-12-29,374,consoles_games,36.7
2017-12-30,375,consoles_games,35.73
2018-01-01,377,consoles_games,35.59
2018-01-02,378,consoles_games,35.14
2018-01-03,379,consoles_games,35.67
2018-01-04,380,consoles_games,35.89
2018-01-05,381,consoles_games,37.05
2018-01-06,382,consoles_games,37.04
2018-01-07,383,consoles_games,36.89
2018-01-08,384,consoles_games,36.83
2018-01-10,386,consoles_games,34.92
2018-01-11,387,consoles_games,36.39
2018-01-12,388,consoles_games,36.81
2018-01-13,389,consoles_games,37.19
2018-01-14,390,consoles_games,37.4
2018-01-15,391,consoles_games,36.2
2018-01-16,392,consoles_games,35.65
2018-01-17,393,consoles_games,35.03
2018-01-19,395,consoles_games,35.46
2018-01-20,396,consoles_games,35.63
2018-01-22,398,consoles_games,35.77
2018-01-24,400,consoles_games,34.89
2018-01-25,401,consoles_games,21.01
2018-01-26,402,consoles_games,21.27
2018-01-29,405,consoles_games,21.04
2018-02-01,408,consoles_games,21.04
2018-02-02,409,consoles_games,20.88
2018-02-04,411,consoles_games,20.7
2018-02-06,413,consoles_games,20.79
2018-02-08,415,consoles_games,20.87
2018-02-09,416,consoles_games,21.9
2018-02-10,417,consoles_games,22.41
2018-02-11,418,consoles_games,22.27
2018-02-12,419,consoles_games,22.45
2018-02-14,421,consoles_games,21.66
2018-02-15,422,consoles_games,22.18
2018-02-16,423,consoles_games,21.98
2018-02-17,424,consoles_games,22.15
2018-02-18,425,consoles_games,21.66
2018-02-19,426,consoles_games,21.22
2018-02-20,427,consoles_games,20.03
2018-02-23,430,consoles_games,19.25
2018-02-24,431,consoles_games,19.05
2018-02-25,432,consoles_games,18.33
2018-02-26,433,consoles_games,13.65
2018-02-27,434,consoles_games,14.57
2018-02-28,435,consoles_games,15.33
2018-03-01,436,consoles_games,16.29
2018-03-02,437,consoles_games,16.68
2018-03-03,438,consoles_games,17.71
2018-03-04,439,consoles_games,18.32
2018-03-05,440,consoles_games,18.37
2018-03-06,441,consoles_games,17.04
2018-03-07,442,consoles_games,18.25
2018-03-08,443,consoles_games,19.0
2018-03-09,444,consoles_games,17.89
2018-03-10,445,consoles_games,17.33
2018-03-11,446,consoles_games,16.25
2018-03-12,447,consoles_games,16.28
2018-03-13,448,consoles_games,16.3
2018-03-14,449,consoles_games,15.86
2018-03-15,450,consoles_games,16.39
2018-03-17,452,consoles_games,17.57
2018-03-18,453,consoles_games,17.1
2018-03-19,454,consoles_games,16.63
2018-03-21,456,consoles_games,16.84
2018-03-22,457,consoles_games,16.94
2018-03-24,459,consoles_games,17.23
2018-03-25,460,consoles_games,17.54
2018-03-26,461,consoles_games,17.25
2018-03-27,462,consoles_games,18.19
2018-03-28,463,consoles_games,22.64
2018-03-29,464,consoles_games,22.63
2018-03-30,465,consoles_games,23.03
2018-04-01,467,consoles_games,22.87
2018-04-02,468,consoles_games,23.3
2018-04-03,469,consoles_games,24.2
2018-04-04,470,consoles_games,24.82
2018-04-05,471,consoles_games,24.45
2018-04-06,472,consoles_games,24.05
2018-04-08,474,consoles_games,22.79
2018-04-09,475,consoles_games,23.34
2018-04-10,476,consoles_games,23.4
2018-04-11,477,consoles_games,23.2
2018-04-13,479,consoles_games,23.15
2018-04-14,480,consoles_games,22.73
2018-04-15,481,consoles_games,21.11
2018-04-16,482,consoles_games,20.23
2018-04-17,483,consoles_games,20.44
2018-04-18,484,consoles_games,21.51
2018-04-21,487,consoles_games,22.69
2018-04-22,488,consoles_games,22.96
2018-04-25,491,consoles_games,23.59
2018-04-26,492,consoles_games,23.06
2018-04-28,494,consoles_games,37.52
2018-04-29,495,consoles_games,37.36
2018-04-30,496,consoles_games,38.63
2018-05-01,497,consoles_games,39.17
2018-05-03,499,consoles_games,39.12
2018-05-04,500,consoles_games,38.0
2018-05-05,501,consoles_games,38.41
2018-05-06,502,consoles_games,39.26
2018-05-07,503,consoles_games,38.38
2018-05-08,504,consoles_games,38.64
2018-05-09,505,consoles_games,38.61
2018-05-10,506,consoles_games,39.35
2018-05-11,507,consoles_games,38.73
2018-05-12,508,consoles_games,37.37
2018-05-13,509,consoles_games,37.9
2018-05-14,510,consoles_games,38.66
2018-05-15,511,consoles_games,37.55
2018-05-16,512,consoles_games,36.33
2018-05-17,513,consoles_games,37.57
2018-05-18,514,consoles_games,38.43
2018-05-21,517,consoles_games,38.8
2018-05-23,519,consoles_games,38.39
2018-05-28,524,consoles_games,58.09
2018-05-29,525,consoles_games,59.39
2018-05-30,526,consoles_games,59.31
2018-06-01,528,consoles_games,58.59
2018-06-03,530,consoles_games,59.06
2018-06-04,531,consoles_games,59.85
2018-06-05,532,consoles_games,59.13
2018-06-07,534,consoles_games,59.14
2018-06-11,538,consoles_games,58.42
2018-06-12,539,consoles_games,58.51
2018-06-13,540,consoles_games,58.08
2018-06-14,541,consoles_games,58.18
2018-06-16,543,consoles_games,57.0
2018-06-17,544,consoles_games,57.22
2018-06-18,545,consoles_games,56.96
2018-06-19,546,consoles_games,56.85
2018-06-20,547,consoles_games,57.24
2018-06-21,548,consoles_games,55.83
2018-06-22,549,consoles_games,56.8
2018-06-24,551,consoles_games,58.02
2018-06-25,552,consoles_games,58.5
2018-06-27,554,consoles_games,77.61
2018-06-28,555,consoles_games,79.65
2018-06-30,557,consoles_games,79.3
2018-07-01,558,consoles_games,80.01
2018-07-02,559,consoles_games,79.81
2018-07-03,560,consoles_games,80.13
2018-07-07,564,consoles_games,81.14
2018-07-09,566,consoles_games,80.32
2018-07-11,568,consoles_games,78.76
2018-07-13,570,consoles_games,78.61
2018-07-14,571,consoles_games,78.48
2018-07-15,572,consoles_games,77.22
2018-07-16,573,consoles_games,77.61
2018-07-19,576,consoles_games,76.94
2018-07-20,577,consoles_games,77.47
2018-07-21,578,consoles_games,76.65
2018-07-22,579,consoles_games,75.93
2018-07-23,580,consoles_games,76.12
2018-07-24,581,consoles_games,76.63
2018-07-25,582,consoles_games,76.01
2018-07-26,583,consoles_games,76.67
2018-07-28,585,consoles_games,90.38
2018-07-29,586,consoles_games,91.47
2018-07-31,588,consoles_games,92.44
2018-08-01,589,consoles_games,91.71
2018-08-02,590,consoles_games,91.63
2018-08-04,592,consoles_games,92.21
2018-08-05,593,consoles_games,92.6
2018-08-06,594,consoles_games,92.6
2018-08-08,596,consoles_games,93.34
2018-08-09,597,consoles_games,93.25
2018-08-10,598,consoles_games,93.49
2018-08-11,599,consoles_games,92.57
2018-08-12,600,consoles_games,91.39
2018-08-13,601,consoles_games,92.07
2018-08-14,602,consoles_games,92.59
2018-08-15,603,consoles_games,92.31
2018-08-16,604,consoles_games,92.95
2018-08-17,605,consoles_games,93.03
2018-08-18,606,consoles_games,92.69
2018-08-20,608,consoles_games,93.09
2018-08-21,609,consoles_games,93.59
2018-08-22,610,consoles_games,93.97
2018-08-23,611,consoles_games,94.78
2018-08-24,612,consoles_games,94.57
2018-08-25,613,consoles_games,94.35
2018-08-26,614,consoles_games,95.0
2018-08-27,615,consoles_games,93.27
2018-08-28,616,consoles_games,93.06
2017-01-30,41,construcao_ferramentas_construcao,53.34
2017-02-02,44,construcao_ferramentas_construcao,69.02
2017-02-12,54,construcao_ferramentas_construcao,69.7
2017-02-18,60,construcao_ferramentas_construcao,69.66
2017-03-01,71,construcao_ferramentas_construcao,75.85
2017-03-02,72,construcao_ferramentas_construcao,79.73
2017-03-04,74,construcao_ferramentas_construcao,82.07
2017-03-14,84,construcao_ferramentas_construcao,81.17
2017-05-30,161,construcao_ferramentas_construcao,63.55
2017-06-05,167,construcao_ferramentas_construcao,46.38
2017-06-13,175,construcao_ferramentas_construcao,45.11
2017-06-14,176,construcao_ferramentas_construcao,43.89
2017-06-30,192,construcao_ferramentas_construcao,42.3
2017-07-05,197,construcao_ferramentas_construcao,22.86
2017-07-14,206,construcao_ferramentas_construcao,23.86
2017-07-16,208,construcao_ferramentas_construcao,22.69
2017-07-23,215,construcao_ferramentas_construcao,21.19
2017-07-25,217,construcao_ferramentas_construcao,22.14
2017-08-02,225,construcao_ferramentas_construcao,7.68
2017-08-11,234,construcao_ferramentas_construcao,7.29
2017-08-18,241,construcao_ferramentas_construcao,7.09
2017-08-20,243,construcao_ferramentas_construcao,9.06
2017-08-25,248,construcao_ferramentas_construcao,9.34
2017-08-29,252,construcao_ferramentas_construcao,11.58
2017-09-02,256,construcao_ferramentas_construcao,5.0
2017-09-04,258,construcao_ferramentas_construcao,6.41
2017-09-08,262,construcao_ferramentas_construcao,5.82
2017-09-10,264,construcao_ferramentas_construcao,5.27
2017-09-13,267,construcao_ferramentas_construcao,7.86
2017-09-15,269,construcao_ferramentas_construcao,8.09
2017-09-28,282,construcao_ferramentas_construcao,10.57
2017-10-02,286,construcao_ferramentas_construcao,12.31
2017-10-04,288,construcao_ferramentas_construcao,12.37
2017-10-05,289,construcao_ferramentas_construcao,12.91
2017-10-06,290,construcao_ferramentas_construcao,14.01
2017-10-07,291,construcao_ferramentas_construcao,14.21
2017-10-09,293,construcao_ferramentas_construcao,14.67
2017-10-10,294,construcao_ferramentas_construcao,15.77
2017-10-11,295,construcao_ferramentas_construcao,12.57
2017-10-13,297,construcao_ferramentas_construcao,15.2
2017-10-22,306,construcao_ferramentas_construcao,14.41
2017-10-31,315,construcao_ferramentas_construcao,16.79
2017-11-05,320,construcao_ferramentas_construcao,30.82
2017-11-06,321,construcao_ferramentas_construcao,31.22
2017-11-08,323,construcao_ferramentas_construcao,30.02
2017-11-10,325,construcao_ferramentas_construcao,29.91
2017-11-12,327,construcao_ferramentas_construcao,29.67
2017-11-13,328,construcao_ferramentas_construcao,29.56
2017-11-16,331,construcao_ferramentas_construcao,32.81
2017-11-17,332,construcao_ferramentas_construcao,28.73
2017-11-18,333,construcao_ferramentas_construcao,28.16
2017-11-20,335,construcao_ferramentas_construcao,27.96
2017-11-21,336,construcao_ferramentas_construcao,32.04
2017-11-22,337,construcao_ferramentas_construcao,31.57
2017-11-23,338,construcao_ferramentas_construcao,34.24
2017-11-24,339,construcao_ferramentas_construcao,33.62
2017-11-25,340,construcao_ferramentas_construcao,36.84
2017-11-26,341,construcao_ferramentas_construcao,34.57
2017-11-27,342,construcao_ferramentas_construcao,33.89
2017-11-28,343,construcao_ferramentas_construcao,33.48
2017-11-29,344,construcao_ferramentas_construcao,31.16
2017-11-30,345,construcao_ferramentas_construcao,31.07
2017-12-01,346,construcao_ferramentas_construcao,46.51
2017-12-02,347,construcao_ferramentas_construcao,46.43
2017-12-04,349,construcao_ferramentas_construcao,45.62
2017-12-07,352,construcao_ferramentas_construcao,50.06
2017-12-09,354,construcao_ferramentas_construcao,47.23
2017-12-10,355,construcao_ferramentas_construcao,50.39
2017-12-11,356,construcao_ferramentas_construcao,49.52
2017-12-12,357,construcao_ferramentas_construcao,52.23
2017-12-13,358,construcao_ferramentas_construcao,55.41
2017-12-20,365,construcao_ferramentas_construcao,54.58
2017-12-26,371,construcao_ferramentas_construcao,56.97
2017-12-27,372,construcao_ferramentas_construcao,59.07
2017-12-28,373,construcao_ferramentas_construcao,59.52
2018-01-01,377,construcao_ferramentas_construcao,70.32
2018-01-02,378,construcao_ferramentas_construcao,70.31
2018-01-04,380,construcao_ferramentas_construcao,73.39
2018-01-06,382,construcao_ferramentas_construcao,74.08
2018-01-07,383,construcao_ferramentas_construcao,75.29
2018-01-10,386,construcao_ferramentas_construcao,77.68
2018-01-13,389,construcao_ferramentas_construcao,78.65
2018-01-14,390,construcao_ferramentas_construcao,75.2
2018-01-15,391,construcao_ferramentas_construcao,70.46
2018-01-16,392,construcao_ferramentas_construcao,71.33
2018-01-17,393,construcao_ferramentas_construcao,73.46
2018-01-19,395,construcao_ferramentas_construcao,74.31
2018-01-20,396,construcao_ferramentas_construcao,69.11
2018-01-22,398,construcao_ferramentas_construcao,69.19
2018-01-23,399,construcao_ferramentas_construcao,67.88
2018-01-24,400,construcao_ferramentas_construcao,66.42
2018-01-25,401,construcao_ferramentas_construcao,64.76
2018-01-27,403,construcao_ferramentas_construcao,67.63
2018-01-28,404,construcao_ferramentas_construcao,70.23
2018-01-29,405,construcao_ferramentas_construcao,67.18
2018-01-30,406,construcao_ferramentas_construcao,68.26
2018-01-31,407,construcao_ferramentas_construcao,68.19
2018-02-01,408,construcao_ferramentas_construcao,83.36
2018-02-02,409,construcao_ferramentas_construcao,85.67
2018-02-03,410,construcao_ferramentas_construcao,85.44
2018-02-04,411,construcao_ferramentas_construcao,85.04
2018-02-05,412,construcao_ferramentas_construcao,85.18
2018-02-06,413,construcao_ferramentas_construcao,84.8
2018-02-07,414,construcao_ferramentas_construcao,85.98
2018-02-08,415,construcao_ferramentas_construcao,87.79
2018-02-09,416,construcao_ferramentas_construcao,85.5
2018-02-10,417,construcao_ferramentas_construcao,87.53
2018-02-11,418,construcao_ferramentas_construcao,85.79
2018-02-12,419,construcao_ferramentas_construcao,83.28
2018-02-13,420,construcao_ferramentas_construcao,84.21
2018-02-14,421,construcao_ferramentas_construcao,82.89
2018-02-16,423,construcao_ferramentas_construcao,82.49
2018-02-18,425,construcao_ferramentas_construcao,78.65
2018-02-19,426,construcao_ferramentas_construcao,79.5
2018-02-20,427,construcao_ferramentas_construcao,79.46
2018-02-21,428,construcao_ferramentas_construcao,86.09
2018-02-22,429,construcao_ferramentas_construcao,82.93
2018-02-23,430,construcao_ferramentas_construcao,83.47
2018-02-26,433,construcao_ferramentas_construcao,83.63
2018-02-27,434,construcao_ferramentas_construcao,83.6
2018-02-28,435,construcao_ferramentas_construcao,84.71
2018-03-01,436,construcao_ferramentas_construcao,92.48
2018-03-02,437,construcao_ferramentas_construcao,94.14
2018-03-03,438,construcao_ferramentas_construcao,91.44
2018-03-07,442,construcao_ferramentas_construcao,89.88
2018-03-09,444,construcao_ferramentas_construcao,83.07
2018-03-10,445,construcao_ferramentas_construcao,83.84
2018-03-12,447,construcao_ferramentas_construcao,84.8
2018-03-13,448,construcao_ferramentas_construcao,84.84
2018-03-15,450,construcao_ferramentas_construcao,86.31
2018-03-16,451,construcao_ferramentas_construcao,88.73
2018-03-18,453,construcao_ferramentas_construcao,87.58
2018-03-19,454,construcao_ferramentas_construcao,86.61
2018-03-20,455,construcao_ferramentas_construcao,87.83
2018-03-21,456,construcao_ferramentas_construcao,89.57
2018-03-22,457,construcao_ferramentas_construcao,91.8
2018-03-24,459,construcao_ferramentas_construcao,91.69
2018-03-25,460,construcao_ferramentas_construcao,91.34
2018-03-26,461,construcao_ferramentas_construcao,91.8
2018-03-27,462,construcao_ferramentas_construcao,89.39
2018-03-28,463,construcao_ferramentas_construcao,88.15
2018-03-29,464,construcao_ferramentas_construcao,89.21
2018-03-30,465,construcao_ferramentas_construcao,90.52
2018-03-31,466,construcao_ferramentas_construcao,93.12
2018-04-01,467,construcao_ferramentas_construcao,87.93
2018-04-02,468,construcao_ferramentas_construcao,86.76
2018-04-03,469,construcao_ferramentas_construcao,88.34
2018-04-04,470,construcao_ferramentas_construcao,88.25
2018-04-05,471,construcao_ferramentas_construcao,89.33
2018-04-06,472,construcao_ferramentas_construcao,87.07
2018-04-07,473,construcao_ferramentas_construcao,88.79
2018-04-08,474,construcao_ferramentas_construcao,89.34
2018-04-09,475,construcao_ferramentas_construcao,88.67
2018-04-10,476,construcao_ferramentas_construcao,85.1
2018-04-11,477,construcao_ferramentas_construcao,88.79
2018-04-12,478,construcao_ferramentas_construcao,90.1
2018-04-13,479,construcao_ferramentas_construcao,88.6
2018-04-15,481,construcao_ferramentas_construcao,86.77
2018-04-16,482,construcao_ferramentas_construcao,85.99
2018-04-17,483,construcao_ferramentas_construcao,89.05
2018-04-18,484,construcao_ferramentas_construcao,88.26
2018-04-19,485,construcao_ferramentas_construcao,85.6
2018-04-20,486,construcao_ferramentas_construcao,85.7
2018-04-21,487,construcao_ferramentas_construcao,88.43
2018-04-22,488,construcao_ferramentas_construcao,87.66
2018-04-23,489,construcao_ferramentas_construcao,86.66
2018-04-24,490,construcao_ferramentas_construcao,89.37
2018-04-25,491,construcao_ferramentas_construcao,92.59
2018-04-26,492,construcao_ferramentas_construcao,94.66
2018-04-27,493,construcao_ferramentas_construcao,95.0
2018-04-29,495,construcao_ferramentas_construcao,90.77
2018-04-30,496,construcao_ferramentas_construcao,92.57
2018-05-01,497,construcao_ferramentas_construcao,83.03
2018-05-02,498,construcao_ferramentas_construcao,81.35
2018-05-03,499,construcao_ferramentas_construcao,79.6
2018-05-04,500,construcao_ferramentas_construcao,81.6
2018-05-07,503,construcao_ferramentas_construcao,76.37
2018-05-08,504,construcao_ferramentas_construcao,78.7
2018-05-09,505,construcao_ferramentas_construcao,76.14
2018-05-10,506,construcao_ferramentas_construcao,77.04
2018-05-11,507,construcao_ferramentas_construcao,80.45
2018-05-12,508,construcao_ferramentas_construcao,82.47
2018-05-13,509,construcao_ferramentas_construcao,81.72
2018-05-14,510,construcao_ferramentas_construcao,82.73
2018-05-15,511,construcao_ferramentas_construcao,82.18
2018-05-16,512,construcao_ferramentas_construcao,83.61
2018-05-17,513,construcao_ferramentas_construcao,85.12
2018-05-18,514,construcao_ferramentas_construcao,83.87
2018-05-19,515,construcao_ferramentas_construcao,83.73
2018-05-20,516,construcao_ferramentas_construcao,84.86
2018-05-21,517,construcao_ferramentas_construcao,85.32
2018-05-22,518,construcao_ferramentas_construcao,84.62
2018-05-23,519,construcao_ferramentas_construcao,84.31
2018-05-24,520,construcao_ferramentas_construcao,82.39
2018-05-25,521,construcao_ferramentas_construcao,82.56
2018-05-27,523,construcao_ferramentas_construcao,82.52
2018-05-28,524,construcao_ferramentas_construcao,85.39
2018-05-29,525,construcao_ferramentas_construcao,86.24
2018-05-31,527,construcao_ferramentas_construcao,88.39
2018-06-01,528,construcao_ferramentas_construcao,67.58
2018-06-02,529,construcao_ferramentas_construcao,66.42
2018-06-03,530,construcao_ferramentas_construcao,65.81
2018-06-04,531,construcao_ferramentas_construcao,62.72
2018-06-05,532,construcao_ferramentas_construcao,67.45
2018-06-06,533,construcao_ferramentas_construcao,69.33
2018-06-07,534,construcao_ferramentas_construcao,70.21
2018-06-08,535,construcao_ferramentas_construcao,67.98
2018-06-09,536,construcao_ferramentas_construcao,68.19
2018-06-10,537,construcao_ferramentas_construcao,70.78
2018-06-11,538,construcao_ferramentas_construcao,70.43
2018-06-12,539,construcao_ferramentas_construcao,72.67
2018-06-13,540,construcao_ferramentas_construcao,72.66
2018-06-14,541,construcao_ferramentas_construcao,73.82
2018-06-15,542,construcao_ferramentas_construcao,72.36
2018-06-16,543,construcao_ferramentas_construcao,73.01
2018-06-17,544,construcao_ferramentas_construcao,70.67
2018-06-18,545,construcao_ferramentas_construcao,74.5
2018-06-20,547,construcao_ferramentas_construcao,70.71
2018-06-21,548,construcao_ferramentas_construcao,65.82
2018-06-22,549,construcao_ferramentas_construcao,67.9
2018-06-23,550,construcao_ferramentas_construcao,67.03
2018-06-24,551,construcao_ferramentas_construcao,66.19
2018-06-25,552,construcao_ferramentas_construcao,69.48
2018-06-26,553,construcao_ferramentas_construcao,69.66
2018-06-27,554,construcao_ferramentas_construcao,69.82
2018-06-28,555,construcao_ferramentas_construcao,70.59
2018-06-29,556,construcao_ferramentas_construcao,69.96
2018-06-30,557,construcao_ferramentas_construcao,71.73
2018-07-01,558,construcao_ferramentas_construcao,58.68
2018-07-02,559,construcao_ferramentas_construcao,57.53
2018-07-03,560,construcao_ferramentas_construcao,60.46
2018-07-04,561,construcao_ferramentas_construcao,61.59
2018-07-05,562,construcao_ferramentas_construcao,58.78
2018-07-06,563,construcao_ferramentas_construcao,60.03
2018-07-07,564,construcao_ferramentas_construcao,59.17
2018-07-08,565,construcao_ferramentas_construcao,60.61
2018-07-09,566,construcao_ferramentas_construcao,61.57
2018-07-10,567,construcao_ferramentas_construcao,62.76
2018-07-11,568,construcao_ferramentas_construcao,59.32
2018-07-12,569,construcao_ferramentas_construcao,61.85
2018-07-14,571,construcao_ferramentas_construcao,59.15
2018-07-15,572,construcao_ferramentas_construcao,60.15
2018-07-16,573,construcao_ferramentas_construcao,59.23
2018-07-17,574,construcao_ferramentas_construcao,58.11
2018-07-18,575,construcao_ferramentas_construcao,57.21
2018-07-19,576,construcao_ferramentas_construcao,58.42
2018-07-20,577,construcao_ferramentas_construcao,57.74
2018-07-21,578,construcao_ferramentas_construcao,57.73
2018-07-22,579,construcao_ferramentas_construcao,59.31
2018-07-23,580,construcao_ferramentas_construcao,56.78
2018-07-24,581,construcao_ferramentas_construcao,59.09
2018-07-25,582,construcao_ferramentas_construcao,60.97
2018-07-26,583,construcao_ferramentas_construcao,64.53
2018-07-27,584,construcao_ferramentas_construcao,66.19
2018-07-28,585,construcao_ferramentas_construcao,66.41
2018-07-29,586,construcao_ferramentas_construcao,63.24
2018-07-30,587,construcao_ferramentas_construcao,62.58
2018-07-31,588,construcao_ferramentas_construcao,62.97
2018-08-01,589,construcao_ferramentas_construcao,48.77
2018-08-02,590,construcao_ferramentas_construcao,50.97
2018-08-03,591,construcao_ferramentas_construcao,49.32
2018-08-04,592,construcao_ferramentas_construcao,45.42
2018-08-05,593,construcao_ferramentas_construcao,45.72
2018-08-06,594,construcao_ferramentas_construcao,44.87
2018-08-07,595,construcao_ferramentas_construcao,45.99
2018-08-08,596,construcao_ferramentas_construcao,48.74
2018-08-09,597,construcao_ferramentas_construcao,47.17
2018-08-10,598,construcao_ferramentas_construcao,47.34
2018-08-11,599,construcao_ferramentas_construcao,46.43
2018-08-12,600,construcao_ferramentas_construcao,44.33
2018-08-13,601,construcao_ferramentas_construcao,43.19
2018-08-14,602,construcao_ferramentas_construcao,43.4
2018-08-15,603,construcao_ferramentas_construcao,42.09
2018-08-16,604,construcao_ferramentas_construcao,40.76
2018-08-17,605,construcao_ferramentas_construcao,41.78
2018-08-18,606,construcao_ferramentas_construcao,39.93
2018-08-19,607,construcao_ferramentas_construcao,39.56
2018-08-20,608,construcao_ferramentas_construcao,40.59
2018-08-21,609,construcao_ferramentas_construcao,41.16
2018-08-22,610,construcao_ferramentas_construcao,42.71
2018-08-23,611,construcao_ferramentas_construcao,44.29
2018-08-24,612,construcao_ferramentas_construcao,45.95
2018-08-25,613,construcao_ferramentas_construcao,48.29
2018-08-26,614,construcao_ferramentas_construcao,49.35
2018-08-27,615,construcao_ferramentas_construcao,47.19
2017-04-13,114,construcao_ferramentas_ferramentas,71.01
2017-05-01,132,construcao_ferramentas_ferramentas,57.86
2017-05-03,134,construcao_ferramentas_ferramentas,56.11
2017-09-05,259,construcao_ferramentas_ferramentas,7.41
2017-09-10,264,construcao_ferramentas_ferramentas,5.58
2017-09-21,275,construcao_ferramentas_ferramentas,5.0
2017-10-02,286,construcao_ferramentas_ferramentas,7.26
2017-10-08,292,construcao_ferramentas_ferramentas,6.93
2017-10-09,293,construcao_ferramentas_ferramentas,6.01
2017-10-12,296,construcao_ferramentas_ferramentas,6.35
2017-10-17,301,construcao_ferramentas_ferramentas,6.5
2017-11-03,318,construcao_ferramentas_ferramentas,18.2
2017-11-04,319,construcao_ferramentas_ferramentas,21.89
2017-11-27,342,construcao_ferramentas_ferramentas,23.94
2017-11-28,343,construcao_ferramentas_ferramentas,27.39
2017-12-01,346,construcao_ferramentas_ferramentas,45.48
2017-12-11,356,construcao_ferramentas_ferramentas,47.88
2017-12-12,357,construcao_ferramentas_ferramentas,48.91
2017-12-16,361,construcao_ferramentas_ferramentas,51.11
2017-12-27,372,construcao_ferramentas_ferramentas,50.93
2017-12-28,373,construcao_ferramentas_ferramentas,50.31
2018-01-10,386,construcao_ferramentas_ferramentas,70.27
2018-01-15,391,construcao_ferramentas_ferramentas,68.11
2018-01-24,400,construcao_ferramentas_ferramentas,66.52
2018-01-26,402,construcao_ferramentas_ferramentas,67.41
2018-01-27,403,construcao_ferramentas_ferramentas,67.57
2018-01-29,405,construcao_ferramentas_ferramentas,64.93
2018-02-01,408,construcao_ferramentas_ferramentas,78.29
2018-02-04,411,construcao_ferramentas_ferramentas,78.96
2018-02-17,424,construcao_ferramentas_ferramentas,81.62
2018-02-20,427,construcao_ferramentas_ferramentas,82.1
2018-02-21,428,construcao_ferramentas_ferramentas,81.89
2018-02-23,430,construcao_ferramentas_ferramentas,86.99
2018-02-24,431,construcao_ferramentas_ferramentas,89.11
2018-03-15,450,construcao_ferramentas_ferramentas,92.16
2018-03-21,456,construcao_ferramentas_ferramentas,92.2
2018-03-23,458,construcao_ferramentas_ferramentas,92.59
2018-03-24,459,construcao_ferramentas_ferramentas,94.8
2018-03-26,461,construcao_ferramentas_ferramentas,95.0
2018-03-28,463,construcao_ferramentas_ferramentas,93.3
2018-03-31,466,construcao_ferramentas_ferramentas,92.62
2018-04-04,470,construcao_ferramentas_ferramentas,88.87
2018-04-05,471,construcao_ferramentas_ferramentas,87.17
2018-04-08,474,construcao_ferramentas_ferramentas,86.27
2018-04-09,475,construcao_ferramentas_ferramentas,87.29
2018-04-10,476,construcao_ferramentas_ferramentas,85.05
2018-04-13,479,construcao_ferramentas_ferramentas,86.09
2018-04-14,480,construcao_ferramentas_ferramentas,84.2
2018-04-15,481,construcao_ferramentas_ferramentas,86.4
2018-04-17,483,construcao_ferramentas_ferramentas,86.2
2018-04-24,490,construcao_ferramentas_ferramentas,86.07
2018-04-25,491,construcao_ferramentas_ferramentas,84.11
2018-05-03,499,construcao_ferramentas_ferramentas,70.37
2018-05-06,502,construcao_ferramentas_ferramentas,72.93
2018-05-10,506,construcao_ferramentas_ferramentas,74.47
2018-05-21,517,construcao_ferramentas_ferramentas,77.03
2018-05-28,524,construcao_ferramentas_ferramentas,78.65
2018-06-02,529,construcao_ferramentas_ferramentas,62.91
2018-06-06,533,construcao_ferramentas_ferramentas,61.18
2018-06-07,534,construcao_ferramentas_ferramentas,62.09
2018-06-09,536,construcao_ferramentas_ferramentas,63.62
2018-07-07,564,construcao_ferramentas_ferramentas,47.49
2018-07-09,566,construcao_ferramentas_ferramentas,49.78
2018-07-11,568,construcao_ferramentas_ferramentas,48.55
2018-07-17,574,construcao_ferramentas_ferramentas,47.99
2018-07-19,576,construcao_ferramentas_ferramentas,48.12
2018-07-20,577,construcao_ferramentas_ferramentas,46.88
2018-07-22,579,construcao_ferramentas_ferramentas,46.08
2018-07-24,581,construcao_ferramentas_ferramentas,46.67
2018-07-25,582,construcao_ferramentas_ferramentas,48.33
2018-07-29,586,construcao_ferramentas_ferramentas,47.74
2018-08-02,590,construcao_ferramentas_ferramentas,38.54
2018-08-05,593,construcao_ferramentas_ferramentas,38.89
2018-08-06,594,construcao_ferramentas_ferramentas,38.49
2018-08-13,601,construcao_ferramentas_ferramentas,37.31
2018-08-14,602,construcao_ferramentas_ferramentas,37.86
2018-08-15,603,construcao_ferramentas_ferramentas,37.11
2018-08-19,607,construcao_ferramentas_ferramentas,38.94
2018-08-20,608,construcao_ferramentas_ferramentas,38.2
2018-08-21,609,construcao_ferramentas_ferramentas,38.97
2018-08-22,610,construcao_ferramentas_ferramentas,43.48
2017-07-25,217,construcao_ferramentas_iluminacao,24.21
2017-08-06,229,construcao_ferramentas_iluminacao,10.63
2017-08-29,252,construcao_ferramentas_iluminacao,11.45
2017-09-12,266,construcao_ferramentas_iluminacao,5.0
2017-10-12,296,construcao_ferramentas_iluminacao,12.36
2017-10-30,314,construcao_ferramentas_iluminacao,10.87
2017-11-05,320,construcao_ferramentas_iluminacao,26.56
2017-11-08,323,construcao_ferramentas_iluminacao,29.31
2017-11-15,330,construcao_ferramentas_iluminacao,29.94
2017-11-22,337,construcao_ferramentas_iluminacao,30.71
2017-11-24,339,construcao_ferramentas_iluminacao,34.31
2017-11-27,342,construcao_ferramentas_iluminacao,32.64
2017-11-28,343,construcao_ferramentas_iluminacao,31.33
2017-12-06,351,construcao_ferramentas_iluminacao,51.16
2017-12-29,374,construcao_ferramentas_iluminacao,50.44
2018-01-13,389,construcao_ferramentas_iluminacao,73.41
2018-01-14,390,construcao_ferramentas_iluminacao,73.44
2018-01-18,394,construcao_ferramentas_iluminacao,70.4
2018-01-19,395,construcao_ferramentas_iluminacao,70.15
2018-01-20,396,construcao_ferramentas_iluminacao,70.31
2018-01-30,406,construcao_ferramentas_iluminacao,67.64
2018-02-04,411,construcao_ferramentas_iluminacao,83.01
2018-02-05,412,construcao_ferramentas_iluminacao,86.72
2018-02-14,421,construcao_ferramentas_iluminacao,85.87
2018-02-22,429,construcao_ferramentas_iluminacao,86.86
2018-02-25,432,construcao_ferramentas_iluminacao,84.45
2018-02-28,435,construcao_ferramentas_iluminacao,85.65
2018-03-03,438,construcao_ferramentas_iluminacao,92.99
2018-03-06,441,construcao_ferramentas_iluminacao,94.58
2018-03-08,443,construcao_ferramentas_iluminacao,93.39
2018-03-16,451,construcao_ferramentas_iluminacao,93.95
2018-03-17,452,construcao_ferramentas_iluminacao,92.06
2018-03-19,454,construcao_ferramentas_iluminacao,91.35
2018-03-22,457,construcao_ferramentas_iluminacao,95.0
2018-03-26,461,construcao_ferramentas_iluminacao,94.08
2018-03-27,462,construcao_ferramentas_iluminacao,93.28
2018-03-30,465,construcao_ferramentas_iluminacao,91.35
2018-04-04,470,construcao_ferramentas_iluminacao,86.73
2018-04-06,472,construcao_ferramentas_iluminacao,87.96
2018-04-07,473,construcao_ferramentas_iluminacao,87.92
2018-04-10,476,construcao_ferramentas_iluminacao,87.42
2018-04-11,477,construcao_ferramentas_iluminacao,89.92
2018-04-12,478,construcao_ferramentas_iluminacao,87.61
2018-04-13,479,construcao_ferramentas_iluminacao,85.4
2018-04-14,480,construcao_ferramentas_iluminacao,88.17
2018-04-15,481,construcao_ferramentas_iluminacao,87.76
2018-04-16,482,construcao_ferramentas_iluminacao,87.09
2018-04-17,483,construcao_ferramentas_iluminacao,88.58
2018-04-19,485,construcao_ferramentas_iluminacao,87.35
2018-04-20,486,construcao_ferramentas_iluminacao,89.47
2018-04-22,488,construcao_ferramentas_iluminacao,90.83
2018-04-23,489,construcao_ferramentas_iluminacao,90.74
2018-04-24,490,construcao_ferramentas_iluminacao,93.86
2018-04-27,493,construcao_ferramentas_iluminacao,92.68
2018-04-30,496,construcao_ferramentas_iluminacao,91.9
2018-05-02,498,construcao_ferramentas_iluminacao,79.54
2018-05-04,500,construcao_ferramentas_iluminacao,80.11
2018-05-06,502,construcao_ferramentas_iluminacao,78.62
2018-05-07,503,construcao_ferramentas_iluminacao,79.39
2018-05-08,504,construcao_ferramentas_iluminacao,77.83
2018-05-10,506,construcao_ferramentas_iluminacao,76.6
2018-05-11,507,construcao_ferramentas_iluminacao,79.37
2018-05-13,509,construcao_ferramentas_iluminacao,80.27
2018-05-14,510,construcao_ferramentas_iluminacao,83.17
2018-05-15,511,construcao_ferramentas_iluminacao,82.82
2018-05-16,512,construcao_ferramentas_iluminacao,81.18
2018-05-17,513,construcao_ferramentas_iluminacao,86.11
2018-05-18,514,construcao_ferramentas_iluminacao,85.82
2018-05-20,516,construcao_ferramentas_iluminacao,85.4
2018-05-22,518,construcao_ferramentas_iluminacao,86.49
2018-05-24,520,construcao_ferramentas_iluminacao,90.15
2018-05-25,521,construcao_ferramentas_iluminacao,88.12
2018-05-27,523,construcao_ferramentas_iluminacao,88.97
2018-05-29,525,construcao_ferramentas_iluminacao,89.41
2018-06-02,529,construcao_ferramentas_iluminacao,69.64
2018-06-03,530,construcao_ferramentas_iluminacao,71.41
2018-06-04,531,construcao_ferramentas_iluminacao,70.27
2018-06-05,532,construcao_ferramentas_iluminacao,66.78
2018-06-06,533,construcao_ferramentas_iluminacao,67.9
2018-06-07,534,construcao_ferramentas_iluminacao,65.55
2018-06-09,536,construcao_ferramentas_iluminacao,63.49
2018-06-11,538,construcao_ferramentas_iluminacao,63.37
2018-06-12,539,construcao_ferramentas_iluminacao,61.32
2018-06-14,541,construcao_ferramentas_iluminacao,59.27
2018-06-15,542,construcao_ferramentas_iluminacao,59.51
2018-06-18,545,construcao_ferramentas_iluminacao,64.01
2018-06-19,546,construcao_ferramentas_iluminacao,65.57
2018-06-20,547,construcao_ferramentas_iluminacao,68.05
2018-06-21,548,construcao_ferramentas_iluminacao,70.79
2018-06-23,550,construcao_ferramentas_iluminacao,72.53
2018-06-24,551,construcao_ferramentas_iluminacao,73.67
2018-06-25,552,construcao_ferramentas_iluminacao,74.28
2018-06-26,553,construcao_ferramentas_iluminacao,74.12
2018-06-27,554,construcao_ferramentas_iluminacao,76.58
2018-06-28,555,construcao_ferramentas_iluminacao,78.59
2018-06-30,557,construcao_ferramentas_iluminacao,74.93
2018-07-01,558,construcao_ferramentas_iluminacao,51.74
2018-07-03,560,construcao_ferramentas_iluminacao,52.4
2018-07-06,563,construcao_ferramentas_iluminacao,48.09
2018-07-08,565,construcao_ferramentas_iluminacao,48.95
2018-07-09,566,construcao_ferramentas_iluminacao,47.34
2018-07-14,571,construcao_ferramentas_iluminacao,47.33
2018-07-16,573,construcao_ferramentas_iluminacao,50.49
2018-07-17,574,construcao_ferramentas_iluminacao,51.07
2018-07-18,575,construcao_ferramentas_iluminacao,51.12
2018-07-20,577,construcao_ferramentas_iluminacao,51.95
2018-07-21,578,construcao_ferramentas_iluminacao,56.75
2018-07-22,579,construcao_ferramentas_iluminacao,59.03
2018-07-23,580,construcao_ferramentas_iluminacao,61.18
2018-07-25,582,construcao_ferramentas_iluminacao,59.41
2018-07-27,584,construcao_ferramentas_iluminacao,61.94
2018-07-28,585,construcao_ferramentas_iluminacao,63.77
2018-07-29,586,construcao_ferramentas_iluminacao,61.2
2018-07-30,587,construcao_ferramentas_iluminacao,60.19
2018-07-31,588,construcao_ferramentas_iluminacao,59.99
2018-08-01,589,construcao_ferramentas_iluminacao,46.25
2018-08-02,590,construcao_ferramentas_iluminacao,40.32
2018-08-03,591,construcao_ferramentas_iluminacao,39.53
2018-08-04,592,construcao_ferramentas_iluminacao,41.65
2018-08-05,593,construcao_ferramentas_iluminacao,43.06
2018-08-06,594,construcao_ferramentas_iluminacao,42.85
2018-08-07,595,construcao_ferramentas_iluminacao,40.87
2018-08-08,596,construcao_ferramentas_iluminacao,42.55
2018-08-09,597,construcao_ferramentas_iluminacao,42.11
2018-08-10,598,construcao_ferramentas_iluminacao,41.56
2018-08-11,599,construcao_ferramentas_iluminacao,43.99
2018-08-13,601,construcao_ferramentas_iluminacao,49.13
2018-08-14,602,construcao_ferramentas_iluminacao,48.86
2018-08-15,603,construcao_ferramentas_iluminacao,48.46
2018-08-16,604,construcao_ferramentas_iluminacao,50.4
2018-08-17,605,construcao_ferramentas_iluminacao,51.51
2018-08-18,606,construcao_ferramentas_iluminacao,50.45
2018-08-19,607,construcao_ferramentas_iluminacao,51.64
2018-08-20,608,construcao_ferramentas_iluminacao,51.42
2018-08-21,609,construcao_ferramentas_iluminacao,52.52
2018-08-23,611,construcao_ferramentas_iluminacao,54.65
2018-08-24,612,construcao_ferramentas_iluminacao,54.03
2018-08-25,613,construcao_ferramentas_iluminacao,54.62
2018-08-28,616,construcao_ferramentas_iluminacao,51.05
2017-02-07,49,construcao_ferramentas_jardim,42.98
2017-04-03,104,construcao_ferramentas_jardim,45.13
2017-04-16,117,construcao_ferramentas_jardim,47.01
2017-04-21,122,construcao_ferramentas_jardim,47.87
2017-04-24,125,construcao_ferramentas_jardim,37.55
2017-04-27,128,construcao_ferramentas_jardim,37.68
2017-04-29,130,construcao_ferramentas_jardim,37.91
2017-05-08,139,construcao_ferramentas_jardim,36.84
2017-05-10,141,construcao_ferramentas_jardim,37.23
2017-05-12,143,construcao_ferramentas_jardim,37.4
2017-05-14,145,construcao_ferramentas_jardim,26.3
2017-05-23,154,construcao_ferramentas_jardim,25.49
2017-05-26,157,construcao_ferramentas_jardim,11.69
2017-06-23,185,construcao_ferramentas_jardim,11.55
2017-06-29,191,construcao_ferramentas_jardim,12.26
2017-07-02,194,construcao_ferramentas_jardim,12.04
2017-07-06,198,construcao_ferramentas_jardim,13.25
2017-07-11,203,construcao_ferramentas_jardim,6.61
2017-07-18,210,construcao_ferramentas_jardim,6.75
2017-07-26,218,construcao_ferramentas_jardim,6.44
2017-08-03,226,construcao_ferramentas_jardim,5.0
2017-08-12,235,construcao_ferramentas_jardim,6.14
2017-08-21,244,construcao_ferramentas_jardim,8.9
2017-08-24,247,construcao_ferramentas_jardim,5.67
2017-08-25,248,construcao_ferramentas_jardim,5.71
2017-08-28,251,construcao_ferramentas_jardim,7.25
2017-09-03,257,construcao_ferramentas_jardim,7.25
2017-09-22,276,construcao_ferramentas_jardim,7.1
2017-09-23,277,construcao_ferramentas_jardim,10.19
2017-09-24,278,construcao_ferramentas_jardim,11.77
2017-09-27,281,construcao_ferramentas_jardim,12.27
2017-10-03,287,construcao_ferramentas_jardim,11.03
2017-10-05,289,construcao_ferramentas_jardim,9.82
2017-10-11,295,construcao_ferramentas_jardim,10.0
2017-10-17,301,construcao_ferramentas_jardim,10.45
2017-10-18,302,construcao_ferramentas_jardim,8.25
2017-10-22,306,construcao_ferramentas_jardim,17.96
2017-10-25,309,construcao_ferramentas_jardim,19.04
2017-10-27,311,construcao_ferramentas_jardim,18.81
2017-11-03,318,construcao_ferramentas_jardim,19.54
2017-11-10,325,construcao_ferramentas_jardim,20.12
2017-11-12,327,construcao_ferramentas_jardim,22.4
2017-11-13,328,construcao_ferramentas_jardim,23.14
2017-11-14,329,construcao_ferramentas_jardim,24.18
2017-11-20,335,construcao_ferramentas_jardim,24.71
2017-11-22,337,construcao_ferramentas_jardim,27.61
2017-11-24,339,construcao_ferramentas_jardim,38.21
2017-11-26,341,construcao_ferramentas_jardim,38.25
2017-11-27,342,construcao_ferramentas_jardim,41.53
2017-12-04,349,construcao_ferramentas_jardim,41.81
2017-12-06,351,construcao_ferramentas_jardim,45.18
2017-12-10,355,construcao_ferramentas_jardim,56.54
2017-12-18,363,construcao_ferramentas_jardim,58.01
2017-12-20,365,construcao_ferramentas_jardim,58.43
2018-01-02,378,construcao_ferramentas_jardim,60.26
2018-01-03,379,construcao_ferramentas_jardim,59.71
2018-01-05,381,construcao_ferramentas_jardim,61.04
2018-01-07,383,construcao_ferramentas_jardim,62.23
2018-01-08,384,construcao_ferramentas_jardim,61.36
2018-01-09,385,construcao_ferramentas_jardim,60.0
2018-01-10,386,construcao_ferramentas_jardim,58.0
2018-01-11,387,construcao_ferramentas_jardim,59.62
2018-01-12,388,construcao_ferramentas_jardim,60.6
2018-01-16,392,construcao_ferramentas_jardim,61.39
2018-01-18,394,construcao_ferramentas_jardim,62.06
2018-01-19,395,construcao_ferramentas_jardim,61.44
2018-01-21,397,construcao_ferramentas_jardim,61.99
2018-01-22,398,construcao_ferramentas_jardim,70.01
2018-01-23,399,construcao_ferramentas_jardim,70.96
2018-01-26,402,construcao_ferramentas_jardim,72.94
2018-02-02,409,construcao_ferramentas_jardim,74.66
2018-02-04,411,construcao_ferramentas_jardim,74.32
2018-02-05,412,construcao_ferramentas_jardim,73.82
2018-02-07,414,construcao_ferramentas_jardim,74.31
2018-02-08,415,construcao_ferramentas_jardim,72.92
2018-02-09,416,construcao_ferramentas_jardim,74.69
2018-02-10,417,construcao_ferramentas_jardim,75.61
2018-02-16,423,construcao_ferramentas_jardim,76.38
2018-02-18,425,construcao_ferramentas_jardim,77.17
2018-02-20,427,construcao_ferramentas_jardim,81.06
2018-02-23,430,construcao_ferramentas_jardim,80.71
2018-02-28,435,construcao_ferramentas_jardim,82.94
2018-03-02,437,construcao_ferramentas_jardim,82.43
2018-03-03,438,construcao_ferramentas_jardim,82.49
2018-03-05,440,construcao_ferramentas_jardim,86.54
2018-03-06,441,construcao_ferramentas_jardim,86.39
2018-03-07,442,construcao_ferramentas_jardim,85.98
2018-03-09,444,construcao_ferramentas_jardim,87.49
2018-03-16,451,construcao_ferramentas_jardim,86.28
2018-03-18,453,construcao_ferramentas_jardim,86.7
2018-03-19,454,construcao_ferramentas_jardim,89.75
2018-03-22,457,construcao_ferramentas_jardim,84.66
2018-03-24,459,construcao_ferramentas_jardim,84.64
2018-03-26,461,construcao_ferramentas_jardim,84.66
2018-04-02,468,construcao_ferramentas_jardim,83.67
2018-04-04,470,construcao_ferramentas_jardim,86.36
2018-04-12,478,construcao_ferramentas_jardim,87.85
2018-04-15,481,construcao_ferramentas_jardim,88.54
2018-04-18,484,construcao_ferramentas_jardim,92.42
2018-04-19,485,construcao_ferramentas_jardim,95.0
2018-04-22,488,construcao_ferramentas_jardim,93.58
2018-04-25,491,construcao_ferramentas_jardim,84.79
2018-04-27,493,construcao_ferramentas_jardim,86.6
2018-04-30,496,construcao_ferramentas_jardim,88.33
2018-05-04,500,construcao_ferramentas_jardim,88.04
2018-05-05,501,construcao_ferramentas_jardim,87.61
2018-05-06,502,construcao_ferramentas_jardim,89.86
2018-05-07,503,construcao_ferramentas_jardim,91.17
2018-05-11,507,construcao_ferramentas_jardim,90.53
2018-05-13,509,construcao_ferramentas_jardim,90.68
2018-05-15,511,construcao_ferramentas_jardim,79.92
2018-05-24,520,construcao_ferramentas_jardim,82.85
2018-05-31,527,construcao_ferramentas_jardim,85.21
2018-06-01,528,construcao_ferramentas_jardim,86.45
2018-06-02,529,construcao_ferramentas_jardim,89.35
2018-06-03,530,construcao_ferramentas_jardim,89.02
2018-06-08,535,construcao_ferramentas_jardim,88.34
2018-06-11,538,construcao_ferramentas_jardim,87.88
2018-06-16,543,construcao_ferramentas_jardim,89.24
2018-06-18,545,construcao_ferramentas_jardim,90.21
2018-06-23,550,construcao_ferramentas_jardim,78.59
2018-06-27,554,construcao_ferramentas_jardim,78.06
2018-06-29,556,construcao_ferramentas_jardim,78.83
2018-07-02,559,construcao_ferramentas_jardim,80.28
2018-07-03,560,construcao_ferramentas_jardim,77.48
2018-07-08,565,construcao_ferramentas_jardim,79.62
2018-07-10,567,construcao_ferramentas_jardim,79.48
2018-07-12,569,construcao_ferramentas_jardim,79.83
2018-07-16,573,construcao_ferramentas_jardim,79.46
2018-07-18,575,construcao_ferramentas_jardim,79.89
2018-07-20,577,construcao_ferramentas_jardim,80.87
2018-07-23,580,construcao_ferramentas_jardim,81.85
2018-07-25,582,construcao_ferramentas_jardim,73.89
2018-07-26,583,construcao_ferramentas_jardim,72.77
2018-07-29,586,construcao_ferramentas_jardim,75.69
2018-08-01,589,construcao_ferramentas_jardim,75.82
2018-08-02,590,construcao_ferramentas_jardim,77.8
2018-08-03,591,construcao_ferramentas_jardim,79.74
2018-08-04,592,construcao_ferramentas_jardim,81.91
2018-08-05,593,construcao_ferramentas_jardim,83.26
2018-08-06,594,construcao_ferramentas_jardim,83.97
2018-08-07,595,construcao_ferramentas_jardim,86.3
2018-08-09,597,construcao_ferramentas_jardim,85.99
2018-08-12,600,construcao_ferramentas_jardim,88.35
2018-08-15,603,construcao_ferramentas_jardim,89.34
2018-08-16,604,construcao_ferramentas_jardim,90.89
2018-08-17,605,construcao_ferramentas_jardim,90.49
2018-08-18,606,construcao_ferramentas_jardim,91.24
2018-08-22,610,construcao_ferramentas_jardim,92.0
2018-08-28,616,construcao_ferramentas_jardim,91.09
2017-02-18,60,construcao_ferramentas_seguranca,71.66
2017-03-07,77,construcao_ferramentas_seguranca,76.43
2017-03-15,85,construcao_ferramentas_seguranca,77.77
2017-08-21,244,construcao_ferramentas_seguranca,15.38
2017-09-13,267,construcao_ferramentas_seguranca,11.8
2017-09-15,269,construcao_ferramentas_seguranca,9.81
2017-09-18,272,construcao_ferramentas_seguranca,6.59
2017-09-28,282,construcao_ferramentas_seguranca,5.0
2017-10-01,285,construcao_ferramentas_seguranca,10.6
2017-10-03,287,construcao_ferramentas_seguranca,9.82
2017-10-04,288,construcao_ferramentas_seguranca,9.41
2017-10-06,290,construcao_ferramentas_seguranca,7.44
2017-10-08,292,construcao_ferramentas_seguranca,6.64
2017-10-17,301,construcao_ferramentas_seguranca,8.15
2017-10-19,303,construcao_ferramentas_seguranca,6.82
2017-10-20,304,construcao_ferramentas_seguranca,10.21
2017-10-29,313,construcao_ferramentas_seguranca,10.59
2017-11-04,319,construcao_ferramentas_seguranca,25.9
2017-11-06,321,construcao_ferramentas_seguranca,26.97
2017-11-11,326,construcao_ferramentas_seguranca,26.52
2017-11-12,327,construcao_ferramentas_seguranca,27.51
2017-11-16,331,construcao_ferramentas_seguranca,27.55
2017-11-18,333,construcao_ferramentas_seguranca,24.35
2017-11-19,334,construcao_ferramentas_seguranca,24.38
2017-11-20,335,construcao_ferramentas_seguranca,26.68
2017-11-24,339,construcao_ferramentas_seguranca,28.32
2017-11-30,345,construcao_ferramentas_seguranca,28.94
2017-12-02,347,construcao_ferramentas_seguranca,44.0
2017-12-08,353,construcao_ferramentas_seguranca,41.4
2017-12-16,361,construcao_ferramentas_seguranca,41.53
2017-12-19,364,construcao_ferramentas_seguranca,41.27
2018-01-08,384,construcao_ferramentas_seguranca,60.07
2018-01-12,388,construcao_ferramentas_seguranca,62.28
2018-01-13,389,construcao_ferramentas_seguranca,62.28
2018-01-16,392,construcao_ferramentas_seguranca,62.4
2018-01-21,397,construcao_ferramentas_seguranca,59.86
2018-01-23,399,construcao_ferramentas_seguranca,61.29
2018-01-26,402,construcao_ferramentas_seguranca,63.08
2018-01-29,405,construcao_ferramentas_seguranca,63.72
2018-02-02,409,construcao_ferramentas_seguranca,78.49
2018-02-03,410,construcao_ferramentas_seguranca,79.16
2018-02-07,414,construcao_ferramentas_seguranca,77.57
2018-02-09,416,construcao_ferramentas_seguranca,79.38
2018-02-13,420,construcao_ferramentas_seguranca,78.65
2018-02-22,429,construcao_ferramentas_seguranca,79.44
2018-02-26,433,construcao_ferramentas_seguranca,80.9
2018-03-01,436,construcao_ferramentas_seguranca,86.01
2018-03-02,437,construcao_ferramentas_seguranca,82.54
2018-03-03,438,construcao_ferramentas_seguranca,82.03
2018-03-05,440,construcao_ferramentas_seguranca,82.05
2018-03-06,441,construcao_ferramentas_seguranca,84.68
2018-03-07,442,construcao_ferramentas_seguranca,84.4
2018-03-12,447,construcao_ferramentas_seguranca,83.7
2018-03-18,453,construcao_ferramentas_seguranca,85.16
2018-03-25,460,construcao_ferramentas_seguranca,86.24
2018-03-26,461,construcao_ferramentas_seguranca,84.36
2018-03-27,462,construcao_ferramentas_seguranca,83.35
2018-03-31,466,construcao_ferramentas_seguranca,86.18
2018-04-02,468,construcao_ferramentas_seguranca,85.14
2018-04-03,469,construcao_ferramentas_seguranca,87.76
2018-04-04,470,construcao_ferramentas_seguranca,86.44
2018-04-05,471,construcao_ferramentas_seguranca,86.08
2018-04-06,472,construcao_ferramentas_seguranca,87.16
2018-04-07,473,construcao_ferramentas_seguranca,88.7
2018-04-15,481,construcao_ferramentas_seguranca,88.23
2018-04-16,482,construcao_ferramentas_seguranca,89.9
2018-04-17,483,construcao_ferramentas_seguranca,92.48
2018-04-19,485,construcao_ferramentas_seguranca,93.99
2018-04-21,487,construcao_ferramentas_seguranca,92.08
2018-04-22,488,construcao_ferramentas_seguranca,89.69
2018-04-25,491,construcao_ferramentas_seguranca,91.49
2018-04-26,492,construcao_ferramentas_seguranca,95.0
2018-04-27,493,construcao_ferramentas_seguranca,94.68
2018-04-28,494,construcao_ferramentas_seguranca,92.83
2018-04-30,496,construcao_ferramentas_seguranca,94.5
2018-05-02,498,construcao_ferramentas_seguranca,82.15
2018-05-05,501,construcao_ferramentas_seguranca,81.76
2018-05-07,503,construcao_ferramentas_seguranca,79.48
2018-05-08,504,construcao_ferramentas_seguranca,82.36
2018-05-11,507,construcao_ferramentas_seguranca,81.82
2018-05-14,510,construcao_ferramentas_seguranca,82.43
2018-05-16,512,construcao_ferramentas_seguranca,81.82
2018-05-17,513,construcao_ferramentas_seguranca,80.64
2018-05-18,514,construcao_ferramentas_seguranca,83.14
2018-05-19,515,construcao_ferramentas_seguranca,83.8
2018-05-22,518,construcao_ferramentas_seguranca,86.69
2018-05-23,519,construcao_ferramentas_seguranca,85.45
2018-05-24,520,construcao_ferramentas_seguranca,87.05
2018-05-26,522,construcao_ferramentas_seguranca,86.16
2018-06-03,530,construcao_ferramentas_seguranca,69.15
2018-06-07,534,construcao_ferramentas_seguranca,69.95
2018-06-08,535,construcao_ferramentas_seguranca,69.77
2018-06-11,538,construcao_ferramentas_seguranca,68.18
2018-06-13,540,construcao_ferramentas_seguranca,67.08
2018-06-14,541,construcao_ferramentas_seguranca,64.97
2018-06-15,542,construcao_ferramentas_seguranca,64.03
2018-06-16,543,construcao_ferramentas_seguranca,64.79
2018-06-19,546,construcao_ferramentas_seguranca,66.44
2018-06-20,547,construcao_ferramentas_seguranca,67.93
2018-06-22,549,construcao_ferramentas_seguranca,69.43
2018-06-26,553,construcao_ferramentas_seguranca,67.15
2018-06-27,554,construcao_ferramentas_seguranca,67.18
2018-07-06,563,construcao_ferramentas_seguranca,54.14
2018-07-08,565,construcao_ferramentas_seguranca,52.97
2018-07-09,566,construcao_ferramentas_seguranca,54.4
2018-07-16,573,construcao_ferramentas_seguranca,55.33
2018-07-17,574,construcao_ferramentas_seguranca,57.99
2018-07-18,575,construcao_ferramentas_seguranca,58.81
2018-07-20,577,construcao_ferramentas_seguranca,56.81
2018-07-21,578,construcao_ferramentas_seguranca,57.75
2018-07-23,580,construcao_ferramentas_seguranca,57.25
2018-07-26,583,construcao_ferramentas_seguranca,58.43
2018-07-30,587,construcao_ferramentas_seguranca,58.03
2018-07-31,588,construcao_ferramentas_seguranca,58.01
2018-08-01,589,construcao_ferramentas_seguranca,45.67
2018-08-03,591,construcao_ferramentas_seguranca,42.0
2018-08-06,594,construcao_ferramentas_seguranca,38.14
2018-08-07,595,construcao_ferramentas_seguranca,36.61
2018-08-10,598,construcao_ferramentas_seguranca,37.83
2018-08-13,601,construcao_ferramentas_seguranca,36.61
2018-08-14,602,construcao_ferramentas_seguranca,36.08
2018-08-15,603,construcao_ferramentas_seguranca,34.45
2018-08-17,605,construcao_ferramentas_seguranca,35.85
2018-08-18,606,construcao_ferramentas_seguranca,38.12
2018-08-19,607,construcao_ferramentas_seguranca,38.02
2018-08-20,608,construcao_ferramentas_seguranca,43.08
2018-08-22,610,construcao_ferramentas_seguranca,46.04
2018-08-24,612,construcao_ferramentas_seguranca,45.59
2016-10-04,7,cool_stuff,7.84
2016-10-06,9,cool_stuff,9.08
2016-10-07,10,cool_stuff,10.02
2017-01-07,18,cool_stuff,9.29
2017-01-09,20,cool_stuff,9.05
2017-01-10,21,cool_stuff,9.01
2017-01-15,26,cool_stuff,9.13
2017-01-16,27,cool_stuff,7.62
2017-01-17,28,cool_stuff,8.99
2017-01-20,31,cool_stuff,7.9
2017-01-21,32,cool_stuff,8.03
2017-01-23,34,cool_stuff,8.32
2017-01-24,35,cool_stuff,7.14
2017-01-25,36,cool_stuff,6.7
2017-01-26,37,cool_stuff,6.75
2017-01-27,38,cool_stuff,5.0
2017-01-28,39,cool_stuff,18.99
2017-01-30,41,cool_stuff,19.92
2017-01-31,42,cool_stuff,18.56
2017-02-01,43,cool_stuff,17.96
2017-02-02,44,cool_stuff,18.82
2017-02-03,45,cool_stuff,18.24
2017-02-04,46,cool_stuff,19.44
2017-02-05,47,cool_stuff,19.9
2017-02-06,48,cool_stuff,19.27
2017-02-07,49,cool_stuff,20.48
2017-02-08,50,cool_stuff,20.55
2017-02-09,51,cool_stuff,19.76
2017-02-10,52,cool_stuff,20.79
2017-02-12,54,cool_stuff,21.34
2017-02-13,55,cool_stuff,19.39
2017-02-14,56,cool_stuff,20.12
2017-02-15,57,cool_stuff,19.03
2017-02-16,58,cool_stuff,18.86
2017-02-17,59,cool_stuff,18.38
2017-02-18,60,cool_stuff,19.25
2017-02-19,61,cool_stuff,18.66
2017-02-20,62,cool_stuff,19.4
2017-02-22,64,cool_stuff,19.1
2017-02-23,65,cool_stuff,19.73
2017-02-24,66,cool_stuff,20.78
2017-02-25,67,cool_stuff,38.26
2017-02-27,69,cool_stuff,38.11
2017-02-28,70,cool_stuff,38.6
2017-03-01,71,cool_stuff,39.19
2017-03-02,72,cool_stuff,38.33
2017-03-03,73,cool_stuff,39.49
2017-03-04,74,cool_stuff,40.04
2017-03-05,75,cool_stuff,38.83
2017-03-06,76,cool_stuff,39.88
2017-03-07,77,cool_stuff,40.38
2017-03-08,78,cool_stuff,41.39
2017-03-09,79,cool_stuff,42.51
2017-03-10,80,cool_stuff,43.79
2017-03-11,81,cool_stuff,43.44
2017-03-12,82,cool_stuff,43.22
2017-03-13,83,cool_stuff,41.48
2017-03-14,84,cool_stuff,41.06
2017-03-15,85,cool_stuff,42.01
2017-03-16,86,cool_stuff,40.75
2017-03-17,87,cool_stuff,39.95
2017-03-18,88,cool_stuff,38.8
2017-03-19,89,cool_stuff,38.41
2017-03-20,90,cool_stuff,37.92
2017-03-21,91,cool_stuff,38.43
2017-03-22,92,cool_stuff,38.84
2017-03-23,93,cool_stuff,39.33
2017-03-24,94,cool_stuff,39.51
2017-03-25,95,cool_stuff,39.1
2017-03-26,96,cool_stuff,38.71
2017-03-27,97,cool_stuff,38.68
2017-03-28,98,cool_stuff,58.86
2017-03-29,99,cool_stuff,58.89
2017-03-30,100,cool_stuff,57.32
2017-04-01,102,cool_stuff,57.46
2017-04-02,103,cool_stuff,57.21
2017-04-03,104,cool_stuff,57.5
2017-04-04,105,cool_stuff,58.3
2017-04-05,106,cool_stuff,58.06
2017-04-06,107,cool_stuff,58.14
2017-04-07,108,cool_stuff,58.04
2017-04-08,109,cool_stuff,59.33
2017-04-09,110,cool_stuff,59.46
2017-04-10,111,cool_stuff,59.7
2017-04-11,112,cool_stuff,60.59
2017-04-12,113,cool_stuff,60.76
2017-04-13,114,cool_stuff,61.56
2017-04-14,115,cool_stuff,60.36
2017-04-15,116,cool_stuff,60.44
2017-04-16,117,cool_stuff,61.05
2017-04-17,118,cool_stuff,61.33
2017-04-18,119,cool_stuff,61.36
2017-04-19,120,cool_stuff,60.34
2017-04-20,121,cool_stuff,61.79
2017-04-21,122,cool_stuff,61.12
2017-04-22,123,cool_stuff,61.2
2017-04-23,124,cool_stuff,61.56
2017-04-24,125,cool_stuff,61.42
2017-04-25,126,cool_stuff,62.37
2017-04-26,127,cool_stuff,60.65
2017-04-27,128,cool_stuff,60.57
2017-04-28,129,cool_stuff,73.07
2017-04-29,130,cool_stuff,73.11
2017-04-30,131,cool_stuff,72.13
2017-05-01,132,cool_stuff,72.44
2017-05-02,133,cool_stuff,72.7
2017-05-03,134,cool_stuff,72.38
2017-05-04,135,cool_stuff,72.39
2017-05-05,136,cool_stuff,72.13
2017-05-06,137,cool_stuff,73.79
2017-05-07,138,cool_stuff,74.77
2017-05-08,139,cool_stuff,75.77
2017-05-09,140,cool_stuff,76.54
2017-05-10,141,cool_stuff,76.17
2017-05-11,142,cool_stuff,75.6
2017-05-12,143,cool_stuff,74.91
2017-05-13,144,cool_stuff,74.61
2017-05-14,145,cool_stuff,75.18
2017-05-15,146,cool_stuff,75.4
2017-05-16,147,cool_stuff,75.33
2017-05-17,148,cool_stuff,74.82
2017-05-18,149,cool_stuff,74.49
2017-05-19,150,cool_stuff,74.2
2017-05-20,151,cool_stuff,74.21
2017-05-21,152,cool_stuff,73.6
2017-05-22,153,cool_stuff,73.54
2017-05-23,154,cool_stuff,74.02
2017-05-24,155,cool_stuff,73.49
2017-05-25,156,cool_stuff,72.97
2017-05-26,157,cool_stuff,73.29
2017-05-27,158,cool_stuff,73.61
2017-05-28,159,cool_stuff,72.93
2017-05-29,160,cool_stuff,78.97
2017-05-30,161,cool_stuff,80.18
2017-05-31,162,cool_stuff,80.57
2017-06-01,163,cool_stuff,80.52
2017-06-02,164,cool_stuff,80.96
2017-06-03,165,cool_stuff,81.31
2017-06-04,166,cool_stuff,80.19
2017-06-05,167,cool_stuff,79.14
2017-06-06,168,cool_stuff,78.72
2017-06-07,169,cool_stuff,78.7
2017-06-08,170,cool_stuff,77.92
2017-06-09,171,cool_stuff,77.31
2017-06-11,173,cool_stuff,78.83
2017-06-12,174,cool_stuff,79.17
2017-06-13,175,cool_stuff,79.12
2017-06-14,176,cool_stuff,80.06
2017-06-15,177,cool_stuff,82.19
2017-06-16,178,cool_stuff,83.18
2017-06-17,179,cool_stuff,82.22
2017-06-18,180,cool_stuff,83.19
2017-06-19,181,cool_stuff,84.05
2017-06-20,182,cool_stuff,84.01
2017-06-21,183,cool_stuff,84.2
2017-06-22,184,cool_stuff,84.89
2017-06-23,185,cool_stuff,84.63
2017-06-24,186,cool_stuff,84.46
2017-06-25,187,cool_stuff,83.85
2017-06-26,188,cool_stuff,82.28
2017-06-27,189,cool_stuff,83.15
2017-06-28,190,cool_stuff,78.45
2017-06-29,191,cool_stuff,77.41
2017-06-30,192,cool_stuff,77.35
2017-07-01,193,cool_stuff,75.77
2017-07-02,194,cool_stuff,76.33
2017-07-03,195,cool_stuff,77.0
2017-07-04,196,cool_stuff,75.89
2017-07-05,197,cool_stuff,75.81
2017-07-06,198,cool_stuff,76.88
2017-07-07,199,cool_stuff,77.55
2017-07-08,200,cool_stuff,77.18
2017-07-09,201,cool_stuff,78.14
2017-07-10,202,cool_stuff,78.48
2017-07-11,203,cool_stuff,80.8
2017-07-12,204,cool_stuff,79.21
2017-07-13,205,cool_stuff,77.28
2017-07-14,206,cool_stuff,77.59
2017-07-15,207,cool_stuff,76.63
2017-07-16,208,cool_stuff,76.19
2017-07-17,209,cool_stuff,75.28
2017-07-18,210,cool_stuff,74.49
2017-07-19,211,cool_stuff,73.49
2017-07-20,212,cool_stuff,73.63
2017-07-21,213,cool_stuff,71.67
2017-07-22,214,cool_stuff,72.19
2017-07-23,215,cool_stuff,73.71
2017-07-24,216,cool_stuff,73.53
2017-07-25,217,cool_stuff,74.3
2017-07-26,218,cool_stuff,75.4
2017-07-27,219,cool_stuff,74.88
2017-07-28,220,cool_stuff,74.07
2017-07-29,221,cool_stuff,60.79
2017-07-30,222,cool_stuff,60.8
2017-07-31,223,cool_stuff,62.31
2017-08-01,224,cool_stuff,62.53
2017-08-02,225,cool_stuff,62.51
2017-08-03,226,cool_stuff,62.87
2017-08-04,227,cool_stuff,63.22
2017-08-05,228,cool_stuff,63.99
2017-08-06,229,cool_stuff,63.91
2017-08-07,230,cool_stuff,65.55
2017-08-08,231,cool_stuff,66.61
2017-08-09,232,cool_stuff,66.51
2017-08-10,233,cool_stuff,66.3
2017-08-11,234,cool_stuff,65.88
2017-08-12,235,cool_stuff,65.41
2017-08-13,236,cool_stuff,65.57
2017-08-14,237,cool_stuff,64.15
2017-08-15,238,cool_stuff,62.54
2017-08-16,239,cool_stuff,63.16
2017-08-17,240,cool_stuff,63.42
2017-08-18,241,cool_stuff,62.72
2017-08-19,242,cool_stuff,62.77
2017-08-20,243,cool_stuff,62.32
2017-08-21,244,cool_stuff,62.61
2017-08-22,245,cool_stuff,63.35
2017-08-23,246,cool_stuff,63.36
2017-08-24,247,cool_stuff,64.7
2017-08-25,248,cool_stuff,65.25
2017-08-26,249,cool_stuff,66.3
2017-08-27,250,cool_stuff,65.61
2017-08-28,251,cool_stuff,65.7
2017-08-29,252,cool_stuff,45.68
2017-08-30,253,cool_stuff,44.6
2017-08-31,254,cool_stuff,45.12
2017-09-01,255,cool_stuff,44.4
2017-09-02,256,cool_stuff,44.16
2017-09-03,257,cool_stuff,44.67
2017-09-04,258,cool_stuff,44.5
2017-09-05,259,cool_stuff,44.02
2017-09-06,260,cool_stuff,45.09
2017-09-07,261,cool_stuff,45.44
2017-09-08,262,cool_stuff,47.02
2017-09-09,263,cool_stuff,47.52
2017-09-10,264,cool_stuff,47.86
2017-09-11,265,cool_stuff,47.39
2017-09-12,266,cool_stuff,47.16
2017-09-13,267,cool_stuff,45.32
2017-09-14,268,cool_stuff,46.66
2017-09-15,269,cool_stuff,46.3
2017-09-16,270,cool_stuff,45.45
2017-09-17,271,cool_stuff,44.06
2017-09-18,272,cool_stuff,43.58
2017-09-19,273,cool_stuff,43.56
2017-09-20,274,cool_stuff,42.12
2017-09-21,275,cool_stuff,42.95
2017-09-22,276,cool_stuff,42.67
2017-09-23,277,cool_stuff,43.57
2017-09-24,278,cool_stuff,41.42
2017-09-25,279,cool_stuff,41.12
2017-09-26,280,cool_stuff,41.33
2017-09-27,281,cool_stuff,40.75
2017-09-28,282,cool_stuff,20.32
2017-09-29,283,cool_stuff,20.56
2017-09-30,284,cool_stuff,21.03
2017-10-01,285,cool_stuff,21.95
2017-10-02,286,cool_stuff,23.85
2017-10-03,287,cool_stuff,23.86
2017-10-04,288,cool_stuff,25.42
2017-10-05,289,cool_stuff,26.7
2017-10-06,290,cool_stuff,26.28
2017-10-07,291,cool_stuff,26.58
2017-10-08,292,cool_stuff,27.45
2017-10-09,293,cool_stuff,27.38
2017-10-10,294,cool_stuff,27.47
2017-10-11,295,cool_stuff,26.6
2017-10-12,296,cool_stuff,25.14
2017-10-13,297,cool_stuff,25.0
2017-10-14,298,cool_stuff,24.77
2017-10-15,299,cool_stuff,24.59
2017-10-16,300,cool_stuff,24.28
2017-10-17,301,cool_stuff,25.7
2017-10-18,302,cool_stuff,24.72
2017-10-19,303,cool_stuff,24.51
2017-10-20,304,cool_stuff,24.64
2017-10-21,305,cool_stuff,24.04
2017-10-22,306,cool_stuff,24.18
2017-10-23,307,cool_stuff,25.94
2017-10-24,308,cool_stuff,25.42
2017-10-25,309,cool_stuff,26.63
2017-10-26,310,cool_stuff,27.58
2017-10-27,311,cool_stuff,27.13
2017-10-28,312,cool_stuff,28.45
2017-10-29,313,cool_stuff,16.21
2017-10-30,314,cool_stuff,15.81
2017-10-31,315,cool_stuff,15.56
2017-11-01,316,cool_stuff,15.48
2017-11-02,317,cool_stuff,14.44
2017-11-03,318,cool_stuff,13.97
2017-11-04,319,cool_stuff,12.6
2017-11-05,320,cool_stuff,13.35
2017-11-06,321,cool_stuff,13.41
2017-11-07,322,cool_stuff,12.99
2017-11-08,323,cool_stuff,11.21
2017-11-09,324,cool_stuff,12.32
2017-11-10,325,cool_stuff,12.52
2017-11-11,326,cool_stuff,14.04
2017-11-12,327,cool_stuff,15.16
2017-11-13,328,cool_stuff,16.33
2017-11-14,329,cool_stuff,16.34
2017-11-15,330,cool_stuff,15.98
2017-11-16,331,cool_stuff,16.55
2017-11-17,332,cool_stuff,16.28
2017-11-18,333,cool_stuff,16.36
2017-11-19,334,cool_stuff,15.11
2017-11-20,335,cool_stuff,15.85
2017-11-21,336,cool_stuff,15.2
2017-11-22,337,cool_stuff,13.33
2017-11-23,338,cool_stuff,12.95
2017-11-24,339,cool_stuff,12.2
2017-11-25,340,cool_stuff,11.12
2017-11-26,341,cool_stuff,10.83
2017-11-27,342,cool_stuff,10.9
2017-11-28,343,cool_stuff,5.91
2017-11-29,344,cool_stuff,5.76
2017-11-30,345,cool_stuff,5.66
2017-12-01,346,cool_stuff,5.28
2017-12-02,347,cool_stuff,5.66
2017-12-03,348,cool_stuff,5.84
2017-12-04,349,cool_stuff,6.75
2017-12-05,350,cool_stuff,6.82
2017-12-06,351,cool_stuff,5.68
2017-12-07,352,cool_stuff,7.17
2017-12-08,353,cool_stuff,7.01
2017-12-09,354,cool_stuff,7.91
2017-12-10,355,cool_stuff,8.41
2017-12-11,356,cool_stuff,10.5
2017-12-12,357,cool_stuff,10.23
2017-12-13,358,cool_stuff,10.62
2017-12-14,359,cool_stuff,10.14
2017-12-15,360,cool_stuff,10.32
2017-12-16,361,cool_stuff,10.78
2017-12-17,362,cool_stuff,9.12
2017-12-18,363,cool_stuff,9.49
2017-12-19,364,cool_stuff,8.72
2017-12-20,365,cool_stuff,8.71
2017-12-21,366,cool_stuff,6.74
2017-12-22,367,cool_stuff,7.72
2017-12-23,368,cool_stuff,7.22
2017-12-24,369,cool_stuff,7.45
2017-12-25,370,cool_stuff,7.95
2017-12-26,371,cool_stuff,7.72
2017-12-27,372,cool_stuff,8.19
2017-12-28,373,cool_stuff,7.74
2017-12-29,374,cool_stuff,13.25
2017-12-30,375,cool_stuff,11.51
2017-12-31,376,cool_stuff,12.28
2018-01-01,377,cool_stuff,11.67
2018-01-02,378,cool_stuff,12.63
2018-01-03,379,cool_stuff,13.49
2018-01-04,380,cool_stuff,12.61
2018-01-05,381,cool_stuff,12.68
2018-01-06,382,cool_stuff,14.38
2018-01-07,383,cool_stuff,15.91
2018-01-08,384,cool_stuff,16.43
2018-01-09,385,cool_stuff,17.82
2018-01-10,386,cool_stuff,16.72
2018-01-11,387,cool_stuff,17.39
2018-01-12,388,cool_stuff,16.33
2018-01-13,389,cool_stuff,14.57
2018-01-14,390,cool_stuff,14.58
2018-01-15,391,cool_stuff,15.24
2018-01-16,392,cool_stuff,13.14
2018-01-17,393,cool_stuff,12.12
2018-01-18,394,cool_stuff,11.55
2018-01-19,395,cool_stuff,10.97
2018-01-20,396,cool_stuff,11.86
2018-01-21,397,cool_stuff,11.77
2018-01-22,398,cool_stuff,12.21
2018-01-23,399,cool_stuff,13.91
2018-01-24,400,cool_stuff,14.98
2018-01-25,401,cool_stuff,15.82
2018-01-26,402,cool_stuff,16.24
2018-01-27,403,cool_stuff,16.05
2018-01-28,404,cool_stuff,15.95
2018-01-29,405,cool_stuff,30.23
2018-01-30,406,cool_stuff,30.32
2018-01-31,407,cool_stuff,30.96
2018-02-01,408,cool_stuff,31.54
2018-02-02,409,cool_stuff,30.03
2018-02-03,410,cool_stuff,30.4
2018-02-04,411,cool_stuff,28.54
2018-02-05,412,cool_stuff,29.34
2018-02-06,413,cool_stuff,29.41
2018-02-07,414,cool_stuff,30.59
2018-02-08,415,cool_stuff,30.09
2018-02-09,416,cool_stuff,30.24
2018-02-10,417,cool_stuff,28.67
2018-02-11,418,cool_stuff,27.76
2018-02-12,419,cool_stuff,28.25
2018-02-13,420,cool_stuff,26.64
2018-02-14,421,cool_stuff,27.78
2018-02-15,422,cool_stuff,28.33
2018-02-16,423,cool_stuff,30.1
2018-02-17,424,cool_stuff,29.78
2018-02-18,425,cool_stuff,31.22
2018-02-19,426,cool_stuff,30.7
2018-02-20,427,cool_stuff,31.86
2018-02-21,428,cool_stuff,32.07
2018-02-22,429,cool_stuff,32.79
2018-02-23,430,cool_stuff,34.13
2018-02-24,431,cool_stuff,33.77
2018-02-25,432,cool_stuff,32.71
2018-02-26,433,cool_stuff,50.37
2018-02-27,434,cool_stuff,50.81
2018-02-28,435,cool_stuff,49.58
2018-03-01,436,cool_stuff,49.45
2018-03-02,437,cool_stuff,50.29
2018-03-03,438,cool_stuff,51.18
2018-03-04,439,cool_stuff,51.87
2018-03-05,440,cool_stuff,51.6
2018-03-06,441,cool_stuff,52.15
2018-03-07,442,cool_stuff,52.79
2018-03-08,443,cool_stuff,53.75
2018-03-09,444,cool_stuff,52.18
2018-03-10,445,cool_stuff,52.06
2018-03-11,446,cool_stuff,52.87
2018-03-12,447,cool_stuff,51.64
2018-03-13,448,cool_stuff,50.61
2018-03-14,449,cool_stuff,49.13
2018-03-15,450,cool_stuff,48.83
2018-03-16,451,cool_stuff,47.86
2018-03-17,452,cool_stuff,48.51
2018-03-18,453,cool_stuff,47.63
2018-03-19,454,cool_stuff,48.75
2018-03-20,455,cool_stuff,49.87
2018-03-21,456,cool_stuff,49.69
2018-03-22,457,cool_stuff,50.42
2018-03-23,458,cool_stuff,51.46
2018-03-24,459,cool_stuff,51.84
2018-03-25,460,cool_stuff,52.02
2018-03-26,461,cool_stuff,53.29
2018-03-27,462,cool_stuff,51.81
2018-03-28,463,cool_stuff,51.85
2018-03-29,464,cool_stuff,71.34
2018-03-30,465,cool_stuff,71.47
2018-03-31,466,cool_stuff,69.92
2018-04-01,467,cool_stuff,69.82
2018-04-02,468,cool_stuff,69.09
2018-04-03,469,cool_stuff,69.89
2018-04-04,470,cool_stuff,70.53
2018-04-05,471,cool_stuff,71.04
2018-04-06,472,cool_stuff,72.15
2018-04-07,473,cool_stuff,72.96
2018-04-08,474,cool_stuff,73.58
2018-04-09,475,cool_stuff,73.33
2018-04-10,476,cool_stuff,74.39
2018-04-11,477,cool_stuff,74.51
2018-04-12,478,cool_stuff,75.09
2018-04-13,479,cool_stuff,74.54
2018-04-14,480,cool_stuff,74.35
2018-04-15,481,cool_stuff,73.43
2018-04-16,482,cool_stuff,72.18
2018-04-17,483,cool_stuff,72.18
2018-04-18,484,cool_stuff,71.4
2018-04-19,485,cool_stuff,72.44
2018-04-20,486,cool_stuff,71.51
2018-04-21,487,cool_stuff,70.72
2018-04-22,488,cool_stuff,70.34
2018-04-23,489,cool_stuff,71.2
2018-04-24,490,cool_stuff,71.22
2018-04-25,491,cool_stuff,71.45
2018-04-26,492,cool_stuff,71.32
2018-04-27,493,cool_stuff,69.93
2018-04-28,494,cool_stuff,84.17
2018-04-29,495,cool_stuff,82.23
2018-04-30,496,cool_stuff,82.89
2018-05-01,497,cool_stuff,83.52
2018-05-02,498,cool_stuff,82.96
2018-05-03,499,cool_stuff,83.26
2018-05-04,500,cool_stuff,83.76
2018-05-05,501,cool_stuff,82.7
2018-05-06,502,cool_stuff,82.84
2018-05-07,503,cool_stuff,82.22
2018-05-08,504,cool_stuff,81.61
2018-05-09,505,cool_stuff,82.86
2018-05-10,506,cool_stuff,82.95
2018-05-11,507,cool_stuff,82.96
2018-05-12,508,cool_stuff,82.67
2018-05-13,509,cool_stuff,82.23
2018-05-14,510,cool_stuff,81.24
2018-05-15,511,cool_stuff,82.17
2018-05-16,512,cool_stuff,82.68
2018-05-17,513,cool_stuff,83.29
2018-05-18,514,cool_stuff,83.11
2018-05-19,515,cool_stuff,83.25
2018-05-20,516,cool_stuff,83.74
2018-05-21,517,cool_stuff,84.11
2018-05-22,518,cool_stuff,85.2
2018-05-23,519,cool_stuff,84.85
2018-05-24,520,cool_stuff,84.2
2018-05-26,522,cool_stuff,84.06
2018-05-27,523,cool_stuff,84.13
2018-05-28,524,cool_stuff,91.16
2018-05-29,525,cool_stuff,92.24
2018-05-30,526,cool_stuff,92.6
2018-06-01,528,cool_stuff,92.74
2018-06-02,529,cool_stuff,91.75
2018-06-03,530,cool_stuff,91.66
2018-06-04,531,cool_stuff,91.74
2018-06-05,532,cool_stuff,92.22
2018-06-06,533,cool_stuff,92.18
2018-06-07,534,cool_stuff,92.1
2018-06-08,535,cool_stuff,91.93
2018-06-09,536,cool_stuff,90.36
2018-06-10,537,cool_stuff,90.19
2018-06-11,538,cool_stuff,89.34
2018-06-12,539,cool_stuff,88.98
2018-06-13,540,cool_stuff,89.62
2018-06-14,541,cool_stuff,89.93
2018-06-15,542,cool_stuff,91.22
2018-06-16,543,cool_stuff,91.93
2018-06-17,544,cool_stuff,93.26
2018-06-18,545,cool_stuff,92.69
2018-06-19,546,cool_stuff,93.82
2018-06-20,547,cool_stuff,93.35
2018-06-21,548,cool_stuff,94.63
2018-06-23,550,cool_stuff,95.0
2018-06-24,551,cool_stuff,93.97
2018-06-25,552,cool_stuff,93.4
2018-06-26,553,cool_stuff,91.49
2018-06-27,554,cool_stuff,91.13
2018-06-28,555,cool_stuff,83.74
2018-06-29,556,cool_stuff,83.48
2018-06-30,557,cool_stuff,84.09
2018-07-01,558,cool_stuff,83.65
2018-07-02,559,cool_stuff,83.92
2018-07-03,560,cool_stuff,83.56
2018-07-04,561,cool_stuff,84.65
2018-07-05,562,cool_stuff,85.24
2018-07-06,563,cool_stuff,85.49
2018-07-07,564,cool_stuff,87.0
2018-07-08,565,cool_stuff,88.07
2018-07-09,566,cool_stuff,87.56
2018-07-10,567,cool_stuff,86.28
2018-07-11,568,cool_stuff,86.46
2018-07-12,569,cool_stuff,85.44
2018-07-13,570,cool_stuff,86.37
2018-07-14,571,cool_stuff,85.54
2018-07-15,572,cool_stuff,85.54
2018-07-16,573,cool_stuff,86.33
2018-07-17,574,cool_stuff,83.68
2018-07-18,575,cool_stuff,83.66
2018-07-19,576,cool_stuff,82.83
2018-07-20,577,cool_stuff,83.87
2018-07-21,578,cool_stuff,83.46
2018-07-22,579,cool_stuff,83.65
2018-07-23,580,cool_stuff,84.38
2018-07-24,581,cool_stuff,84.03
2018-07-25,582,cool_stuff,84.3
2018-07-26,583,cool_stuff,84.3
2018-07-27,584,cool_stuff,86.45
2018-07-28,585,cool_stuff,86.35
2018-07-29,586,cool_stuff,73.2
2018-07-30,587,cool_stuff,73.42
2018-07-31,588,cool_stuff,73.76
2018-08-01,589,cool_stuff,73.21
2018-08-02,590,cool_stuff,72.2
2018-08-03,591,cool_stuff,72.75
2018-08-04,592,cool_stuff,72.94
2018-08-05,593,cool_stuff,72.1
2018-08-06,594,cool_stuff,71.13
2018-08-07,595,cool_stuff,71.73
2018-08-08,596,cool_stuff,72.35
2018-08-09,597,cool_stuff,72.73
2018-08-10,598,cool_stuff,72.97
2018-08-11,599,cool_stuff,73.37
2018-08-12,600,cool_stuff,74.02
2018-08-13,601,cool_stuff,74.13
2018-08-14,602,cool_stuff,73.15
2018-08-15,603,cool_stuff,74.59
2018-08-16,604,cool_stuff,74.23
2018-08-17,605,cool_stuff,73.54
2018-08-18,606,cool_stuff,73.15
2018-08-19,607,cool_stuff,73.21
2018-08-20,608,cool_stuff,71.42
2018-08-21,609,cool_stuff,71.78
2018-08-22,610,cool_stuff,71.48
2018-08-23,611,cool_stuff,70.49
2018-08-25,613,cool_stuff,70.92
2018-08-26,614,cool_stuff,70.92
2018-08-27,615,cool_stuff,71.66
2018-08-28,616,cool_stuff,70.51
2017-01-31,42,dvds_blu_ray,41.73
2017-02-06,48,dvds_blu_ray,56.99
2017-03-06,76,dvds_blu_ray,62.26
2017-03-12,82,dvds_blu_ray,61.82
2017-03-26,96,dvds_blu_ray,64.58
2017-03-27,97,dvds_blu_ray,62.41
2017-04-05,106,dvds_blu_ray,57.46
2017-04-21,122,dvds_blu_ray,60.99
2017-05-08,139,dvds_blu_ray,48.68
2017-05-15,146,dvds_blu_ray,50.35
2017-05-19,150,dvds_blu_ray,53.86
2017-05-28,159,dvds_blu_ray,55.21
2017-06-04,166,dvds_blu_ray,35.61
2017-06-05,167,dvds_blu_ray,36.04
2017-06-18,180,dvds_blu_ray,35.72
2017-06-28,190,dvds_blu_ray,39.24
2017-07-07,199,dvds_blu_ray,23.78
2017-07-13,205,dvds_blu_ray,25.18
2017-07-16,208,dvds_blu_ray,24.86
2017-07-30,222,dvds_blu_ray,24.35
2017-08-06,229,dvds_blu_ray,8.83
2017-08-07,230,dvds_blu_ray,8.44
2017-08-11,234,dvds_blu_ray,10.3
2017-08-17,240,dvds_blu_ray,10.85
2017-08-26,249,dvds_blu_ray,12.86
2017-09-01,255,dvds_blu_ray,6.21
2017-09-24,278,dvds_blu_ray,5.0
2017-10-02,286,dvds_blu_ray,11.33
2017-10-12,296,dvds_blu_ray,7.36
2017-10-26,310,dvds_blu_ray,12.52
2017-10-29,313,dvds_blu_ray,13.42
2017-11-03,318,dvds_blu_ray,26.33
2017-11-27,342,dvds_blu_ray,26.81
2017-12-12,357,dvds_blu_ray,47.31
2018-01-01,377,dvds_blu_ray,66.08
2018-01-30,406,dvds_blu_ray,69.56
2018-02-08,415,dvds_blu_ray,85.36
2018-03-14,449,dvds_blu_ray,90.66
2018-03-19,454,dvds_blu_ray,95.0
2018-04-01,467,dvds_blu_ray,87.35
2018-04-08,474,dvds_blu_ray,91.03
2018-04-26,492,dvds_blu_ray,92.53
2018-04-29,495,dvds_blu_ray,93.22
2018-05-05,501,dvds_blu_ray,79.9
2018-05-09,505,dvds_blu_ray,81.9
2018-05-13,509,dvds_blu_ray,79.97
2018-05-15,511,dvds_blu_ray,77.09
2018-05-16,512,dvds_blu_ray,77.6
2018-05-23,519,dvds_blu_ray,78.07
2018-06-08,535,dvds_blu_ray,61.86
2018-06-13,540,dvds_blu_ray,58.18
2018-06-16,543,dvds_blu_ray,62.69
2018-06-25,552,dvds_blu_ray,66.61
2018-07-15,572,dvds_blu_ray,47.46
2018-08-23,611,dvds_blu_ray,31.07
2017-02-12,54,eletrodomesticos,63.38
2017-02-13,55,eletrodomesticos,63.45
2017-02-14,56,eletrodomesticos,61.42
2017-02-15,57,eletrodomesticos,62.2
2017-02-17,59,eletrodomesticos,60.26
2017-02-18,60,eletrodomesticos,61.98
2017-03-04,74,eletrodomesticos,69.67
2017-03-07,77,eletrodomesticos,67.04
2017-03-13,83,eletrodomesticos,72.17
2017-03-14,84,eletrodomesticos,72.85
2017-03-16,86,eletrodomesticos,69.91
2017-03-19,89,eletrodomesticos,69.23
2017-03-21,91,eletrodomesticos,72.39
2017-03-23,93,eletrodomesticos,72.24
2017-04-04,105,eletrodomesticos,68.22
2017-04-05,106,eletrodomesticos,66.93
2017-04-11,112,eletrodomesticos,64.93
2017-04-14,115,eletrodomesticos,67.22
2017-04-18,119,eletrodomesticos,64.62
2017-04-27,128,eletrodomesticos,63.33
2017-04-29,130,eletrodomesticos,61.69
2017-04-30,131,eletrodomesticos,63.48
2017-05-01,132,eletrodomesticos,48.75
2017-05-02,133,eletrodomesticos,49.03
2017-05-03,134,eletrodomesticos,48.8
2017-05-04,135,eletrodomesticos,47.65
2017-05-05,136,eletrodomesticos,47.15
2017-05-06,137,eletrodomesticos,46.81
2017-05-08,139,eletrodomesticos,46.54
2017-05-10,141,eletrodomesticos,49.06
2017-05-11,142,eletrodomesticos,51.21
2017-05-13,144,eletrodomesticos,51.34
2017-05-14,145,eletrodomesticos,54.55
2017-05-15,146,eletrodomesticos,54.69
2017-05-16,147,eletrodomesticos,55.6
2017-05-17,148,eletrodomesticos,57.39
2017-05-18,149,eletrodomesticos,62.48
2017-05-23,154,eletrodomesticos,64.67
2017-05-27,158,eletrodomesticos,65.72
2017-05-29,160,eletrodomesticos,64.97
2017-05-30,161,eletrodomesticos,65.57
2017-06-01,163,eletrodomesticos,47.65
2017-06-02,164,eletrodomesticos,44.61
2017-06-05,167,eletrodomesticos,45.92
2017-06-06,168,eletrodomesticos,45.3
2017-06-07,169,eletrodomesticos,46.38
2017-06-08,170,eletrodomesticos,42.3
2017-06-11,173,eletrodomesticos,37.71
2017-06-12,174,eletrodomesticos,38.09
2017-06-13,175,eletrodomesticos,38.85
2017-06-14,176,eletrodomesticos,36.94
2017-06-15,177,eletrodomesticos,39.05
2017-06-18,180,eletrodomesticos,39.1
2017-06-19,181,eletrodomesticos,36.75
2017-06-20,182,eletrodomesticos,36.67
2017-06-22,184,eletrodomesticos,36.43
2017-06-24,186,eletrodomesticos,38.57
2017-06-25,187,eletrodomesticos,39.87
2017-06-27,189,eletrodomesticos,41.41
2017-06-28,190,eletrodomesticos,42.86
2017-06-29,191,eletrodomesticos,43.19
2017-06-30,192,eletrodomesticos,43.06
2017-07-01,193,eletrodomesticos,25.79
2017-07-02,194,eletrodomesticos,28.59
2017-07-03,195,eletrodomesticos,30.11
2017-07-04,196,eletrodomesticos,31.41
2017-07-06,198,eletrodomesticos,30.52
2017-07-11,203,eletrodomesticos,27.85
2017-07-14,206,eletrodomesticos,25.4
2017-07-15,207,eletrodomesticos,22.21
2017-07-17,209,eletrodomesticos,21.12
2017-07-18,210,eletrodomesticos,19.79
2017-07-19,211,eletrodomesticos,20.7
2017-07-20,212,eletrodomesticos,18.39
2017-07-22,214,eletrodomesticos,15.82
2017-07-23,215,eletrodomesticos,13.92
2017-07-24,216,eletrodomesticos,15.46
2017-07-25,217,eletrodomesticos,18.48
2017-07-26,218,eletrodomesticos,18.74
2017-07-27,219,eletrodomesticos,19.05
2017-07-28,220,eletrodomesticos,20.83
2017-07-29,221,eletrodomesticos,21.35
2017-07-31,223,eletrodomesticos,18.12
2017-08-01,224,eletrodomesticos,8.18
2017-08-02,225,eletrodomesticos,11.45
2017-08-07,230,eletrodomesticos,11.12
2017-08-08,231,eletrodomesticos,8.57
2017-08-09,232,eletrodomesticos,8.94
2017-08-10,233,eletrodomesticos,8.73
2017-08-12,235,eletrodomesticos,9.7
2017-08-13,236,eletrodomesticos,6.9
2017-08-14,237,eletrodomesticos,5.0
2017-08-15,238,eletrodomesticos,10.92
2017-08-16,239,eletrodomesticos,8.55
2017-08-17,240,eletrodomesticos,8.4
2017-08-18,241,eletrodomesticos,10.29
2017-08-23,246,eletrodomesticos,9.33
2017-08-24,247,eletrodomesticos,10.81
2017-08-25,248,eletrodomesticos,11.72
2017-08-26,249,eletrodomesticos,10.96
2017-08-27,250,eletrodomesticos,13.84
2017-08-28,251,eletrodomesticos,15.97
2017-08-29,252,eletrodomesticos,15.01
2017-08-30,253,eletrodomesticos,17.79
2017-08-31,254,eletrodomesticos,16.83
2017-09-02,256,eletrodomesticos,10.2
2017-09-03,257,eletrodomesticos,12.0
2017-09-09,263,eletrodomesticos,15.03
2017-09-21,275,eletrodomesticos,16.2
2017-09-24,278,eletrodomesticos,19.89
2017-09-29,283,eletrodomesticos,21.45
2017-09-30,284,eletrodomesticos,21.25
2017-10-02,286,eletrodomesticos,25.38
2017-10-09,293,eletrodomesticos,23.94
2017-10-10,294,eletrodomesticos,21.31
2017-10-18,302,eletrodomesticos,23.18
2017-10-19,303,eletrodomesticos,25.42
2017-10-20,304,eletrodomesticos,21.03
2017-10-25,309,eletrodomesticos,20.73
2017-11-08,323,eletrodomesticos,31.3
2017-11-16,331,eletrodomesticos,28.47
2017-11-22,337,eletrodomesticos,27.7
2017-11-23,338,eletrodomesticos,26.12
2017-11-24,339,eletrodomesticos,25.23
2017-11-25,340,eletrodomesticos,25.9
2017-11-26,341,eletrodomesticos,24.84
2017-11-27,342,eletrodomesticos,25.2
2017-11-28,343,eletrodomesticos,24.9
2017-11-30,345,eletrodomesticos,24.64
2017-12-01,346,eletrodomesticos,39.95
2017-12-02,347,eletrodomesticos,42.7
2017-12-03,348,eletrodomesticos,45.04
2017-12-04,349,eletrodomesticos,47.53
2017-12-06,351,eletrodomesticos,49.07
2017-12-07,352,eletrodomesticos,50.51
2017-12-23,368,eletrodomesticos,50.24
2017-12-26,371,eletrodomesticos,51.01
2017-12-27,372,eletrodomesticos,51.31
2017-12-30,375,eletrodomesticos,52.09
2018-01-04,380,eletrodomesticos,71.11
2018-01-05,381,eletrodomesticos,69.01
2018-01-07,383,eletrodomesticos,68.76
2018-01-08,384,eletrodomesticos,68.74
2018-01-09,385,eletrodomesticos,70.64
2018-01-11,387,eletrodomesticos,70.44
2018-01-12,388,eletrodomesticos,70.42
2018-01-13,389,eletrodomesticos,67.42
2018-01-14,390,eletrodomesticos,68.75
2018-01-15,391,eletrodomesticos,68.08
2018-01-16,392,eletrodomesticos,66.34
2018-01-17,393,eletrodomesticos,64.72
2018-01-18,394,eletrodomesticos,64.1
2018-01-24,400,eletrodomesticos,65.74
2018-01-25,401,eletrodomesticos,64.23
2018-01-29,405,eletrodomesticos,65.7
2018-01-31,407,eletrodomesticos,68.17
2018-02-03,410,eletrodomesticos,81.8
2018-02-04,411,eletrodomesticos,82.82
2018-02-05,412,eletrodomesticos,83.35
2018-02-06,413,eletrodomesticos,83.56
2018-02-07,414,eletrodomesticos,85.07
2018-02-08,415,eletrodomesticos,84.26
2018-02-09,416,eletrodomesticos,82.26
2018-02-10,417,eletrodomesticos,81.37
2018-02-12,419,eletrodomesticos,81.1
2018-02-13,420,eletrodomesticos,81.03
2018-02-14,421,eletrodomesticos,81.68
2018-02-17,424,eletrodomesticos,82.23
2018-02-21,428,eletrodomesticos,81.93
2018-02-22,429,eletrodomesticos,80.77
2018-02-23,430,eletrodomesticos,81.44
2018-02-25,432,eletrodomesticos,81.92
2018-02-26,433,eletrodomesticos,79.29
2018-02-27,434,eletrodomesticos,81.55
2018-02-28,435,eletrodomesticos,81.44
2018-03-01,436,eletrodomesticos,86.0
2018-03-02,437,eletrodomesticos,86.78
2018-03-03,438,eletrodomesticos,84.45
2018-03-05,440,eletrodomesticos,85.18
2018-03-06,441,eletrodomesticos,86.81
2018-03-07,442,eletrodomesticos,87.11
2018-03-08,443,eletrodomesticos,86.18
2018-03-09,444,eletrodomesticos,90.72
2018-03-10,445,eletrodomesticos,88.59
2018-03-11,446,eletrodomesticos,89.39
2018-03-12,447,eletrodomesticos,86.63
2018-03-13,448,eletrodomesticos,86.5
2018-03-14,449,eletrodomesticos,88.74
2018-03-15,450,eletrodomesticos,88.23
2018-03-18,453,eletrodomesticos,88.19
2018-03-19,454,eletrodomesticos,89.03
2018-03-20,455,eletrodomesticos,93.02
2018-03-21,456,eletrodomesticos,88.76
2018-03-22,457,eletrodomesticos,90.34
2018-03-23,458,eletrodomesticos,88.39
2018-03-24,459,eletrodomesticos,90.85
2018-03-25,460,eletrodomesticos,89.14
2018-03-26,461,eletrodomesticos,87.36
2018-03-27,462,eletrodomesticos,87.32
2018-03-28,463,eletrodomesticos,86.27
2018-03-29,464,eletrodomesticos,87.17
2018-03-30,465,eletrodomesticos,82.09
2018-03-31,466,eletrodomesticos,85.12
2018-04-01,467,eletrodomesticos,79.28
2018-04-02,468,eletrodomesticos,79.05
2018-04-04,470,eletrodomesticos,79.43
2018-04-05,471,eletrodomesticos,77.87
2018-04-06,472,eletrodomesticos,78.57
2018-04-07,473,eletrodomesticos,76.88
2018-04-09,475,eletrodomesticos,79.01
2018-04-10,476,eletrodomesticos,76.63
2018-04-11,477,eletrodomesticos,78.43
2018-04-12,478,eletrodomesticos,78.22
2018-04-13,479,eletrodomesticos,77.76
2018-04-14,480,eletrodomesticos,79.27
2018-04-15,481,eletrodomesticos,77.2
2018-04-16,482,eletrodomesticos,80.08
2018-04-17,483,eletrodomesticos,82.37
2018-04-18,484,eletrodomesticos,87.82
2018-04-19,485,eletrodomesticos,87.45
2018-04-20,486,eletrodomesticos,89.73
2018-04-21,487,eletrodomesticos,88.14
2018-04-22,488,eletrodomesticos,89.78
2018-04-23,489,eletrodomesticos,91.85
2018-04-24,490,eletrodomesticos,91.41
2018-04-25,491,eletrodomesticos,95.0
2018-04-26,492,eletrodomesticos,93.98
2018-04-27,493,eletrodomesticos,91.26
2018-04-28,494,eletrodomesticos,88.42
2018-04-29,495,eletrodomesticos,87.05
2018-05-02,498,eletrodomesticos,75.06
2018-05-03,499,eletrodomesticos,76.08
2018-05-04,500,eletrodomesticos,72.94
2018-05-05,501,eletrodomesticos,70.9
2018-05-06,502,eletrodomesticos,72.58
2018-05-07,503,eletrodomesticos,70.33
2018-05-08,504,eletrodomesticos,69.05
2018-05-09,505,eletrodomesticos,68.96
2018-05-10,506,eletrodomesticos,68.42
2018-05-11,507,eletrodomesticos,68.37
2018-05-12,508,eletrodomesticos,65.71
2018-05-14,510,eletrodomesticos,69.84
2018-05-15,511,eletrodomesticos,70.18
2018-05-16,512,eletrodomesticos,71.02
2018-05-17,513,eletrodomesticos,69.7
2018-05-18,514,eletrodomesticos,70.04
2018-05-19,515,eletrodomesticos,72.65
2018-05-20,516,eletrodomesticos,74.72
2018-05-21,517,eletrodomesticos,74.47
2018-05-22,518,eletrodomesticos,74.51
2018-05-23,519,eletrodomesticos,77.69
2018-05-25,521,eletrodomesticos,74.99
2018-05-26,522,eletrodomesticos,78.38
2018-05-27,523,eletrodomesticos,76.04
2018-05-28,524,eletrodomesticos,76.86
2018-05-30,526,eletrodomesticos,79.93
2018-05-31,527,eletrodomesticos,78.79
2018-06-01,528,eletrodomesticos,60.48
2018-06-02,529,eletrodomesticos,61.34
2018-06-03,530,eletrodomesticos,62.3
2018-06-04,531,eletrodomesticos,60.39
2018-06-06,533,eletrodomesticos,60.19
2018-06-07,534,eletrodomesticos,57.29
2018-06-09,536,eletrodomesticos,61.81
2018-06-10,537,eletrodomesticos,62.25
2018-06-11,538,eletrodomesticos,60.23
2018-06-12,539,eletrodomesticos,61.81
2018-06-13,540,eletrodomesticos,61.86
2018-06-14,541,eletrodomesticos,60.6
2018-06-15,542,eletrodomesticos,60.65
2018-06-16,543,eletrodomesticos,61.15
2018-06-17,544,eletrodomesticos,60.33
2018-06-18,545,eletrodomesticos,60.6
2018-06-19,546,eletrodomesticos,58.48
2018-06-21,548,eletrodomesticos,60.7
2018-06-22,549,eletrodomesticos,56.96
2018-06-23,550,eletrodomesticos,55.81
2018-06-24,551,eletrodomesticos,58.43
2018-06-25,552,eletrodomesticos,59.67
2018-06-26,553,eletrodomesticos,61.5
2018-06-27,554,eletrodomesticos,61.72
2018-06-28,555,eletrodomesticos,62.32
2018-06-29,556,eletrodomesticos,60.21
2018-06-30,557,eletrodomesticos,61.23
2018-07-01,558,eletrodomesticos,40.72
2018-07-02,559,eletrodomesticos,43.33
2018-07-03,560,eletrodomesticos,43.03
2018-07-04,561,eletrodomesticos,43.15
2018-07-05,562,eletrodomesticos,46.15
2018-07-06,563,eletrodomesticos,45.57
2018-07-08,565,eletrodomesticos,44.96
2018-07-10,567,eletrodomesticos,44.41
2018-07-11,568,eletrodomesticos,47.96
2018-07-13,570,eletrodomesticos,50.06
2018-07-14,571,eletrodomesticos,50.83
2018-07-15,572,eletrodomesticos,48.93
2018-07-16,573,eletrodomesticos,50.52
2018-07-17,574,eletrodomesticos,49.65
2018-07-18,575,eletrodomesticos,44.69
2018-07-19,576,eletrodomesticos,44.74
2018-07-20,577,eletrodomesticos,46.0
2018-07-21,578,eletrodomesticos,47.51
2018-07-22,579,eletrodomesticos,46.01
2018-07-23,580,eletrodomesticos,45.14
2018-07-24,581,eletrodomesticos,45.04
2018-07-25,582,eletrodomesticos,46.28
2018-07-26,583,eletrodomesticos,42.93
2018-07-27,584,eletrodomesticos,43.38
2018-07-28,585,eletrodomesticos,46.28
2018-07-29,586,eletrodomesticos,46.27
2018-07-30,587,eletrodomesticos,45.23
2018-07-31,588,eletrodomesticos,44.76
2018-08-01,589,eletrodomesticos,32.11
2018-08-02,590,eletrodomesticos,30.37
2018-08-03,591,eletrodomesticos,28.29
2018-08-04,592,eletrodomesticos,29.35
2018-08-05,593,eletrodomesticos,31.65
2018-08-07,595,eletrodomesticos,30.93
2018-08-08,596,eletrodomesticos,30.2
2018-08-09,597,eletrodomesticos,31.2
2018-08-10,598,eletrodomesticos,33.57
2018-08-11,599,eletrodomesticos,35.69
2018-08-13,601,eletrodomesticos,37.75
2018-08-14,602,eletrodomesticos,38.42
2018-08-15,603,eletrodomesticos,39.96
2018-08-16,604,eletrodomesticos,41.94
2018-08-17,605,eletrodomesticos,44.57
2018-08-18,606,eletrodomesticos,44.33
2018-08-19,607,eletrodomesticos,46.92
2018-08-21,609,eletrodomesticos,44.07
2018-08-22,610,eletrodomesticos,41.0
2018-08-23,611,eletrodomesticos,40.84
2018-08-24,612,eletrodomesticos,40.68
2018-08-25,613,eletrodomesticos,42.43
2017-01-18,29,eletrodomesticos_2,50.32
2017-01-26,37,eletrodomesticos_2,53.08
2017-01-28,39,eletrodomesticos_2,52.8
2017-01-29,40,eletrodomesticos_2,53.54
2017-01-30,41,eletrodomesticos_2,55.19
2017-01-31,42,eletrodomesticos_2,53.34
2017-02-03,45,eletrodomesticos_2,66.58
2017-03-01,71,eletrodomesticos_2,69.87
2017-03-15,85,eletrodomesticos_2,70.46
2017-04-14,115,eletrodomesticos_2,63.9
2017-04-18,119,eletrodomesticos_2,65.59
2017-05-03,134,eletrodomesticos_2,51.31
2017-05-04,135,eletrodomesticos_2,50.43
2017-05-06,137,eletrodomesticos_2,53.47
2017-05-11,142,eletrodomesticos_2,54.46
2017-05-13,144,eletrodomesticos_2,55.42
2017-05-15,146,eletrodomesticos_2,55.45
2017-05-19,150,eletrodomesticos_2,57.4
2017-05-21,152,eletrodomesticos_2,58.31
2017-05-25,156,eletrodomesticos_2,59.89
2017-06-04,166,eletrodomesticos_2,44.37
2017-06-05,167,eletrodomesticos_2,45.76
2017-06-16,178,eletrodomesticos_2,47.96
2017-06-24,186,eletrodomesticos_2,45.58
2017-06-25,187,eletrodomesticos_2,45.69
2017-06-30,192,eletrodomesticos_2,44.97
2017-07-01,193,eletrodomesticos_2,26.53
2017-07-02,194,eletrodomesticos_2,27.71
2017-07-08,200,eletrodomesticos_2,28.09
2017-07-11,203,eletrodomesticos_2,27.61
2017-07-24,216,eletrodomesticos_2,25.44
2017-07-27,219,eletrodomesticos_2,26.38
2017-08-03,226,eletrodomesticos_2,14.39
2017-08-11,234,eletrodomesticos_2,15.48
2017-08-12,235,eletrodomesticos_2,14.26
2017-08-13,236,eletrodomesticos_2,16.01
2017-08-14,237,eletrodomesticos_2,15.25
2017-08-15,238,eletrodomesticos_2,14.0
2017-08-16,239,eletrodomesticos_2,14.1
2017-08-22,245,eletrodomesticos_2,15.13
2017-08-27,250,eletrodomesticos_2,15.84
2017-08-28,251,eletrodomesticos_2,14.3
2017-08-31,254,eletrodomesticos_2,14.11
2017-09-07,261,eletrodomesticos_2,10.26
2017-09-09,263,eletrodomesticos_2,6.44
2017-09-10,264,eletrodomesticos_2,5.0
2017-09-21,275,eletrodomesticos_2,5.76
2017-09-23,277,eletrodomesticos_2,7.46
2017-10-04,288,eletrodomesticos_2,11.7
2017-10-10,294,eletrodomesticos_2,13.22
2017-10-11,295,eletrodomesticos_2,16.08
2017-10-17,301,eletrodomesticos_2,15.09
2017-10-20,304,eletrodomesticos_2,15.83
2017-10-22,306,eletrodomesticos_2,14.71
2017-10-24,308,eletrodomesticos_2,18.9
2017-10-25,309,eletrodomesticos_2,19.09
2017-10-27,311,eletrodomesticos_2,18.85
2017-10-31,315,eletrodomesticos_2,20.57
2017-11-04,319,eletrodomesticos_2,35.45
2017-11-06,321,eletrodomesticos_2,36.82
2017-11-14,329,eletrodomesticos_2,35.74
2017-11-17,332,eletrodomesticos_2,35.56
2017-11-19,334,eletrodomesticos_2,35.74
2017-11-21,336,eletrodomesticos_2,38.29
2017-11-24,339,eletrodomesticos_2,38.03
2017-11-26,341,eletrodomesticos_2,40.44
2017-11-27,342,eletrodomesticos_2,42.44
2017-11-28,343,eletrodomesticos_2,41.53
2017-11-29,344,eletrodomesticos_2,40.13
2017-12-01,346,eletrodomesticos_2,54.32
2017-12-04,349,eletrodomesticos_2,53.43
2017-12-09,354,eletrodomesticos_2,57.44
2017-12-12,357,eletrodomesticos_2,54.83
2017-12-13,358,eletrodomesticos_2,51.06
2017-12-20,365,eletrodomesticos_2,52.43
2017-12-22,367,eletrodomesticos_2,50.85
2018-01-04,380,eletrodomesticos_2,66.93
2018-01-07,383,eletrodomesticos_2,65.97
2018-01-10,386,eletrodomesticos_2,65.99
2018-01-11,387,eletrodomesticos_2,65.2
2018-01-18,394,eletrodomesticos_2,68.41
2018-01-24,400,eletrodomesticos_2,65.54
2018-01-28,404,eletrodomesticos_2,66.69
2018-01-30,406,eletrodomesticos_2,70.87
2018-01-31,407,eletrodomesticos_2,70.46
2018-02-02,409,eletrodomesticos_2,83.4
2018-02-04,411,eletrodomesticos_2,84.18
2018-02-05,412,eletrodomesticos_2,84.54
2018-02-09,416,eletrodomesticos_2,85.0
2018-02-11,418,eletrodomesticos_2,89.45
2018-02-12,419,eletrodomesticos_2,84.38
2018-02-13,420,eletrodomesticos_2,86.78
2018-02-14,421,eletrodomesticos_2,87.24
2018-02-15,422,eletrodomesticos_2,87.76
2018-02-16,423,eletrodomesticos_2,88.61
2018-02-20,427,eletrodomesticos_2,88.03
2018-02-23,430,eletrodomesticos_2,88.44
2018-02-26,433,eletrodomesticos_2,88.38
2018-02-27,434,eletrodomesticos_2,89.8
2018-02-28,435,eletrodomesticos_2,86.77
2018-03-06,441,eletrodomesticos_2,93.53
2018-03-15,450,eletrodomesticos_2,92.76
2018-03-18,453,eletrodomesticos_2,93.95
2018-03-22,457,eletrodomesticos_2,93.35
2018-03-23,458,eletrodomesticos_2,90.82
2018-03-25,460,eletrodomesticos_2,92.27
2018-03-26,461,eletrodomesticos_2,91.26
2018-03-29,464,eletrodomesticos_2,89.27
2018-03-30,465,eletrodomesticos_2,87.71
2018-04-01,467,eletrodomesticos_2,84.43
2018-04-02,468,eletrodomesticos_2,80.69
2018-04-04,470,eletrodomesticos_2,80.0
2018-04-09,475,eletrodomesticos_2,79.13
2018-04-11,477,eletrodomesticos_2,79.05
2018-04-13,479,eletrodomesticos_2,80.75
2018-04-15,481,eletrodomesticos_2,80.25
2018-04-16,482,eletrodomesticos_2,82.74
2018-04-18,484,eletrodomesticos_2,85.23
2018-04-20,486,eletrodomesticos_2,87.48
2018-04-21,487,eletrodomesticos_2,87.31
2018-04-24,490,eletrodomesticos_2,92.71
2018-04-25,491,eletrodomesticos_2,93.48
2018-04-27,493,eletrodomesticos_2,94.52
2018-04-28,494,eletrodomesticos_2,94.55
2018-04-30,496,eletrodomesticos_2,95.0
2018-05-03,499,eletrodomesticos_2,85.06
2018-05-04,500,eletrodomesticos_2,83.1
2018-05-05,501,eletrodomesticos_2,82.81
2018-05-06,502,eletrodomesticos_2,83.69
2018-05-07,503,eletrodomesticos_2,85.8
2018-05-08,504,eletrodomesticos_2,83.53
2018-05-09,505,eletrodomesticos_2,84.57
2018-05-10,506,eletrodomesticos_2,86.08
2018-05-13,509,eletrodomesticos_2,86.87
2018-05-14,510,eletrodomesticos_2,86.4
2018-05-15,511,eletrodomesticos_2,83.88
2018-05-17,513,eletrodomesticos_2,85.52
2018-05-18,514,eletrodomesticos_2,83.97
2018-05-19,515,eletrodomesticos_2,81.95
2018-05-21,517,eletrodomesticos_2,82.82
2018-05-23,519,eletrodomesticos_2,84.72
2018-05-26,522,eletrodomesticos_2,83.43
2018-05-28,524,eletrodomesticos_2,81.44
2018-06-01,528,eletrodomesticos_2,64.15
2018-06-04,531,eletrodomesticos_2,64.06
2018-06-05,532,eletrodomesticos_2,64.76
2018-06-08,535,eletrodomesticos_2,64.11
2018-06-09,536,eletrodomesticos_2,66.89
2018-06-12,539,eletrodomesticos_2,68.29
2018-06-19,546,eletrodomesticos_2,65.6
2018-06-21,548,eletrodomesticos_2,67.32
2018-06-24,551,eletrodomesticos_2,68.05
2018-06-26,553,eletrodomesticos_2,67.78
2018-06-27,554,eletrodomesticos_2,67.33
2018-06-28,555,eletrodomesticos_2,71.0
2018-07-03,560,eletrodomesticos_2,54.93
2018-07-04,561,eletrodomesticos_2,54.72
2018-07-05,562,eletrodomesticos_2,55.33
2018-07-09,566,eletrodomesticos_2,52.87
2018-07-11,568,eletrodomesticos_2,52.34
2018-07-12,569,eletrodomesticos_2,49.01
2018-07-13,570,eletrodomesticos_2,50.04
2018-07-18,575,eletrodomesticos_2,51.99
2018-07-19,576,eletrodomesticos_2,54.33
2018-07-20,577,eletrodomesticos_2,53.01
2018-07-22,579,eletrodomesticos_2,52.48
2018-07-23,580,eletrodomesticos_2,52.65
2018-07-26,583,eletrodomesticos_2,50.93
2018-07-27,584,eletrodomesticos_2,50.81
2018-07-31,588,eletrodomesticos_2,56.02
2018-08-02,590,eletrodomesticos_2,46.62
2018-08-04,592,eletrodomesticos_2,46.6
2018-08-06,594,eletrodomesticos_2,47.35
2018-08-08,596,eletrodomesticos_2,46.48
2018-08-09,597,eletrodomesticos_2,46.19
2018-08-10,598,eletrodomesticos_2,46.09
2018-08-14,602,eletrodomesticos_2,47.02
2018-08-15,603,eletrodomesticos_2,47.55
2018-08-16,604,eletrodomesticos_2,48.82
2018-08-17,605,eletrodomesticos_2,47.38
2018-08-18,606,eletrodomesticos_2,47.28
2018-08-23,611,eletrodomesticos_2,48.12
2016-10-05,8,eletronicos,23.83
2016-10-06,9,eletronicos,24.47
2017-01-16,27,eletronicos,24.68
2017-01-17,28,eletronicos,23.85
2017-01-18,29,eletronicos,24.51
2017-01-19,30,eletronicos,25.2
2017-01-20,31,eletronicos,25.16
2017-01-21,32,eletronicos,12.52
2017-01-22,33,eletronicos,10.64
2017-01-28,39,eletronicos,11.66
2017-02-07,49,eletronicos,12.85
2017-02-08,50,eletronicos,12.69
2017-02-12,54,eletronicos,12.29
2017-02-14,56,eletronicos,12.66
2017-02-17,59,eletronicos,12.62
2017-02-20,62,eletronicos,12.34
2017-02-21,63,eletronicos,12.67
2017-02-24,66,eletronicos,6.71
2017-02-27,69,eletronicos,7.08
2017-02-28,70,eletronicos,6.67
2017-03-02,72,eletronicos,5.71
2017-03-03,73,eletronicos,5.14
2017-03-04,74,eletronicos,5.75
2017-03-07,77,eletronicos,5.97
2017-03-11,81,eletronicos,7.01
2017-03-14,84,eletronicos,6.75
2017-03-15,85,eletronicos,6.53
2017-03-16,86,eletronicos,6.12
2017-03-18,88,eletronicos,6.33
2017-03-19,89,eletronicos,6.44
2017-03-20,90,eletronicos,7.44
2017-03-21,91,eletronicos,7.71
2017-03-23,93,eletronicos,6.89
2017-03-25,95,eletronicos,6.43
2017-03-26,96,eletronicos,5.03
2017-03-27,97,eletronicos,5.0
2017-03-28,98,eletronicos,10.82
2017-03-29,99,eletronicos,10.17
2017-03-30,100,eletronicos,10.35
2017-04-03,104,eletronicos,10.47
2017-04-04,105,eletronicos,9.11
2017-04-05,106,eletronicos,8.7
2017-04-06,107,eletronicos,8.78
2017-04-07,108,eletronicos,8.87
2017-04-09,110,eletronicos,9.2
2017-04-10,111,eletronicos,9.12
2017-04-11,112,eletronicos,8.33
2017-04-15,116,eletronicos,9.2
2017-04-17,118,eletronicos,10.19
2017-04-19,120,eletronicos,10.92
2017-04-20,121,eletronicos,10.91
2017-04-21,122,eletronicos,11.6
2017-04-23,124,eletronicos,11.87
2017-04-24,125,eletronicos,12.35
2017-04-25,126,eletronicos,12.1
2017-04-26,127,eletronicos,12.26
2017-04-27,128,eletronicos,26.98
2017-04-28,129,eletronicos,26.53
2017-04-30,131,eletronicos,25.33
2017-05-03,134,eletronicos,24.38
2017-05-04,135,eletronicos,25.43
2017-05-06,137,eletronicos,25.47
2017-05-07,138,eletronicos,25.98
2017-05-08,139,eletronicos,25.71
2017-05-09,140,eletronicos,26.06
2017-05-10,141,eletronicos,26.49
2017-05-12,143,eletronicos,27.0
2017-05-13,144,eletronicos,27.27
2017-05-14,145,eletronicos,27.62
2017-05-15,146,eletronicos,27.95
2017-05-16,147,eletronicos,27.33
2017-05-17,148,eletronicos,26.99
2017-05-19,150,eletronicos,26.97
2017-05-20,151,eletronicos,27.53
2017-05-21,152,eletronicos,27.31
2017-05-22,153,eletronicos,26.99
2017-05-23,154,eletronicos,26.08
2017-05-24,155,eletronicos,26.47
2017-05-25,156,eletronicos,26.57
2017-05-27,158,eletronicos,26.38
2017-05-28,159,eletronicos,26.78
2017-05-29,160,eletronicos,46.47
2017-05-30,161,eletronicos,45.94
2017-05-31,162,eletronicos,45.98
2017-06-01,163,eletronicos,45.95
2017-06-02,164,eletronicos,46.63
2017-06-04,166,eletronicos,47.74
2017-06-05,167,eletronicos,47.02
2017-06-06,168,eletronicos,47.12
2017-06-07,169,eletronicos,46.98
2017-06-08,170,eletronicos,47.02
2017-06-09,171,eletronicos,48.03
2017-06-12,174,eletronicos,48.12
2017-06-13,175,eletronicos,48.01
2017-06-14,176,eletronicos,48.48
2017-06-15,177,eletronicos,47.29
2017-06-16,178,eletronicos,46.23
2017-06-17,179,eletronicos,46.12
2017-06-18,180,eletronicos,45.7
2017-06-19,181,eletronicos,44.69
2017-06-22,184,eletronicos,45.13
2017-06-23,185,eletronicos,45.19
2017-06-25,187,eletronicos,45.43
2017-06-27,189,eletronicos,44.63
2017-06-28,190,eletronicos,63.71
2017-06-29,191,eletronicos,63.99
2017-06-30,192,eletronicos,63.95
2017-07-01,193,eletronicos,64.95
2017-07-02,194,eletronicos,65.78
2017-07-03,195,eletronicos,66.6
2017-07-05,197,eletronicos,66.72
2017-07-06,198,eletronicos,66.5
2017-07-07,199,eletronicos,67.36
2017-07-08,200,eletronicos,69.4
2017-07-09,201,eletronicos,69.31
2017-07-10,202,eletronicos,70.89
2017-07-11,203,eletronicos,71.23
2017-07-12,204,eletronicos,70.58
2017-07-13,205,eletronicos,70.38
2017-07-14,206,eletronicos,70.68
2017-07-15,207,eletronicos,70.56
2017-07-16,208,eletronicos,69.25
2017-07-17,209,eletronicos,68.27
2017-07-18,210,eletronicos,67.56
2017-07-19,211,eletronicos,67.99
2017-07-20,212,eletronicos,66.76
2017-07-21,213,eletronicos,67.18
2017-07-22,214,eletronicos,68.04
2017-07-23,215,eletronicos,67.14
2017-07-24,216,eletronicos,67.72
2017-07-25,217,eletronicos,67.44
2017-07-26,218,eletronicos,68.17
2017-07-27,219,eletronicos,68.81
2017-07-28,220,eletronicos,67.67
2017-07-29,221,eletronicos,81.6
2017-07-30,222,eletronicos,80.66
2017-07-31,223,eletronicos,80.2
2017-08-01,224,eletronicos,80.31
2017-08-02,225,eletronicos,81.06
2017-08-03,226,eletronicos,80.19
2017-08-04,227,eletronicos,80.12
2017-08-06,229,eletronicos,79.37
2017-08-07,230,eletronicos,78.37
2017-08-08,231,eletronicos,79.15
2017-08-09,232,eletronicos,79.1
2017-08-10,233,eletronicos,80.57
2017-08-11,234,eletronicos,80.82
2017-08-12,235,eletronicos,80.27
2017-08-13,236,eletronicos,80.22
2017-08-14,237,eletronicos,81.25
2017-08-15,238,eletronicos,81.88
2017-08-16,239,eletronicos,82.77
2017-08-17,240,eletronicos,83.59
2017-08-18,241,eletronicos,83.34
2017-08-21,244,eletronicos,84.18
2017-08-22,245,eletronicos,83.53
2017-08-23,246,eletronicos,83.59
2017-08-24,247,eletronicos,83.45
2017-08-25,248,eletronicos,83.4
2017-08-27,250,eletronicos,82.74
2017-08-29,252,eletronicos,87.88
2017-08-30,253,eletronicos,88.37
2017-08-31,254,eletronicos,88.68
2017-09-01,255,eletronicos,88.22
2017-09-02,256,eletronicos,88.6
2017-09-03,257,eletronicos,88.64
2017-09-04,258,eletronicos,88.96
2017-09-05,259,eletronicos,88.69
2017-09-08,262,eletronicos,89.0
2017-09-09,263,eletronicos,89.51
2017-09-10,264,eletronicos,88.62
2017-09-11,265,eletronicos,88.32
2017-09-12,266,eletronicos,88.43
2017-09-13,267,eletronicos,88.97
2017-09-14,268,eletronicos,89.03
2017-09-15,269,eletronicos,89.13
2017-09-16,270,eletronicos,89.27
2017-09-18,272,eletronicos,88.69
2017-09-19,273,eletronicos,89.79
2017-09-20,274,eletronicos,90.38
2017-09-21,275,eletronicos,90.97
2017-09-22,276,eletronicos,89.79
2017-09-23,277,eletronicos,89.32
2017-09-24,278,eletronicos,88.75
2017-09-25,279,eletronicos,88.35
2017-09-26,280,eletronicos,88.67
2017-09-27,281,eletronicos,87.86
2017-09-28,282,eletronicos,84.21
2017-09-29,283,eletronicos,83.48
2017-09-30,284,eletronicos,83.26
2017-10-01,285,eletronicos,83.43
2017-10-02,286,eletronicos,83.73
2017-10-03,287,eletronicos,84.08
2017-10-04,288,eletronicos,84.66
2017-10-06,290,eletronicos,83.83
2017-10-07,291,eletronicos,84.3
2017-10-10,294,eletronicos,85.77
2017-10-11,295,eletronicos,85.25
2017-10-12,296,eletronicos,85.92
2017-10-13,297,eletronicos,85.53
2017-10-14,298,eletronicos,85.38
2017-10-15,299,eletronicos,85.78
2017-10-16,300,eletronicos,86.12
2017-10-17,301,eletronicos,85.91
2017-10-18,302,eletronicos,86.94
2017-10-19,303,eletronicos,86.07
2017-10-20,304,eletronicos,84.9
2017-10-23,307,eletronicos,85.43
2017-10-24,308,eletronicos,84.27
2017-10-25,309,eletronicos,84.07
2017-10-26,310,eletronicos,84.81
2017-10-27,311,eletronicos,85.89
2017-10-29,313,eletronicos,71.1
2017-10-30,314,eletronicos,71.19
2017-10-31,315,eletronicos,70.64
2017-11-01,316,eletronicos,70.97
2017-11-02,317,eletronicos,71.37
2017-11-04,319,eletronicos,70.45
2017-11-05,320,eletronicos,71.0
2017-11-06,321,eletronicos,71.26
2017-11-07,322,eletronicos,69.95
2017-11-08,323,eletronicos,68.79
2017-11-09,324,eletronicos,68.28
2017-11-10,325,eletronicos,68.59
2017-11-11,326,eletronicos,69.75
2017-11-12,327,eletronicos,69.85
2017-11-13,328,eletronicos,69.34
2017-11-14,329,eletronicos,69.94
2017-11-15,330,eletronicos,69.46
2017-11-16,331,eletronicos,69.6
2017-11-17,332,eletronicos,70.72
2017-11-18,333,eletronicos,71.75
2017-11-19,334,eletronicos,72.01
2017-11-20,335,eletronicos,72.84
2017-11-21,336,eletronicos,72.41
2017-11-22,337,eletronicos,72.0
2017-11-23,338,eletronicos,73.47
2017-11-24,339,eletronicos,73.55
2017-11-25,340,eletronicos,73.35
2017-11-26,341,eletronicos,74.01
2017-11-27,342,eletronicos,74.74
2017-11-28,343,eletronicos,54.58
2017-11-29,344,eletronicos,54.39
2017-11-30,345,eletronicos,53.57
2017-12-01,346,eletronicos,53.51
2017-12-02,347,eletronicos,54.47
2017-12-03,348,eletronicos,53.73
2017-12-04,349,eletronicos,53.66
2017-12-05,350,eletronicos,54.79
2017-12-06,351,eletronicos,53.89
2017-12-07,352,eletronicos,53.43
2017-12-08,353,eletronicos,53.34
2017-12-09,354,eletronicos,53.81
2017-12-10,355,eletronicos,53.87
2017-12-11,356,eletronicos,53.54
2017-12-12,357,eletronicos,52.79
2017-12-13,358,eletronicos,53.18
2017-12-14,359,eletronicos,52.82
2017-12-15,360,eletronicos,51.8
2017-12-16,361,eletronicos,52.98
2017-12-17,362,eletronicos,52.98
2017-12-18,363,eletronicos,52.03
2017-12-19,364,eletronicos,51.59
2017-12-20,365,eletronicos,50.82
2017-12-21,366,eletronicos,50.43
2017-12-22,367,eletronicos,49.16
2017-12-23,368,eletronicos,48.49
2017-12-24,369,eletronicos,48.33
2017-12-25,370,eletronicos,48.74
2017-12-26,371,eletronicos,47.01
2017-12-27,372,eletronicos,46.62
2017-12-28,373,eletronicos,47.58
2017-12-29,374,eletronicos,28.98
2017-12-30,375,eletronicos,30.52
2017-12-31,376,eletronicos,31.37
2018-01-01,377,eletronicos,32.73
2018-01-02,378,eletronicos,33.75
2018-01-03,379,eletronicos,33.59
2018-01-04,380,eletronicos,32.93
2018-01-05,381,eletronicos,33.69
2018-01-06,382,eletronicos,34.74
2018-01-07,383,eletronicos,34.87
2018-01-08,384,eletronicos,34.11
2018-01-09,385,eletronicos,32.8
2018-01-10,386,eletronicos,32.91
2018-01-11,387,eletronicos,33.54
2018-01-12,388,eletronicos,33.01
2018-01-13,389,eletronicos,33.47
2018-01-14,390,eletronicos,33.83
2018-01-15,391,eletronicos,33.29
2018-01-16,392,eletronicos,32.3
2018-01-17,393,eletronicos,31.92
2018-01-18,394,eletronicos,31.48
2018-01-19,395,eletronicos,31.99
2018-01-20,396,eletronicos,31.35
2018-01-21,397,eletronicos,30.68
2018-01-22,398,eletronicos,30.56
2018-01-23,399,eletronicos,30.92
2018-01-24,400,eletronicos,31.15
2018-01-25,401,eletronicos,31.87
2018-01-26,402,eletronicos,31.4
2018-01-27,403,eletronicos,31.99
2018-01-28,404,eletronicos,32.64
2018-01-29,405,eletronicos,17.81
2018-01-30,406,eletronicos,18.54
2018-01-31,407,eletronicos,18.41
2018-02-01,408,eletronicos,18.27
2018-02-02,409,eletronicos,18.81
2018-02-03,410,eletronicos,19.41
2018-02-04,411,eletronicos,19.37
2018-02-05,412,eletronicos,19.7
2018-02-06,413,eletronicos,20.12
2018-02-07,414,eletronicos,20.4
2018-02-08,415,eletronicos,20.85
2018-02-09,416,eletronicos,20.04
2018-02-10,417,eletronicos,19.51
2018-02-11,418,eletronicos,19.57
2018-02-12,419,eletronicos,19.01
2018-02-13,420,eletronicos,19.14
2018-02-14,421,eletronicos,19.33
2018-02-15,422,eletronicos,20.15
2018-02-16,423,eletronicos,19.41
2018-02-17,424,eletronicos,19.66
2018-02-18,425,eletronicos,19.73
2018-02-19,426,eletronicos,20.5
2018-02-20,427,eletronicos,20.82
2018-02-21,428,eletronicos,20.89
2018-02-22,429,eletronicos,20.03
2018-02-23,430,eletronicos,19.4
2018-02-24,431,eletronicos,19.47
2018-02-25,432,eletronicos,18.63
2018-02-26,433,eletronicos,13.24
2018-02-27,434,eletronicos,13.13
2018-02-28,435,eletronicos,13.36
2018-03-01,436,eletronicos,12.8
2018-03-02,437,eletronicos,13.53
2018-03-03,438,eletronicos,14.69
2018-03-04,439,eletronicos,16.2
2018-03-05,440,eletronicos,16.9
2018-03-06,441,eletronicos,16.93
2018-03-07,442,eletronicos,17.29
2018-03-08,443,eletronicos,16.68
2018-03-09,444,eletronicos,16.0
2018-03-10,445,eletronicos,15.85
2018-03-11,446,eletronicos,15.23
2018-03-12,447,eletronicos,14.7
2018-03-13,448,eletronicos,12.56
2018-03-14,449,eletronicos,12.03
2018-03-15,450,eletronicos,11.89
2018-03-16,451,eletronicos,12.24
2018-03-17,452,eletronicos,12.39
2018-03-18,453,eletronicos,13.09
2018-03-19,454,eletronicos,12.53
2018-03-20,455,eletronicos,11.96
2018-03-21,456,eletronicos,12.28
2018-03-22,457,eletronicos,12.44
2018-03-23,458,eletronicos,13.32
2018-03-24,459,eletronicos,12.9
2018-03-25,460,eletronicos,12.7
2018-03-26,461,eletronicos,12.1
2018-03-27,462,eletronicos,11.94
2018-03-28,463,eletronicos,12.96
2018-03-29,464,eletronicos,18.6
2018-03-30,465,eletronicos,19.65
2018-03-31,466,eletronicos,20.28
2018-04-01,467,eletronicos,20.57
2018-04-02,468,eletronicos,21.09
2018-04-03,469,eletronicos,22.01
2018-04-04,470,eletronicos,21.44
2018-04-05,471,eletronicos,21.49
2018-04-06,472,eletronicos,21.65
2018-04-07,473,eletronicos,21.02
2018-04-09,475,eletronicos,21.88
2018-04-10,476,eletronicos,21.84
2018-04-11,477,eletronicos,22.74
2018-04-12,478,eletronicos,22.21
2018-04-13,479,eletronicos,21.77
2018-04-14,480,eletronicos,20.96
2018-04-15,481,eletronicos,21.72
2018-04-16,482,eletronicos,21.07
2018-04-17,483,eletronicos,21.13
2018-04-18,484,eletronicos,21.0
2018-04-19,485,eletronicos,20.41
2018-04-20,486,eletronicos,19.62
2018-04-21,487,eletronicos,18.57
2018-04-22,488,eletronicos,19.84
2018-04-23,489,eletronicos,19.91
2018-04-24,490,eletronicos,20.67
2018-04-25,491,eletronicos,21.2
2018-04-26,492,eletronicos,22.11
2018-04-27,493,eletronicos,21.72
2018-04-28,494,eletronicos,36.61
2018-04-29,495,eletronicos,36.73
2018-04-30,496,eletronicos,37.21
2018-05-01,497,eletronicos,36.74
2018-05-02,498,eletronicos,36.7
2018-05-03,499,eletronicos,36.56
2018-05-04,500,eletronicos,36.38
2018-05-05,501,eletronicos,35.14
2018-05-06,502,eletronicos,35.25
2018-05-07,503,eletronicos,35.19
2018-05-08,504,eletronicos,34.93
2018-05-09,505,eletronicos,35.63
2018-05-10,506,eletronicos,36.27
2018-05-11,507,eletronicos,37.01
2018-05-12,508,eletronicos,35.77
2018-05-13,509,eletronicos,37.39
2018-05-14,510,eletronicos,38.16
2018-05-15,511,eletronicos,39.01
2018-05-16,512,eletronicos,38.49
2018-05-17,513,eletronicos,38.82
2018-05-18,514,eletronicos,38.66
2018-05-19,515,eletronicos,38.88
2018-05-20,516,eletronicos,38.66
2018-05-21,517,eletronicos,38.33
2018-05-22,518,eletronicos,38.97
2018-05-23,519,eletronicos,38.12
2018-05-24,520,eletronicos,38.08
2018-05-25,521,eletronicos,38.49
2018-05-26,522,eletronicos,39.23
2018-05-27,523,eletronicos,39.2
2018-05-28,524,eletronicos,37.96
2018-05-29,525,eletronicos,57.14
2018-05-30,526,eletronicos,57.05
2018-05-31,527,eletronicos,57.51
2018-06-01,528,eletronicos,57.79
2018-06-02,529,eletronicos,56.67
2018-06-03,530,eletronicos,56.21
2018-06-04,531,eletronicos,55.82
2018-06-05,532,eletronicos,55.81
2018-06-06,533,eletronicos,56.41
2018-06-07,534,eletronicos,58.25
2018-06-08,535,eletronicos,57.95
2018-06-09,536,eletronicos,57.95
2018-06-10,537,eletronicos,57.95
2018-06-11,538,eletronicos,58.01
2018-06-12,539,eletronicos,59.13
2018-06-13,540,eletronicos,59.2
2018-06-14,541,eletronicos,59.92
2018-06-15,542,eletronicos,60.66
2018-06-16,543,eletronicos,60.29
2018-06-17,544,eletronicos,58.23
2018-06-18,545,eletronicos,59.03
2018-06-19,546,eletronicos,58.84
2018-06-20,547,eletronicos,58.45
2018-06-21,548,eletronicos,58.25
2018-06-22,549,eletronicos,57.6
2018-06-23,550,eletronicos,57.61
2018-06-24,551,eletronicos,55.93
2018-06-25,552,eletronicos,54.42
2018-06-26,553,eletronicos,54.57
2018-06-27,554,eletronicos,56.7
2018-06-28,555,eletronicos,76.06
2018-06-29,556,eletronicos,75.97
2018-06-30,557,eletronicos,75.92
2018-07-01,558,eletronicos,75.9
2018-07-02,559,eletronicos,76.25
2018-07-03,560,eletronicos,76.69
2018-07-04,561,eletronicos,76.49
2018-07-05,562,eletronicos,76.93
2018-07-06,563,eletronicos,76.17
2018-07-07,564,eletronicos,75.13
2018-07-08,565,eletronicos,75.31
2018-07-09,566,eletronicos,75.97
2018-07-10,567,eletronicos,76.67
2018-07-11,568,eletronicos,77.38
2018-07-12,569,eletronicos,77.07
2018-07-13,570,eletronicos,76.2
2018-07-14,571,eletronicos,78.22
2018-07-15,572,eletronicos,78.24
2018-07-16,573,eletronicos,79.24
2018-07-17,574,eletronicos,80.05
2018-07-18,575,eletronicos,78.76
2018-07-19,576,eletronicos,77.57
2018-07-20,577,eletronicos,77.12
2018-07-21,578,eletronicos,77.21
2018-07-22,579,eletronicos,77.84
2018-07-23,580,eletronicos,78.5
2018-07-24,581,eletronicos,77.04
2018-07-25,582,eletronicos,77.95
2018-07-26,583,eletronicos,77.18
2018-07-27,584,eletronicos,77.31
2018-07-28,585,eletronicos,78.2
2018-07-29,586,eletronicos,93.46
2018-07-30,587,eletronicos,94.4
2018-07-31,588,eletronicos,93.6
2018-08-01,589,eletronicos,92.62
2018-08-02,590,eletronicos,92.23
2018-08-03,591,eletronicos,92.54
2018-08-04,592,eletronicos,93.4
2018-08-05,593,eletronicos,94.2
2018-08-06,594,eletronicos,93.94
2018-08-07,595,eletronicos,93.48
2018-08-08,596,eletronicos,92.71
2018-08-09,597,eletronicos,91.63
2018-08-10,598,eletronicos,92.04
2018-08-11,599,eletronicos,93.38
2018-08-12,600,eletronicos,93.93
2018-08-13,601,eletronicos,94.26
2018-08-14,602,eletronicos,92.55
2018-08-15,603,eletronicos,92.39
2018-08-16,604,eletronicos,92.37
2018-08-17,605,eletronicos,93.7
2018-08-18,606,eletronicos,94.53
2018-08-19,607,eletronicos,95.0
2018-08-20,608,eletronicos,93.93
2018-08-21,609,eletronicos,93.2
2018-08-22,610,eletronicos,93.1
2018-08-23,611,eletronicos,92.52
2018-08-24,612,eletronicos,92.35
2018-08-26,614,eletronicos,92.63
2017-01-11,22,eletroportateis,50.94
2017-01-12,23,eletroportateis,51.43
2017-01-17,28,eletroportateis,53.22
2017-01-25,36,eletroportateis,50.07
2017-01-30,41,eletroportateis,50.31
2017-01-31,42,eletroportateis,51.12
2017-02-01,43,eletroportateis,60.65
2017-02-02,44,eletroportateis,58.46
2017-02-04,46,eletroportateis,58.84
2017-02-06,48,eletroportateis,55.07
2017-02-07,49,eletroportateis,55.45
2017-02-08,50,eletroportateis,56.6
2017-02-09,51,eletroportateis,56.69
2017-02-10,52,eletroportateis,63.28
2017-02-11,53,eletroportateis,65.76
2017-02-12,54,eletroportateis,65.96
2017-02-13,55,eletroportateis,68.36
2017-02-17,59,eletroportateis,70.22
2017-02-18,60,eletroportateis,70.88
2017-02-21,63,eletroportateis,74.69
2017-02-23,65,eletroportateis,76.74
2017-02-26,68,eletroportateis,73.42
2017-02-28,70,eletroportateis,71.57
2017-03-01,71,eletroportateis,73.59
2017-03-02,72,eletroportateis,73.62
2017-03-03,73,eletroportateis,73.42
2017-03-04,74,eletroportateis,69.2
2017-03-07,77,eletroportateis,71.24
2017-03-09,79,eletroportateis,70.75
2017-03-12,82,eletroportateis,69.2
2017-03-13,83,eletroportateis,66.3
2017-03-14,84,eletroportateis,70.42
2017-03-17,87,eletroportateis,71.73
2017-03-18,88,eletroportateis,70.56
2017-03-20,90,eletroportateis,70.7
2017-03-22,92,eletroportateis,70.75
2017-03-23,93,eletroportateis,72.41
2017-03-25,95,eletroportateis,71.14
2017-03-26,96,eletroportateis,71.0
2017-03-27,97,eletroportateis,70.8
2017-03-28,98,eletroportateis,69.48
2017-03-29,99,eletroportateis,64.48
2017-04-01,102,eletroportateis,62.03
2017-04-03,104,eletroportateis,65.27
2017-04-04,105,eletroportateis,64.35
2017-04-06,107,eletroportateis,65.57
2017-04-10,111,eletroportateis,65.7
2017-04-16,117,eletroportateis,64.42
2017-04-18,119,eletroportateis,65.62
2017-04-20,121,eletroportateis,66.18
2017-04-21,122,eletroportateis,68.54
2017-04-23,124,eletroportateis,71.76
2017-04-25,126,eletroportateis,69.75
2017-04-26,127,eletroportateis,68.66
2017-04-30,131,eletroportateis,69.98
2017-05-03,134,eletroportateis,56.09
2017-05-12,143,eletroportateis,55.15
2017-05-14,145,eletroportateis,53.83
2017-05-15,146,eletroportateis,54.04
2017-05-16,147,eletroportateis,54.07
2017-05-18,149,eletroportateis,54.55
2017-05-22,153,eletroportateis,53.17
2017-05-23,154,eletroportateis,56.34
2017-05-26,157,eletroportateis,53.84
2017-05-30,161,eletroportateis,50.1
2017-05-31,162,eletroportateis,50.12
2017-06-01,163,eletroportateis,34.07
2017-06-02,164,eletroportateis,36.28
2017-06-04,166,eletroportateis,36.92
2017-06-05,167,eletroportateis,38.85
2017-06-06,168,eletroportateis,36.92
2017-06-10,172,eletroportateis,36.33
2017-06-15,177,eletroportateis,33.69
2017-06-16,178,eletroportateis,36.44
2017-06-17,179,eletroportateis,41.83
2017-06-18,180,eletroportateis,42.71
2017-06-19,181,eletroportateis,43.21
2017-06-24,186,eletroportateis,41.77
2017-06-25,187,eletroportateis,40.4
2017-06-26,188,eletroportateis,38.11
2017-06-27,189,eletroportateis,40.94
2017-06-29,191,eletroportateis,42.07
2017-06-30,192,eletroportateis,39.94
2017-07-02,194,eletroportateis,21.6
2017-07-03,195,eletroportateis,20.03
2017-07-08,200,eletroportateis,19.35
2017-07-09,201,eletroportateis,20.24
2017-07-10,202,eletroportateis,21.94
2017-07-11,203,eletroportateis,24.8
2017-07-12,204,eletroportateis,25.94
2017-07-13,205,eletroportateis,24.72
2017-07-14,206,eletroportateis,23.32
2017-07-15,207,eletroportateis,25.4
2017-07-16,208,eletroportateis,22.95
2017-07-17,209,eletroportateis,21.7
2017-07-18,210,eletroportateis,21.08
2017-07-19,211,eletroportateis,18.72
2017-07-20,212,eletroportateis,17.15
2017-07-21,213,eletroportateis,16.21
2017-07-25,217,eletroportateis,16.29
2017-07-26,218,eletroportateis,17.0
2017-07-27,219,eletroportateis,18.64
2017-07-29,221,eletroportateis,18.53
2017-07-30,222,eletroportateis,23.28
2017-08-01,224,eletroportateis,11.4
2017-08-02,225,eletroportateis,9.9
2017-08-05,228,eletroportateis,13.79
2017-08-06,229,eletroportateis,15.52
2017-08-08,231,eletroportateis,13.84
2017-08-09,232,eletroportateis,12.05
2017-08-10,233,eletroportateis,12.51
2017-08-11,234,eletroportateis,12.07
2017-08-12,235,eletroportateis,14.03
2017-08-14,237,eletroportateis,12.11
2017-08-15,238,eletroportateis,10.98
2017-08-16,239,eletroportateis,14.05
2017-08-18,241,eletroportateis,13.25
2017-08-19,242,eletroportateis,13.09
2017-08-22,245,eletroportateis,14.78
2017-08-23,246,eletroportateis,16.41
2017-08-25,248,eletroportateis,16.29
2017-08-26,249,eletroportateis,18.01
2017-08-28,251,eletroportateis,16.9
2017-09-01,255,eletroportateis,12.68
2017-09-02,256,eletroportateis,15.55
2017-09-03,257,eletroportateis,11.51
2017-09-04,258,eletroportateis,13.03
2017-09-05,259,eletroportateis,10.74
2017-09-06,260,eletroportateis,9.18
2017-09-07,261,eletroportateis,9.27
2017-09-11,265,eletroportateis,8.87
2017-09-12,266,eletroportateis,8.76
2017-09-13,267,eletroportateis,6.72
2017-09-14,268,eletroportateis,7.36
2017-09-15,269,eletroportateis,5.0
2017-09-16,270,eletroportateis,8.46
2017-09-17,271,eletroportateis,5.87
2017-09-18,272,eletroportateis,8.24
2017-09-20,274,eletroportateis,8.43
2017-09-21,275,eletroportateis,7.92
2017-09-26,280,eletroportateis,8.56
2017-09-28,282,eletroportateis,8.57
2017-09-29,283,eletroportateis,9.24
2017-09-30,284,eletroportateis,7.9
2017-10-02,286,eletroportateis,14.03
2017-10-03,287,eletroportateis,13.7
2017-10-04,288,eletroportateis,14.93
2017-10-07,291,eletroportateis,13.75
2017-10-08,292,eletroportateis,12.29
2017-10-09,293,eletroportateis,12.35
2017-10-11,295,eletroportateis,11.1
2017-10-12,296,eletroportateis,9.9
2017-10-14,298,eletroportateis,9.94
2017-10-15,299,eletroportateis,12.07
2017-10-16,300,eletroportateis,11.01
2017-10-18,302,eletroportateis,11.34
2017-10-19,303,eletroportateis,10.57
2017-10-21,305,eletroportateis,12.06
2017-10-22,306,eletroportateis,14.37
2017-10-24,308,eletroportateis,15.79
2017-10-26,310,eletroportateis,15.84
2017-10-27,311,eletroportateis,17.8
2017-10-30,314,eletroportateis,18.4
2017-10-31,315,eletroportateis,15.89
2017-11-01,316,eletroportateis,28.95
2017-11-07,322,eletroportateis,27.77
2017-11-10,325,eletroportateis,28.5
2017-11-11,326,eletroportateis,31.14
2017-11-13,328,eletroportateis,30.27
2017-11-14,329,eletroportateis,30.13
2017-11-16,331,eletroportateis,29.01
2017-11-17,332,eletroportateis,27.9
2017-11-19,334,eletroportateis,27.17
2017-11-20,335,eletroportateis,28.13
2017-11-21,336,eletroportateis,26.58
2017-11-23,338,eletroportateis,28.68
2017-11-24,339,eletroportateis,29.2
2017-11-25,340,eletroportateis,26.52
2017-11-26,341,eletroportateis,26.51
2017-11-28,343,eletroportateis,28.2
2017-11-29,344,eletroportateis,29.56
2017-12-01,346,eletroportateis,43.23
2017-12-02,347,eletroportateis,45.02
2017-12-03,348,eletroportateis,44.5
2017-12-04,349,eletroportateis,47.24
2017-12-05,350,eletroportateis,45.92
2017-12-06,351,eletroportateis,45.5
2017-12-07,352,eletroportateis,47.34
2017-12-09,354,eletroportateis,46.99
2017-12-10,355,eletroportateis,44.35
2017-12-12,357,eletroportateis,45.29
2017-12-13,358,eletroportateis,50.07
2017-12-14,359,eletroportateis,48.75
2017-12-15,360,eletroportateis,49.48
2017-12-18,363,eletroportateis,48.93
2017-12-19,364,eletroportateis,48.77
2017-12-20,365,eletroportateis,48.29
2017-12-27,372,eletroportateis,44.64
2017-12-28,373,eletroportateis,49.06
2018-01-02,378,eletroportateis,65.06
2018-01-03,379,eletroportateis,64.83
2018-01-04,380,eletroportateis,62.93
2018-01-05,381,eletroportateis,66.28
2018-01-06,382,eletroportateis,65.45
2018-01-07,383,eletroportateis,67.44
2018-01-09,385,eletroportateis,69.22
2018-01-10,386,eletroportateis,69.65
2018-01-11,387,eletroportateis,70.46
2018-01-13,389,eletroportateis,68.47
2018-01-16,392,eletroportateis,69.35
2018-01-17,393,eletroportateis,71.45
2018-01-18,394,eletroportateis,70.35
2018-01-19,395,eletroportateis,67.87
2018-01-20,396,eletroportateis,68.94
2018-01-21,397,eletroportateis,65.27
2018-01-22,398,eletroportateis,65.34
2018-01-23,399,eletroportateis,65.58
2018-01-26,402,eletroportateis,68.44
2018-01-27,403,eletroportateis,65.56
2018-01-28,404,eletroportateis,67.91
2018-01-29,405,eletroportateis,69.57
2018-01-30,406,eletroportateis,70.32
2018-01-31,407,eletroportateis,72.95
2018-02-01,408,eletroportateis,85.78
2018-02-03,410,eletroportateis,85.38
2018-02-04,411,eletroportateis,84.15
2018-02-06,413,eletroportateis,84.89
2018-02-09,416,eletroportateis,82.38
2018-02-11,418,eletroportateis,83.97
2018-02-12,419,eletroportateis,83.46
2018-02-13,420,eletroportateis,80.38
2018-02-16,423,eletroportateis,81.78
2018-02-17,424,eletroportateis,79.77
2018-02-20,427,eletroportateis,80.8
2018-02-21,428,eletroportateis,82.09
2018-02-25,432,eletroportateis,82.86
2018-02-26,433,eletroportateis,80.44
2018-02-27,434,eletroportateis,83.23
2018-02-28,435,eletroportateis,83.28
2018-03-01,436,eletroportateis,88.57
2018-03-02,437,eletroportateis,88.36
2018-03-03,438,eletroportateis,87.97
2018-03-04,439,eletroportateis,87.13
2018-03-05,440,eletroportateis,85.32
2018-03-06,441,eletroportateis,83.75
2018-03-07,442,eletroportateis,82.21
2018-03-09,444,eletroportateis,83.06
2018-03-10,445,eletroportateis,81.79
2018-03-11,446,eletroportateis,83.96
2018-03-12,447,eletroportateis,82.06
2018-03-13,448,eletroportateis,81.33
2018-03-14,449,eletroportateis,79.33
2018-03-15,450,eletroportateis,80.66
2018-03-16,451,eletroportateis,83.79
2018-03-17,452,eletroportateis,87.69
2018-03-19,454,eletroportateis,90.02
2018-03-20,455,eletroportateis,91.33
2018-03-21,456,eletroportateis,93.3
2018-03-23,458,eletroportateis,92.53
2018-03-24,459,eletroportateis,94.01
2018-03-25,460,eletroportateis,94.81
2018-03-26,461,eletroportateis,95.0
2018-03-27,462,eletroportateis,93.62
2018-03-28,463,eletroportateis,91.94
2018-04-01,467,eletroportateis,85.98
2018-04-02,468,eletroportateis,87.61
2018-04-03,469,eletroportateis,86.99
2018-04-04,470,eletroportateis,86.43
2018-04-05,471,eletroportateis,85.54
2018-04-06,472,eletroportateis,84.42
2018-04-07,473,eletroportateis,83.23
2018-04-08,474,eletroportateis,84.11
2018-04-09,475,eletroportateis,85.73
2018-04-10,476,eletroportateis,85.84
2018-04-11,477,eletroportateis,87.05
2018-04-12,478,eletroportateis,84.93
2018-04-13,479,eletroportateis,84.47
2018-04-14,480,eletroportateis,85.79
2018-04-15,481,eletroportateis,86.31
2018-04-16,482,eletroportateis,88.27
2018-04-17,483,eletroportateis,89.54
2018-04-18,484,eletroportateis,91.47
2018-04-19,485,eletroportateis,92.06
2018-04-20,486,eletroportateis,92.41
2018-04-22,488,eletroportateis,88.32
2018-04-23,489,eletroportateis,88.2
2018-04-24,490,eletroportateis,90.3
2018-04-25,491,eletroportateis,88.34
2018-04-26,492,eletroportateis,89.11
2018-04-27,493,eletroportateis,85.55
2018-04-28,494,eletroportateis,85.23
2018-04-29,495,eletroportateis,84.94
2018-05-01,497,eletroportateis,72.01
2018-05-03,499,eletroportateis,73.38
2018-05-04,500,eletroportateis,76.27
2018-05-06,502,eletroportateis,76.85
2018-05-07,503,eletroportateis,75.4
2018-05-08,504,eletroportateis,73.57
2018-05-09,505,eletroportateis,70.24
2018-05-10,506,eletroportateis,73.06
2018-05-12,508,eletroportateis,74.28
2018-05-14,510,eletroportateis,73.06
2018-05-15,511,eletroportateis,70.58
2018-05-16,512,eletroportateis,69.93
2018-05-17,513,eletroportateis,69.87
2018-05-19,515,eletroportateis,70.15
2018-05-21,517,eletroportateis,72.58
2018-05-22,518,eletroportateis,71.21
2018-05-23,519,eletroportateis,73.27
2018-05-24,520,eletroportateis,72.55
2018-05-27,523,eletroportateis,74.26
2018-05-28,524,eletroportateis,73.06
2018-05-30,526,eletroportateis,77.66
2018-06-01,528,eletroportateis,60.23
2018-06-04,531,eletroportateis,60.53
2018-06-06,533,eletroportateis,59.67
2018-06-07,534,eletroportateis,56.84
2018-06-08,535,eletroportateis,60.97
2018-06-09,536,eletroportateis,60.6
2018-06-10,537,eletroportateis,61.39
2018-06-11,538,eletroportateis,59.15
2018-06-12,539,eletroportateis,60.35
2018-06-13,540,eletroportateis,61.26
2018-06-14,541,eletroportateis,61.71
2018-06-15,542,eletroportateis,62.7
2018-06-18,545,eletroportateis,64.48
2018-06-19,546,eletroportateis,63.32
2018-06-20,547,eletroportateis,64.31
2018-06-21,548,eletroportateis,62.57
2018-06-22,549,eletroportateis,61.25
2018-06-24,551,eletroportateis,61.25
2018-06-25,552,eletroportateis,63.04
2018-06-26,553,eletroportateis,60.13
2018-06-28,555,eletroportateis,59.48
2018-06-29,556,eletroportateis,58.77
2018-06-30,557,eletroportateis,56.18
2018-07-01,558,eletroportateis,39.29
2018-07-02,559,eletroportateis,38.08
2018-07-03,560,eletroportateis,42.22
2018-07-04,561,eletroportateis,45.3
2018-07-05,562,eletroportateis,44.97
2018-07-06,563,eletroportateis,45.2
2018-07-07,564,eletroportateis,44.65
2018-07-08,565,eletroportateis,46.46
2018-07-09,566,eletroportateis,47.86
2018-07-11,568,eletroportateis,49.46
2018-07-12,569,eletroportateis,51.01
2018-07-13,570,eletroportateis,51.4
2018-07-15,572,eletroportateis,51.43
2018-07-16,573,eletroportateis,48.65
2018-07-17,574,eletroportateis,48.06
2018-07-19,576,eletroportateis,46.9
2018-07-20,577,eletroportateis,49.27
2018-07-22,579,eletroportateis,49.31
2018-07-23,580,eletroportateis,46.69
2018-07-24,581,eletroportateis,45.04
2018-07-25,582,eletroportateis,47.17
2018-07-29,586,eletroportateis,44.6
2018-07-30,587,eletroportateis,44.52
2018-07-31,588,eletroportateis,44.7
2018-08-01,589,eletroportateis,36.15
2018-08-03,591,eletroportateis,35.63
2018-08-04,592,eletroportateis,35.25
2018-08-05,593,eletroportateis,34.12
2018-08-06,594,eletroportateis,35.94
2018-08-08,596,eletroportateis,35.01
2018-08-09,597,eletroportateis,30.7
2018-08-10,598,eletroportateis,31.95
2018-08-11,599,eletroportateis,31.71
2018-08-12,600,eletroportateis,31.15
2018-08-15,603,eletroportateis,27.81
2018-08-17,605,eletroportateis,29.59
2018-08-18,606,eletroportateis,28.94
2018-08-20,608,eletroportateis,28.63
2018-08-21,609,eletroportateis,29.39
2018-08-22,610,eletroportateis,30.48
2016-09-04,1,esporte_lazer,23.53
2016-10-03,6,esporte_lazer,22.15
2016-10-04,7,esporte_lazer,22.37
2016-10-05,8,esporte_lazer,22.8
2016-10-06,9,esporte_lazer,22.11
2016-10-07,10,esporte_lazer,23.92
2016-10-08,11,esporte_lazer,8.76
2016-10-09,12,esporte_lazer,8.5
2016-10-10,13,esporte_lazer,8.52
2017-01-09,20,esporte_lazer,8.57
2017-01-11,22,esporte_lazer,9.31
2017-01-13,24,esporte_lazer,10.02
2017-01-14,25,esporte_lazer,10.07
2017-01-15,26,esporte_lazer,8.65
2017-01-16,27,esporte_lazer,7.33
2017-01-17,28,esporte_lazer,6.47
2017-01-18,29,esporte_lazer,5.53
2017-01-19,30,esporte_lazer,5.33
2017-01-20,31,esporte_lazer,6.09
2017-01-21,32,esporte_lazer,5.77
2017-01-22,33,esporte_lazer,5.0
2017-01-23,34,esporte_lazer,5.59
2017-01-24,35,esporte_lazer,6.59
2017-01-25,36,esporte_lazer,7.67
2017-01-26,37,esporte_lazer,8.67
2017-01-27,38,esporte_lazer,8.76
2017-01-28,39,esporte_lazer,10.12
2017-01-29,40,esporte_lazer,24.25
2017-01-30,41,esporte_lazer,23.73
2017-01-31,42,esporte_lazer,24.1
2017-02-01,43,esporte_lazer,26.21
2017-02-02,44,esporte_lazer,24.57
2017-02-03,45,esporte_lazer,23.31
2017-02-04,46,esporte_lazer,22.54
2017-02-05,47,esporte_lazer,23.21
2017-02-06,48,esporte_lazer,22.77
2017-02-07,49,esporte_lazer,21.61
2017-02-08,50,esporte_lazer,22.09
2017-02-09,51,esporte_lazer,23.18
2017-02-10,52,esporte_lazer,23.07
2017-02-11,53,esporte_lazer,21.8
2017-02-12,54,esporte_lazer,22.92
2017-02-13,55,esporte_lazer,23.86
2017-02-14,56,esporte_lazer,24.07
2017-02-15,57,esporte_lazer,23.07
2017-02-16,58,esporte_lazer,23.18
2017-02-17,59,esporte_lazer,23.37
2017-02-18,60,esporte_lazer,22.82
2017-02-19,61,esporte_lazer,22.46
2017-02-20,62,esporte_lazer,22.43
2017-02-21,63,esporte_lazer,22.72
2017-02-22,64,esporte_lazer,22.59
2017-02-23,65,esporte_lazer,22.08
2017-02-24,66,esporte_lazer,22.15
2017-02-25,67,esporte_lazer,22.06
2017-02-26,68,esporte_lazer,42.51
2017-02-27,69,esporte_lazer,43.41
2017-02-28,70,esporte_lazer,43.83
2017-03-01,71,esporte_lazer,43.1
2017-03-02,72,esporte_lazer,42.56
2017-03-03,73,esporte_lazer,44.1
2017-03-04,74,esporte_lazer,44.58
2017-03-05,75,esporte_lazer,44.54
2017-03-06,76,esporte_lazer,44.91
2017-03-07,77,esporte_lazer,44.85
2017-03-08,78,esporte_lazer,44.69
2017-03-09,79,esporte_lazer,44.72
2017-03-10,80,esporte_lazer,43.43
2017-03-11,81,esporte_lazer,42.59
2017-03-12,82,esporte_lazer,42.46
2017-03-13,83,esporte_lazer,40.71
2017-03-14,84,esporte_lazer,40.05
2017-03-15,85,esporte_lazer,40.72
2017-03-16,86,esporte_lazer,39.99
2017-03-17,87,esporte_lazer,39.84
2017-03-18,88,esporte_lazer,40.86
2017-03-20,90,esporte_lazer,40.79
2017-03-21,91,esporte_lazer,42.48
2017-03-22,92,esporte_lazer,44.68
2017-03-23,93,esporte_lazer,44.67
2017-03-24,94,esporte_lazer,44.52
2017-03-25,95,esporte_lazer,44.52
2017-03-26,96,esporte_lazer,42.49
2017-03-27,97,esporte_lazer,43.22
2017-03-28,98,esporte_lazer,44.23
2017-03-29,99,esporte_lazer,63.7
2017-03-30,100,esporte_lazer,64.02
2017-03-31,101,esporte_lazer,63.29
2017-04-01,102,esporte_lazer,61.69
2017-04-02,103,esporte_lazer,62.9
2017-04-03,104,esporte_lazer,62.69
2017-04-04,105,esporte_lazer,63.05
2017-04-05,106,esporte_lazer,64.35
2017-04-06,107,esporte_lazer,65.45
2017-04-07,108,esporte_lazer,65.53
2017-04-08,109,esporte_lazer,64.45
2017-04-09,110,esporte_lazer,63.39
2017-04-10,111,esporte_lazer,63.99
2017-04-11,112,esporte_lazer,64.37
2017-04-12,113,esporte_lazer,63.36
2017-04-13,114,esporte_lazer,64.3
2017-04-14,115,esporte_lazer,64.26
2017-04-15,116,esporte_lazer,64.22
2017-04-16,117,esporte_lazer,63.84
2017-04-17,118,esporte_lazer,63.05
2017-04-18,119,esporte_lazer,64.8
2017-04-19,120,esporte_lazer,65.07
2017-04-20,121,esporte_lazer,65.14
2017-04-21,122,esporte_lazer,66.07
2017-04-22,123,esporte_lazer,65.54
2017-04-23,124,esporte_lazer,64.75
2017-04-24,125,esporte_lazer,65.35
2017-04-25,126,esporte_lazer,66.04
2017-04-26,127,esporte_lazer,65.5
2017-04-27,128,esporte_lazer,65.31
2017-04-28,129,esporte_lazer,79.64
2017-04-29,130,esporte_lazer,80.85
2017-04-30,131,esporte_lazer,79.78
2017-05-01,132,esporte_lazer,78.22
2017-05-02,133,esporte_lazer,79.21
2017-05-03,134,esporte_lazer,79.82
2017-05-04,135,esporte_lazer,78.98
2017-05-05,136,esporte_lazer,78.72
2017-05-06,137,esporte_lazer,78.43
2017-05-07,138,esporte_lazer,77.62
2017-05-08,139,esporte_lazer,76.82
2017-05-09,140,esporte_lazer,76.17
2017-05-10,141,esporte_lazer,76.73
2017-05-11,142,esporte_lazer,76.79
2017-05-12,143,esporte_lazer,75.59
2017-05-13,144,esporte_lazer,74.93
2017-05-14,145,esporte_lazer,75.67
2017-05-15,146,esporte_lazer,76.05
2017-05-16,147,esporte_lazer,77.21
2017-05-17,148,esporte_lazer,78.02
2017-05-18,149,esporte_lazer,77.61
2017-05-19,150,esporte_lazer,77.9
2017-05-20,151,esporte_lazer,78.47
2017-05-21,152,esporte_lazer,79.43
2017-05-22,153,esporte_lazer,79.34
2017-05-23,154,esporte_lazer,79.16
2017-05-24,155,esporte_lazer,78.63
2017-05-25,156,esporte_lazer,78.19
2017-05-26,157,esporte_lazer,77.96
2017-05-27,158,esporte_lazer,78.57
2017-05-28,159,esporte_lazer,79.49
2017-05-29,160,esporte_lazer,84.64
2017-05-30,161,esporte_lazer,84.69
2017-05-31,162,esporte_lazer,84.67
2017-06-01,163,esporte_lazer,85.94
2017-06-02,164,esporte_lazer,86.33
2017-06-03,165,esporte_lazer,86.42
2017-06-04,166,esporte_lazer,86.45
2017-06-05,167,esporte_lazer,86.17
2017-06-06,168,esporte_lazer,86.34
2017-06-07,169,esporte_lazer,86.98
2017-06-08,170,esporte_lazer,87.11
2017-06-09,171,esporte_lazer,86.34
2017-06-10,172,esporte_lazer,86.71
2017-06-11,173,esporte_lazer,85.87
2017-06-12,174,esporte_lazer,85.41
2017-06-13,175,esporte_lazer,85.59
2017-06-14,176,esporte_lazer,85.64
2017-06-15,177,esporte_lazer,84.75
2017-06-16,178,esporte_lazer,84.32
2017-06-17,179,esporte_lazer,83.18
2017-06-18,180,esporte_lazer,82.75
2017-06-19,181,esporte_lazer,83.73
2017-06-20,182,esporte_lazer,83.65
2017-06-21,183,esporte_lazer,84.49
2017-06-22,184,esporte_lazer,84.84
2017-06-23,185,esporte_lazer,83.85
2017-06-24,186,esporte_lazer,84.42
2017-06-25,187,esporte_lazer,85.55
2017-06-26,188,esporte_lazer,85.39
2017-06-27,189,esporte_lazer,86.21
2017-06-28,190,esporte_lazer,81.12
2017-06-29,191,esporte_lazer,80.4
2017-06-30,192,esporte_lazer,80.27
2017-07-01,193,esporte_lazer,79.86
2017-07-02,194,esporte_lazer,80.01
2017-07-03,195,esporte_lazer,80.92
2017-07-04,196,esporte_lazer,79.79
2017-07-05,197,esporte_lazer,79.86
2017-07-06,198,esporte_lazer,81.44
2017-07-07,199,esporte_lazer,80.58
2017-07-08,200,esporte_lazer,79.65
2017-07-09,201,esporte_lazer,78.64
2017-07-10,202,esporte_lazer,78.32
2017-07-11,203,esporte_lazer,78.39
2017-07-12,204,esporte_lazer,78.75
2017-07-13,205,esporte_lazer,78.78
2017-07-14,206,esporte_lazer,78.14
2017-07-15,207,esporte_lazer,76.68
2017-07-16,208,esporte_lazer,75.76
2017-07-17,209,esporte_lazer,76.32
2017-07-18,210,esporte_lazer,77.09
2017-07-19,211,esporte_lazer,77.33
2017-07-20,212,esporte_lazer,77.73
2017-07-21,213,esporte_lazer,78.92
2017-07-22,214,esporte_lazer,78.98
2017-07-23,215,esporte_lazer,78.42
2017-07-24,216,esporte_lazer,79.44
2017-07-25,217,esporte_lazer,79.74
2017-07-26,218,esporte_lazer,80.22
2017-07-27,219,esporte_lazer,80.21
2017-07-28,220,esporte_lazer,79.43
2017-07-29,221,esporte_lazer,65.6
2017-07-30,222,esporte_lazer,65.63
2017-07-31,223,esporte_lazer,64.69
2017-08-01,224,esporte_lazer,64.38
2017-08-02,225,esporte_lazer,64.18
2017-08-03,226,esporte_lazer,64.52
2017-08-04,227,esporte_lazer,64.98
2017-08-05,228,esporte_lazer,63.07
2017-08-06,229,esporte_lazer,62.83
2017-08-07,230,esporte_lazer,64.51
2017-08-08,231,esporte_lazer,64.48
2017-08-09,232,esporte_lazer,65.28
2017-08-10,233,esporte_lazer,65.76
2017-08-11,234,esporte_lazer,66.16
2017-08-12,235,esporte_lazer,66.84
2017-08-13,236,esporte_lazer,66.49
2017-08-14,237,esporte_lazer,66.75
2017-08-15,238,esporte_lazer,67.89
2017-08-16,239,esporte_lazer,68.46
2017-08-17,240,esporte_lazer,67.33
2017-08-18,241,esporte_lazer,66.94
2017-08-19,242,esporte_lazer,65.25
2017-08-20,243,esporte_lazer,66.25
2017-08-21,244,esporte_lazer,66.39
2017-08-22,245,esporte_lazer,66.68
2017-08-23,246,esporte_lazer,66.11
2017-08-24,247,esporte_lazer,66.67
2017-08-25,248,esporte_lazer,66.81
2017-08-26,249,esporte_lazer,66.64
2017-08-27,250,esporte_lazer,66.64
2017-08-28,251,esporte_lazer,67.41
2017-08-29,252,esporte_lazer,47.82
2017-08-30,253,esporte_lazer,46.15
2017-08-31,254,esporte_lazer,46.3
2017-09-01,255,esporte_lazer,45.22
2017-09-02,256,esporte_lazer,46.22
2017-09-03,257,esporte_lazer,46.29
2017-09-04,258,esporte_lazer,45.86
2017-09-05,259,esporte_lazer,45.26
2017-09-06,260,esporte_lazer,45.74
2017-09-07,261,esporte_lazer,45.84
2017-09-08,262,esporte_lazer,46.03
2017-09-09,263,esporte_lazer,46.78
2017-09-10,264,esporte_lazer,47.42
2017-09-11,265,esporte_lazer,48.07
2017-09-12,266,esporte_lazer,46.72
2017-09-13,267,esporte_lazer,46.84
2017-09-14,268,esporte_lazer,48.4
2017-09-15,269,esporte_lazer,49.16
2017-09-16,270,esporte_lazer,48.67
2017-09-17,271,esporte_lazer,48.45
2017-09-18,272,esporte_lazer,47.89
2017-09-19,273,esporte_lazer,48.05
2017-09-20,274,esporte_lazer,46.2
2017-09-21,275,esporte_lazer,46.35
2017-09-22,276,esporte_lazer,46.81
2017-09-23,277,esporte_lazer,46.41
2017-09-24,278,esporte_lazer,45.21
2017-09-25,279,esporte_lazer,45.1
2017-09-26,280,esporte_lazer,45.8
2017-09-27,281,esporte_lazer,45.31
2017-09-28,282,esporte_lazer,26.34
2017-09-29,283,esporte_lazer,25.95
2017-09-30,284,esporte_lazer,26.19
2017-10-01,285,esporte_lazer,27.75
2017-10-02,286,esporte_lazer,28.67
2017-10-03,287,esporte_lazer,28.52
2017-10-04,288,esporte_lazer,29.62
2017-10-05,289,esporte_lazer,30.65
2017-10-06,290,esporte_lazer,30.58
2017-10-07,291,esporte_lazer,31.4
2017-10-08,292,esporte_lazer,30.46
2017-10-09,293,esporte_lazer,30.43
2017-10-10,294,esporte_lazer,30.93
2017-10-11,295,esporte_lazer,29.72
2017-10-12,296,esporte_lazer,29.66
2017-10-13,297,esporte_lazer,30.11
2017-10-14,298,esporte_lazer,29.43
2017-10-15,299,esporte_lazer,27.62
2017-10-16,300,esporte_lazer,27.17
2017-10-17,301,esporte_lazer,26.66
2017-10-18,302,esporte_lazer,27.11
2017-10-19,303,esporte_lazer,27.86
2017-10-20,304,esporte_lazer,27.31
2017-10-21,305,esporte_lazer,27.01
2017-10-22,306,esporte_lazer,27.41
2017-10-23,307,esporte_lazer,26.92
2017-10-24,308,esporte_lazer,27.08
2017-10-25,309,esporte_lazer,27.75
2017-10-26,310,esporte_lazer,28.49
2017-10-27,311,esporte_lazer,28.71
2017-10-28,312,esporte_lazer,29.31
2017-10-29,313,esporte_lazer,13.1
2017-10-30,314,esporte_lazer,13.61
2017-10-31,315,esporte_lazer,14.03
2017-11-01,316,esporte_lazer,13.81
2017-11-02,317,esporte_lazer,14.91
2017-11-03,318,esporte_lazer,14.42
2017-11-04,319,esporte_lazer,15.42
2017-11-05,320,esporte_lazer,14.9
2017-11-06,321,esporte_lazer,15.86
2017-11-07,322,esporte_lazer,15.98
2017-11-08,323,esporte_lazer,16.39
2017-11-09,324,esporte_lazer,16.82
2017-11-10,325,esporte_lazer,16.63
2017-11-11,326,esporte_lazer,16.72
2017-11-12,327,esporte_lazer,15.71
2017-11-13,328,esporte_lazer,15.79
2017-11-14,329,esporte_lazer,15.75
2017-11-15,330,esporte_lazer,16.11
2017-11-16,331,esporte_lazer,15.84
2017-11-17,332,esporte_lazer,15.24
2017-11-18,333,esporte_lazer,16.81
2017-11-19,334,esporte_lazer,16.25
2017-11-20,335,esporte_lazer,15.94
2017-11-21,336,esporte_lazer,16.5
2017-11-22,337,esporte_lazer,16.4
2017-11-23,338,esporte_lazer,17.57
2017-11-24,339,esporte_lazer,17.31
2017-11-25,340,esporte_lazer,17.3
2017-11-26,341,esporte_lazer,15.74
2017-11-27,342,esporte_lazer,15.89
2017-11-28,343,esporte_lazer,9.61
2017-11-29,344,esporte_lazer,10.74
2017-11-30,345,esporte_lazer,12.09
2017-12-01,346,esporte_lazer,10.79
2017-12-02,347,esporte_lazer,11.57
2017-12-03,348,esporte_lazer,11.09
2017-12-04,349,esporte_lazer,11.23
2017-12-05,350,esporte_lazer,11.65
2017-12-06,351,esporte_lazer,11.6
2017-12-07,352,esporte_lazer,11.54
2017-12-08,353,esporte_lazer,10.81
2017-12-09,354,esporte_lazer,10.02
2017-12-10,355,esporte_lazer,9.68
2017-12-11,356,esporte_lazer,10.3
2017-12-12,357,esporte_lazer,10.53
2017-12-13,358,esporte_lazer,10.3
2017-12-14,359,esporte_lazer,8.91
2017-12-15,360,esporte_lazer,7.12
2017-12-16,361,esporte_lazer,8.4
2017-12-17,362,esporte_lazer,8.39
2017-12-18,363,esporte_lazer,8.53
2017-12-19,364,esporte_lazer,7.65
2017-12-20,365,esporte_lazer,6.65
2017-12-21,366,esporte_lazer,6.37
2017-12-22,367,esporte_lazer,6.11
2017-12-23,368,esporte_lazer,6.04
2017-12-24,369,esporte_lazer,7.82
2017-12-25,370,esporte_lazer,8.74
2017-12-26,371,esporte_lazer,9.21
2017-12-27,372,esporte_lazer,9.39
2017-12-28,373,esporte_lazer,10.42
2017-12-29,374,esporte_lazer,16.58
2017-12-30,375,esporte_lazer,17.69
2017-12-31,376,esporte_lazer,18.01
2018-01-01,377,esporte_lazer,17.23
2018-01-02,378,esporte_lazer,17.14
2018-01-03,379,esporte_lazer,16.05
2018-01-04,380,esporte_lazer,16.99
2018-01-05,381,esporte_lazer,15.78
2018-01-06,382,esporte_lazer,15.76
2018-01-07,383,esporte_lazer,15.61
2018-01-08,384,esporte_lazer,15.92
2018-01-09,385,esporte_lazer,16.11
2018-01-10,386,esporte_lazer,16.42
2018-01-11,387,esporte_lazer,16.85
2018-01-12,388,esporte_lazer,17.02
2018-01-13,389,esporte_lazer,17.37
2018-01-14,390,esporte_lazer,17.34
2018-01-15,391,esporte_lazer,16.98
2018-01-16,392,esporte_lazer,16.84
2018-01-17,393,esporte_lazer,15.74
2018-01-18,394,esporte_lazer,16.52
2018-01-19,395,esporte_lazer,15.7
2018-01-20,396,esporte_lazer,15.14
2018-01-21,397,esporte_lazer,15.71
2018-01-22,398,esporte_lazer,15.86
2018-01-23,399,esporte_lazer,15.03
2018-01-24,400,esporte_lazer,14.77
2018-01-25,401,esporte_lazer,15.7
2018-01-26,402,esporte_lazer,14.85
2018-01-27,403,esporte_lazer,15.36
2018-01-28,404,esporte_lazer,14.51
2018-01-29,405,esporte_lazer,29.17
2018-01-30,406,esporte_lazer,28.42
2018-01-31,407,esporte_lazer,28.6
2018-02-01,408,esporte_lazer,28.31
2018-02-02,409,esporte_lazer,29.04
2018-02-03,410,esporte_lazer,29.35
2018-02-04,411,esporte_lazer,29.11
2018-02-05,412,esporte_lazer,30.46
2018-02-06,413,esporte_lazer,30.68
2018-02-07,414,esporte_lazer,30.28
2018-02-08,415,esporte_lazer,30.72
2018-02-09,416,esporte_lazer,32.53
2018-02-10,417,esporte_lazer,32.3
2018-02-11,418,esporte_lazer,32.94
2018-02-12,419,esporte_lazer,32.63
2018-02-13,420,esporte_lazer,31.46
2018-02-14,421,esporte_lazer,32.86
2018-02-15,422,esporte_lazer,33.84
2018-02-16,423,esporte_lazer,35.02
2018-02-17,424,esporte_lazer,35.38
2018-02-18,425,esporte_lazer,34.37
2018-02-19,426,esporte_lazer,32.86
2018-02-20,427,esporte_lazer,31.44
2018-02-21,428,esporte_lazer,30.84
2018-02-22,429,esporte_lazer,32.15
2018-02-23,430,esporte_lazer,33.05
2018-02-24,431,esporte_lazer,32.36
2018-02-25,432,esporte_lazer,31.98
2018-02-26,433,esporte_lazer,50.88
2018-02-27,434,esporte_lazer,52.33
2018-02-28,435,esporte_lazer,54.25
2018-03-01,436,esporte_lazer,54.84
2018-03-02,437,esporte_lazer,55.53
2018-03-03,438,esporte_lazer,56.04
2018-03-04,439,esporte_lazer,54.89
2018-03-05,440,esporte_lazer,54.31
2018-03-06,441,esporte_lazer,54.92
2018-03-07,442,esporte_lazer,54.86
2018-03-08,443,esporte_lazer,55.22
2018-03-09,444,esporte_lazer,53.26
2018-03-10,445,esporte_lazer,51.35
2018-03-11,446,esporte_lazer,51.52
2018-03-12,447,esporte_lazer,51.6
2018-03-13,448,esporte_lazer,51.0
2018-03-14,449,esporte_lazer,51.85
2018-03-15,450,esporte_lazer,53.01
2018-03-16,451,esporte_lazer,53.1
2018-03-17,452,esporte_lazer,51.79
2018-03-18,453,esporte_lazer,51.52
2018-03-19,454,esporte_lazer,52.76
2018-03-20,455,esporte_lazer,53.8
2018-03-21,456,esporte_lazer,54.68
2018-03-22,457,esporte_lazer,55.26
2018-03-23,458,esporte_lazer,56.61
2018-03-24,459,esporte_lazer,56.34
2018-03-25,460,esporte_lazer,56.57
2018-03-26,461,esporte_lazer,55.57
2018-03-27,462,esporte_lazer,56.2
2018-03-28,463,esporte_lazer,56.98
2018-03-29,464,esporte_lazer,77.56
2018-03-30,465,esporte_lazer,77.76
2018-03-31,466,esporte_lazer,76.81
2018-04-01,467,esporte_lazer,77.42
2018-04-02,468,esporte_lazer,75.01
2018-04-03,469,esporte_lazer,73.86
2018-04-04,470,esporte_lazer,73.66
2018-04-05,471,esporte_lazer,73.89
2018-04-06,472,esporte_lazer,74.27
2018-04-07,473,esporte_lazer,73.79
2018-04-08,474,esporte_lazer,73.19
2018-04-09,475,esporte_lazer,72.29
2018-04-10,476,esporte_lazer,72.71
2018-04-11,477,esporte_lazer,72.5
2018-04-12,478,esporte_lazer,74.58
2018-04-13,479,esporte_lazer,76.67
2018-04-14,480,esporte_lazer,76.44
2018-04-15,481,esporte_lazer,76.62
2018-04-16,482,esporte_lazer,75.37
2018-04-17,483,esporte_lazer,75.03
2018-04-18,484,esporte_lazer,74.6
2018-04-19,485,esporte_lazer,75.75
2018-04-20,486,esporte_lazer,75.07
2018-04-21,487,esporte_lazer,74.97
2018-04-22,488,esporte_lazer,74.26
2018-04-23,489,esporte_lazer,72.97
2018-04-24,490,esporte_lazer,73.0
2018-04-25,491,esporte_lazer,72.63
2018-04-26,492,esporte_lazer,73.31
2018-04-27,493,esporte_lazer,72.64
2018-04-28,494,esporte_lazer,87.3
2018-04-29,495,esporte_lazer,86.41
2018-04-30,496,esporte_lazer,86.49
2018-05-01,497,esporte_lazer,86.29
2018-05-02,498,esporte_lazer,86.71
2018-05-03,499,esporte_lazer,86.99
2018-05-04,500,esporte_lazer,87.46
2018-05-05,501,esporte_lazer,88.07
2018-05-06,502,esporte_lazer,88.18
2018-05-07,503,esporte_lazer,88.95
2018-05-08,504,esporte_lazer,89.31
2018-05-09,505,esporte_lazer,89.97
2018-05-10,506,esporte_lazer,91.15
2018-05-11,507,esporte_lazer,91.64
2018-05-12,508,esporte_lazer,90.95
2018-05-13,509,esporte_lazer,90.77
2018-05-14,510,esporte_lazer,90.6
2018-05-15,511,esporte_lazer,90.93
2018-05-16,512,esporte_lazer,91.7
2018-05-17,513,esporte_lazer,91.96
2018-05-18,514,esporte_lazer,91.05
2018-05-19,515,esporte_lazer,90.13
2018-05-20,516,esporte_lazer,89.48
2018-05-21,517,esporte_lazer,88.99
2018-05-22,518,esporte_lazer,88.69
2018-05-23,519,esporte_lazer,88.8
2018-05-24,520,esporte_lazer,88.8
2018-05-25,521,esporte_lazer,87.5
2018-05-26,522,esporte_lazer,87.62
2018-05-27,523,esporte_lazer,87.46
2018-05-28,524,esporte_lazer,89.0
2018-05-29,525,esporte_lazer,94.67
2018-05-30,526,esporte_lazer,93.92
2018-05-31,527,esporte_lazer,93.46
2018-06-01,528,esporte_lazer,94.09
2018-06-02,529,esporte_lazer,93.86
2018-06-03,530,esporte_lazer,93.38
2018-06-04,531,esporte_lazer,94.3
2018-06-05,532,esporte_lazer,93.56
2018-06-06,533,esporte_lazer,93.77
2018-06-07,534,esporte_lazer,92.01
2018-06-08,535,esporte_lazer,92.6
2018-06-09,536,esporte_lazer,93.19
2018-06-10,537,esporte_lazer,94.46
2018-06-11,538,esporte_lazer,93.98
2018-06-12,539,esporte_lazer,93.15
2018-06-13,540,esporte_lazer,93.68
2018-06-14,541,esporte_lazer,93.71
2018-06-15,542,esporte_lazer,93.23
2018-06-16,543,esporte_lazer,92.38
2018-06-17,544,esporte_lazer,94.36
2018-06-18,545,esporte_lazer,95.0
2018-06-19,546,esporte_lazer,93.58
2018-06-20,547,esporte_lazer,92.37
2018-06-21,548,esporte_lazer,93.96
2018-06-22,549,esporte_lazer,94.79
2018-06-23,550,esporte_lazer,94.15
2018-06-24,551,esporte_lazer,93.8
2018-06-25,552,esporte_lazer,93.75
2018-06-26,553,esporte_lazer,93.68
2018-06-27,554,esporte_lazer,93.41
2018-06-28,555,esporte_lazer,86.11
2018-06-29,556,esporte_lazer,87.78
2018-06-30,557,esporte_lazer,88.61
2018-07-01,558,esporte_lazer,86.77
2018-07-02,559,esporte_lazer,86.53
2018-07-03,560,esporte_lazer,87.58
2018-07-04,561,esporte_lazer,88.09
2018-07-05,562,esporte_lazer,88.42
2018-07-06,563,esporte_lazer,90.2
2018-07-07,564,esporte_lazer,90.32
2018-07-08,565,esporte_lazer,91.61
2018-07-09,566,esporte_lazer,90.95
2018-07-10,567,esporte_lazer,90.19
2018-07-11,568,esporte_lazer,91.27
2018-07-12,569,esporte_lazer,91.73
2018-07-13,570,esporte_lazer,91.6
2018-07-14,571,esporte_lazer,90.38
2018-07-15,572,esporte_lazer,89.88
2018-07-16,573,esporte_lazer,89.29
2018-07-17,574,esporte_lazer,88.3
2018-07-18,575,esporte_lazer,87.79
2018-07-19,576,esporte_lazer,87.29
2018-07-20,577,esporte_lazer,87.58
2018-07-21,578,esporte_lazer,87.4
2018-07-22,579,esporte_lazer,87.94
2018-07-23,580,esporte_lazer,87.44
2018-07-24,581,esporte_lazer,88.31
2018-07-25,582,esporte_lazer,89.94
2018-07-26,583,esporte_lazer,89.07
2018-07-27,584,esporte_lazer,89.71
2018-07-28,585,esporte_lazer,89.11
2018-07-29,586,esporte_lazer,75.02
2018-07-30,587,esporte_lazer,74.31
2018-07-31,588,esporte_lazer,74.84
2018-08-01,589,esporte_lazer,74.43
2018-08-02,590,esporte_lazer,74.41
2018-08-03,591,esporte_lazer,73.85
2018-08-04,592,esporte_lazer,72.99
2018-08-05,593,esporte_lazer,73.35
2018-08-06,594,esporte_lazer,73.28
2018-08-07,595,esporte_lazer,73.72
2018-08-08,596,esporte_lazer,75.05
2018-08-09,597,esporte_lazer,74.79
2018-08-10,598,esporte_lazer,73.87
2018-08-11,599,esporte_lazer,74.94
2018-08-12,600,esporte_lazer,74.71
2018-08-13,601,esporte_lazer,74.62
2018-08-14,602,esporte_lazer,74.95
2018-08-15,603,esporte_lazer,75.15
2018-08-16,604,esporte_lazer,74.45
2018-08-17,605,esporte_lazer,74.41
2018-08-18,606,esporte_lazer,75.3
2018-08-19,607,esporte_lazer,76.18
2018-08-20,608,esporte_lazer,75.54
2018-08-21,609,esporte_lazer,75.45
2018-08-22,610,esporte_lazer,76.11
2018-08-23,611,esporte_lazer,76.47
2018-08-24,612,esporte_lazer,75.8
2018-08-25,613,esporte_lazer,76.52
2018-08-26,614,esporte_lazer,76.9
2018-08-27,615,esporte_lazer,76.43
2018-08-28,616,esporte_lazer,75.86
2018-08-29,617,esporte_lazer,75.78
2016-10-06,9,fashion_bolsas_e_acessorios,24.42
2016-10-08,11,fashion_bolsas_e_acessorios,5.0
2016-10-09,12,fashion_bolsas_e_acessorios,10.15
2016-10-10,13,fashion_bolsas_e_acessorios,9.99
2016-12-23,15,fashion_bolsas_e_acessorios,10.5
2017-01-05,16,fashion_bolsas_e_acessorios,10.16
2017-01-08,19,fashion_bolsas_e_acessorios,10.67
2017-01-12,23,fashion_bolsas_e_acessorios,10.69
2017-01-15,26,fashion_bolsas_e_acessorios,10.99
2017-01-16,27,fashion_bolsas_e_acessorios,11.69
2017-01-17,28,fashion_bolsas_e_acessorios,10.7
2017-01-20,31,fashion_bolsas_e_acessorios,10.85
2017-01-23,34,fashion_bolsas_e_acessorios,10.47
2017-01-24,35,fashion_bolsas_e_acessorios,10.34
2017-01-25,36,fashion_bolsas_e_acessorios,11.35
2017-01-26,37,fashion_bolsas_e_acessorios,12.24
2017-01-27,38,fashion_bolsas_e_acessorios,25.35
2017-01-29,40,fashion_bolsas_e_acessorios,24.76
2017-01-31,42,fashion_bolsas_e_acessorios,24.85
2017-02-01,43,fashion_bolsas_e_acessorios,23.77
2017-02-03,45,fashion_bolsas_e_acessorios,24.42
2017-02-04,46,fashion_bolsas_e_acessorios,24.73
2017-02-05,47,fashion_bolsas_e_acessorios,25.95
2017-02-06,48,fashion_bolsas_e_acessorios,24.75
2017-02-07,49,fashion_bolsas_e_acessorios,24.24
2017-02-08,50,fashion_bolsas_e_acessorios,25.35
2017-02-09,51,fashion_bolsas_e_acessorios,26.28
2017-02-11,53,fashion_bolsas_e_acessorios,26.91
2017-02-12,54,fashion_bolsas_e_acessorios,26.99
2017-02-13,55,fashion_bolsas_e_acessorios,28.2
2017-02-14,56,fashion_bolsas_e_acessorios,29.08
2017-02-15,57,fashion_bolsas_e_acessorios,28.09
2017-02-17,59,fashion_bolsas_e_acessorios,28.42
2017-02-21,63,fashion_bolsas_e_acessorios,29.4
2017-02-22,64,fashion_bolsas_e_acessorios,28.79
2017-02-23,65,fashion_bolsas_e_acessorios,46.21
2017-02-26,68,fashion_bolsas_e_acessorios,45.61
2017-02-27,69,fashion_bolsas_e_acessorios,44.87
2017-03-02,72,fashion_bolsas_e_acessorios,44.51
2017-03-03,73,fashion_bolsas_e_acessorios,43.34
2017-03-04,74,fashion_bolsas_e_acessorios,42.03
2017-03-05,75,fashion_bolsas_e_acessorios,42.36
2017-03-06,76,fashion_bolsas_e_acessorios,41.84
2017-03-08,78,fashion_bolsas_e_acessorios,41.01
2017-03-10,80,fashion_bolsas_e_acessorios,40.29
2017-03-11,81,fashion_bolsas_e_acessorios,41.39
2017-03-12,82,fashion_bolsas_e_acessorios,41.13
2017-03-13,83,fashion_bolsas_e_acessorios,42.32
2017-03-14,84,fashion_bolsas_e_acessorios,42.74
2017-03-15,85,fashion_bolsas_e_acessorios,43.73
2017-03-16,86,fashion_bolsas_e_acessorios,44.8
2017-03-17,87,fashion_bolsas_e_acessorios,44.89
2017-03-18,88,fashion_bolsas_e_acessorios,44.54
2017-03-19,89,fashion_bolsas_e_acessorios,45.97
2017-03-20,90,fashion_bolsas_e_acessorios,47.09
2017-03-21,91,fashion_bolsas_e_acessorios,46.81
2017-03-22,92,fashion_bolsas_e_acessorios,48.07
2017-03-23,93,fashion_bolsas_e_acessorios,47.38
2017-03-24,94,fashion_bolsas_e_acessorios,47.3
2017-03-25,95,fashion_bolsas_e_acessorios,46.99
2017-03-26,96,fashion_bolsas_e_acessorios,45.7
2017-03-27,97,fashion_bolsas_e_acessorios,45.95
2017-03-28,98,fashion_bolsas_e_acessorios,47.08
2017-03-29,99,fashion_bolsas_e_acessorios,65.66
2017-03-30,100,fashion_bolsas_e_acessorios,65.42
2017-03-31,101,fashion_bolsas_e_acessorios,65.46
2017-04-01,102,fashion_bolsas_e_acessorios,64.89
2017-04-02,103,fashion_bolsas_e_acessorios,65.46
2017-04-04,105,fashion_bolsas_e_acessorios,65.81
2017-04-05,106,fashion_bolsas_e_acessorios,65.64
2017-04-07,108,fashion_bolsas_e_acessorios,66.38
2017-04-08,109,fashion_bolsas_e_acessorios,66.63
2017-04-09,110,fashion_bolsas_e_acessorios,65.31
2017-04-10,111,fashion_bolsas_e_acessorios,65.18
2017-04-11,112,fashion_bolsas_e_acessorios,63.97
2017-04-12,113,fashion_bolsas_e_acessorios,64.36
2017-04-15,116,fashion_bolsas_e_acessorios,64.57
2017-04-17,118,fashion_bolsas_e_acessorios,64.6
2017-04-18,119,fashion_bolsas_e_acessorios,64.06
2017-04-19,120,fashion_bolsas_e_acessorios,64.45
2017-04-20,121,fashion_bolsas_e_acessorios,65.1
2017-04-22,123,fashion_bolsas_e_acessorios,65.65
2017-04-23,124,fashion_bolsas_e_acessorios,66.23
2017-04-24,125,fashion_bolsas_e_acessorios,66.24
2017-04-25,126,fashion_bolsas_e_acessorios,68.11
2017-04-26,127,fashion_bolsas_e_acessorios,80.78
2017-04-27,128,fashion_bolsas_e_acessorios,80.25
2017-04-29,130,fashion_bolsas_e_acessorios,80.61
2017-05-01,132,fashion_bolsas_e_acessorios,81.41
2017-05-02,133,fashion_bolsas_e_acessorios,81.47
2017-05-03,134,fashion_bolsas_e_acessorios,79.85
2017-05-04,135,fashion_bolsas_e_acessorios,79.05
2017-05-05,136,fashion_bolsas_e_acessorios,78.76
2017-05-06,137,fashion_bolsas_e_acessorios,78.9
2017-05-07,138,fashion_bolsas_e_acessorios,77.84
2017-05-08,139,fashion_bolsas_e_acessorios,78.14
2017-05-09,140,fashion_bolsas_e_acessorios,77.19
2017-05-10,141,fashion_bolsas_e_acessorios,77.15
2017-05-11,142,fashion_bolsas_e_acessorios,76.4
2017-05-12,143,fashion_bolsas_e_acessorios,76.31
2017-05-13,144,fashion_bolsas_e_acessorios,77.19
2017-05-14,145,fashion_bolsas_e_acessorios,76.64
2017-05-15,146,fashion_bolsas_e_acessorios,76.29
2017-05-16,147,fashion_bolsas_e_acessorios,75.57
2017-05-17,148,fashion_bolsas_e_acessorios,75.64
2017-05-18,149,fashion_bolsas_e_acessorios,76.45
2017-05-19,150,fashion_bolsas_e_acessorios,77.2
2017-05-20,151,fashion_bolsas_e_acessorios,77.52
2017-05-21,152,fashion_bolsas_e_acessorios,78.35
2017-05-22,153,fashion_bolsas_e_acessorios,78.75
2017-05-23,154,fashion_bolsas_e_acessorios,78.71
2017-05-24,155,fashion_bolsas_e_acessorios,80.19
2017-05-25,156,fashion_bolsas_e_acessorios,80.81
2017-05-26,157,fashion_bolsas_e_acessorios,81.38
2017-05-28,159,fashion_bolsas_e_acessorios,81.91
2017-05-29,160,fashion_bolsas_e_acessorios,87.17
2017-05-30,161,fashion_bolsas_e_acessorios,88.0
2017-05-31,162,fashion_bolsas_e_acessorios,86.78
2017-06-01,163,fashion_bolsas_e_acessorios,85.92
2017-06-02,164,fashion_bolsas_e_acessorios,85.86
2017-06-03,165,fashion_bolsas_e_acessorios,86.36
2017-06-04,166,fashion_bolsas_e_acessorios,85.31
2017-06-05,167,fashion_bolsas_e_acessorios,84.56
2017-06-06,168,fashion_bolsas_e_acessorios,84.49
2017-06-07,169,fashion_bolsas_e_acessorios,84.78
2017-06-08,170,fashion_bolsas_e_acessorios,85.43
2017-06-09,171,fashion_bolsas_e_acessorios,84.42
2017-06-10,172,fashion_bolsas_e_acessorios,84.48
2017-06-11,173,fashion_bolsas_e_acessorios,84.58
2017-06-12,174,fashion_bolsas_e_acessorios,85.01
2017-06-13,175,fashion_bolsas_e_acessorios,84.62
2017-06-14,176,fashion_bolsas_e_acessorios,84.36
2017-06-15,177,fashion_bolsas_e_acessorios,85.6
2017-06-16,178,fashion_bolsas_e_acessorios,85.51
2017-06-17,179,fashion_bolsas_e_acessorios,84.5
2017-06-18,180,fashion_bolsas_e_acessorios,83.01
2017-06-19,181,fashion_bolsas_e_acessorios,84.69
2017-06-21,183,fashion_bolsas_e_acessorios,85.17
2017-06-22,184,fashion_bolsas_e_acessorios,85.48
2017-06-24,186,fashion_bolsas_e_acessorios,84.6
2017-06-25,187,fashion_bolsas_e_acessorios,84.81
2017-06-27,189,fashion_bolsas_e_acessorios,85.51
2017-06-28,190,fashion_bolsas_e_acessorios,80.35
2017-06-29,191,fashion_bolsas_e_acessorios,80.67
2017-06-30,192,fashion_bolsas_e_acessorios,81.88
2017-07-01,193,fashion_bolsas_e_acessorios,82.43
2017-07-02,194,fashion_bolsas_e_acessorios,80.93
2017-07-04,196,fashion_bolsas_e_acessorios,80.39
2017-07-05,197,fashion_bolsas_e_acessorios,79.24
2017-07-06,198,fashion_bolsas_e_acessorios,80.55
2017-07-07,199,fashion_bolsas_e_acessorios,80.9
2017-07-09,201,fashion_bolsas_e_acessorios,80.31
2017-07-10,202,fashion_bolsas_e_acessorios,80.01
2017-07-11,203,fashion_bolsas_e_acessorios,79.61
2017-07-12,204,fashion_bolsas_e_acessorios,80.02
2017-07-13,205,fashion_bolsas_e_acessorios,79.24
2017-07-14,206,fashion_bolsas_e_acessorios,79.88
2017-07-15,207,fashion_bolsas_e_acessorios,80.19
2017-07-16,208,fashion_bolsas_e_acessorios,81.8
2017-07-17,209,fashion_bolsas_e_acessorios,80.63
2017-07-18,210,fashion_bolsas_e_acessorios,79.18
2017-07-19,211,fashion_bolsas_e_acessorios,79.53
2017-07-20,212,fashion_bolsas_e_acessorios,79.17
2017-07-21,213,fashion_bolsas_e_acessorios,79.6
2017-07-23,215,fashion_bolsas_e_acessorios,79.57
2017-07-24,216,fashion_bolsas_e_acessorios,79.42
2017-07-25,217,fashion_bolsas_e_acessorios,78.93
2017-07-26,218,fashion_bolsas_e_acessorios,78.71
2017-07-27,219,fashion_bolsas_e_acessorios,78.05
2017-07-28,220,fashion_bolsas_e_acessorios,78.56
2017-07-29,221,fashion_bolsas_e_acessorios,65.72
2017-07-30,222,fashion_bolsas_e_acessorios,66.13
2017-07-31,223,fashion_bolsas_e_acessorios,66.35
2017-08-01,224,fashion_bolsas_e_acessorios,66.46
2017-08-02,225,fashion_bolsas_e_acessorios,66.12
2017-08-03,226,fashion_bolsas_e_acessorios,66.72
2017-08-04,227,fashion_bolsas_e_acessorios,67.64
2017-08-05,228,fashion_bolsas_e_acessorios,68.01
2017-08-06,229,fashion_bolsas_e_acessorios,68.84
2017-08-07,230,fashion_bolsas_e_acessorios,68.33
2017-08-08,231,fashion_bolsas_e_acessorios,68.67
2017-08-09,232,fashion_bolsas_e_acessorios,68.45
2017-08-10,233,fashion_bolsas_e_acessorios,68.77
2017-08-11,234,fashion_bolsas_e_acessorios,68.82
2017-08-12,235,fashion_bolsas_e_acessorios,68.71
2017-08-13,236,fashion_bolsas_e_acessorios,68.44
2017-08-14,237,fashion_bolsas_e_acessorios,68.84
2017-08-15,238,fashion_bolsas_e_acessorios,67.79
2017-08-16,239,fashion_bolsas_e_acessorios,66.84
2017-08-17,240,fashion_bolsas_e_acessorios,66.93
2017-08-18,241,fashion_bolsas_e_acessorios,66.98
2017-08-19,242,fashion_bolsas_e_acessorios,67.91
2017-08-20,243,fashion_bolsas_e_acessorios,66.95
2017-08-21,244,fashion_bolsas_e_acessorios,66.54
2017-08-22,245,fashion_bolsas_e_acessorios,65.07
2017-08-23,246,fashion_bolsas_e_acessorios,65.82
2017-08-24,247,fashion_bolsas_e_acessorios,65.19
2017-08-25,248,fashion_bolsas_e_acessorios,67.17
2017-08-26,249,fashion_bolsas_e_acessorios,67.65
2017-08-27,250,fashion_bolsas_e_acessorios,68.32
2017-08-28,251,fashion_bolsas_e_acessorios,49.66
2017-08-29,252,fashion_bolsas_e_acessorios,48.55
2017-08-31,254,fashion_bolsas_e_acessorios,48.83
2017-09-01,255,fashion_bolsas_e_acessorios,49.3
2017-09-02,256,fashion_bolsas_e_acessorios,49.69
2017-09-03,257,fashion_bolsas_e_acessorios,50.43
2017-09-04,258,fashion_bolsas_e_acessorios,50.21
2017-09-05,259,fashion_bolsas_e_acessorios,50.01
2017-09-06,260,fashion_bolsas_e_acessorios,49.7
2017-09-07,261,fashion_bolsas_e_acessorios,49.29
2017-09-08,262,fashion_bolsas_e_acessorios,49.11
2017-09-09,263,fashion_bolsas_e_acessorios,49.36
2017-09-10,264,fashion_bolsas_e_acessorios,49.94
2017-09-11,265,fashion_bolsas_e_acessorios,50.03
2017-09-12,266,fashion_bolsas_e_acessorios,50.38
2017-09-13,267,fashion_bolsas_e_acessorios,48.99
2017-09-14,268,fashion_bolsas_e_acessorios,49.81
2017-09-15,269,fashion_bolsas_e_acessorios,49.58
2017-09-16,270,fashion_bolsas_e_acessorios,49.91
2017-09-17,271,fashion_bolsas_e_acessorios,50.73
2017-09-18,272,fashion_bolsas_e_acessorios,50.49
2017-09-19,273,fashion_bolsas_e_acessorios,51.28
2017-09-20,274,fashion_bolsas_e_acessorios,51.65
2017-09-21,275,fashion_bolsas_e_acessorios,50.88
2017-09-22,276,fashion_bolsas_e_acessorios,52.48
2017-09-23,277,fashion_bolsas_e_acessorios,53.74
2017-09-24,278,fashion_bolsas_e_acessorios,53.0
2017-09-25,279,fashion_bolsas_e_acessorios,53.03
2017-09-26,280,fashion_bolsas_e_acessorios,52.79
2017-09-27,281,fashion_bolsas_e_acessorios,52.35
2017-09-28,282,fashion_bolsas_e_acessorios,32.39
2017-09-29,283,fashion_bolsas_e_acessorios,31.1
2017-09-30,284,fashion_bolsas_e_acessorios,31.58
2017-10-01,285,fashion_bolsas_e_acessorios,32.05
2017-10-02,286,fashion_bolsas_e_acessorios,31.15
2017-10-03,287,fashion_bolsas_e_acessorios,29.86
2017-10-04,288,fashion_bolsas_e_acessorios,31.0
2017-10-05,289,fashion_bolsas_e_acessorios,31.29
2017-10-06,290,fashion_bolsas_e_acessorios,31.43
2017-10-07,291,fashion_bolsas_e_acessorios,30.76
2017-10-08,292,fashion_bolsas_e_acessorios,32.72
2017-10-09,293,fashion_bolsas_e_acessorios,34.44
2017-10-10,294,fashion_bolsas_e_acessorios,34.45
2017-10-11,295,fashion_bolsas_e_acessorios,35.84
2017-10-12,296,fashion_bolsas_e_acessorios,35.23
2017-10-13,297,fashion_bolsas_e_acessorios,35.56
2017-10-14,298,fashion_bolsas_e_acessorios,33.88
2017-10-15,299,fashion_bolsas_e_acessorios,33.48
2017-10-16,300,fashion_bolsas_e_acessorios,33.72
2017-10-17,301,fashion_bolsas_e_acessorios,33.89
2017-10-18,302,fashion_bolsas_e_acessorios,33.79
2017-10-19,303,fashion_bolsas_e_acessorios,33.4
2017-10-21,305,fashion_bolsas_e_acessorios,32.03
2017-10-22,306,fashion_bolsas_e_acessorios,30.5
2017-10-23,307,fashion_bolsas_e_acessorios,31.51
2017-10-24,308,fashion_bolsas_e_acessorios,31.73
2017-10-25,309,fashion_bolsas_e_acessorios,31.98
2017-10-26,310,fashion_bolsas_e_acessorios,32.33
2017-10-27,311,fashion_bolsas_e_acessorios,17.78
2017-10-29,313,fashion_bolsas_e_acessorios,17.73
2017-10-31,315,fashion_bolsas_e_acessorios,17.48
2017-11-01,316,fashion_bolsas_e_acessorios,16.49
2017-11-02,317,fashion_bolsas_e_acessorios,17.82
2017-11-03,318,fashion_bolsas_e_acessorios,17.87
2017-11-04,319,fashion_bolsas_e_acessorios,18.23
2017-11-05,320,fashion_bolsas_e_acessorios,18.45
2017-11-06,321,fashion_bolsas_e_acessorios,19.3
2017-11-07,322,fashion_bolsas_e_acessorios,19.18
2017-11-08,323,fashion_bolsas_e_acessorios,19.58
2017-11-09,324,fashion_bolsas_e_acessorios,18.62
2017-11-10,325,fashion_bolsas_e_acessorios,18.66
2017-11-11,326,fashion_bolsas_e_acessorios,19.06
2017-11-12,327,fashion_bolsas_e_acessorios,18.96
2017-11-13,328,fashion_bolsas_e_acessorios,19.18
2017-11-14,329,fashion_bolsas_e_acessorios,18.17
2017-11-15,330,fashion_bolsas_e_acessorios,19.4
2017-11-16,331,fashion_bolsas_e_acessorios,18.22
2017-11-17,332,fashion_bolsas_e_acessorios,18.24
2017-11-18,333,fashion_bolsas_e_acessorios,18.3
2017-11-19,334,fashion_bolsas_e_acessorios,19.29
2017-11-20,335,fashion_bolsas_e_acessorios,18.94
2017-11-21,336,fashion_bolsas_e_acessorios,18.47
2017-11-22,337,fashion_bolsas_e_acessorios,18.51
2017-11-23,338,fashion_bolsas_e_acessorios,19.45
2017-11-24,339,fashion_bolsas_e_acessorios,19.98
2017-11-25,340,fashion_bolsas_e_acessorios,18.94
2017-11-26,341,fashion_bolsas_e_acessorios,19.24
2017-11-27,342,fashion_bolsas_e_acessorios,19.14
2017-11-28,343,fashion_bolsas_e_acessorios,15.68
2017-11-29,344,fashion_bolsas_e_acessorios,15.68
2017-11-30,345,fashion_bolsas_e_acessorios,15.67
2017-12-01,346,fashion_bolsas_e_acessorios,15.84
2017-12-02,347,fashion_bolsas_e_acessorios,15.27
2017-12-03,348,fashion_bolsas_e_acessorios,12.97
2017-12-04,349,fashion_bolsas_e_acessorios,12.96
2017-12-05,350,fashion_bolsas_e_acessorios,12.45
2017-12-06,351,fashion_bolsas_e_acessorios,12.13
2017-12-08,353,fashion_bolsas_e_acessorios,12.29
2017-12-09,354,fashion_bolsas_e_acessorios,10.49
2017-12-10,355,fashion_bolsas_e_acessorios,10.54
2017-12-11,356,fashion_bolsas_e_acessorios,11.61
2017-12-12,357,fashion_bolsas_e_acessorios,11.16
2017-12-13,358,fashion_bolsas_e_acessorios,10.6
2017-12-14,359,fashion_bolsas_e_acessorios,12.32
2017-12-15,360,fashion_bolsas_e_acessorios,12.77
2017-12-16,361,fashion_bolsas_e_acessorios,12.39
2017-12-17,362,fashion_bolsas_e_acessorios,13.55
2017-12-18,363,fashion_bolsas_e_acessorios,13.48
2017-12-19,364,fashion_bolsas_e_acessorios,12.96
2017-12-20,365,fashion_bolsas_e_acessorios,13.63
2017-12-21,366,fashion_bolsas_e_acessorios,13.32
2017-12-22,367,fashion_bolsas_e_acessorios,13.97
2017-12-24,369,fashion_bolsas_e_acessorios,15.57
2017-12-25,370,fashion_bolsas_e_acessorios,16.08
2017-12-26,371,fashion_bolsas_e_acessorios,15.52
2017-12-27,372,fashion_bolsas_e_acessorios,16.18
2017-12-28,373,fashion_bolsas_e_acessorios,15.43
2017-12-29,374,fashion_bolsas_e_acessorios,20.15
2017-12-30,375,fashion_bolsas_e_acessorios,21.66
2017-12-31,376,fashion_bolsas_e_acessorios,21.05
2018-01-01,377,fashion_bolsas_e_acessorios,19.35
2018-01-02,378,fashion_bolsas_e_acessorios,20.26
2018-01-03,379,fashion_bolsas_e_acessorios,19.69
2018-01-04,380,fashion_bolsas_e_acessorios,18.87
2018-01-05,381,fashion_bolsas_e_acessorios,19.32
2018-01-06,382,fashion_bolsas_e_acessorios,20.46
2018-01-07,383,fashion_bolsas_e_acessorios,19.46
2018-01-08,384,fashion_bolsas_e_acessorios,19.75
2018-01-09,385,fashion_bolsas_e_acessorios,18.65
2018-01-10,386,fashion_bolsas_e_acessorios,19.15
2018-01-11,387,fashion_bolsas_e_acessorios,20.48
2018-01-12,388,fashion_bolsas_e_acessorios,20.16
2018-01-13,389,fashion_bolsas_e_acessorios,19.79
2018-01-14,390,fashion_bolsas_e_acessorios,18.98
2018-01-15,391,fashion_bolsas_e_acessorios,18.27
2018-01-16,392,fashion_bolsas_e_acessorios,17.67
2018-01-17,393,fashion_bolsas_e_acessorios,19.85
2018-01-18,394,fashion_bolsas_e_acessorios,18.97
2018-01-19,395,fashion_bolsas_e_acessorios,20.38
2018-01-20,396,fashion_bolsas_e_acessorios,19.76
2018-01-21,397,fashion_bolsas_e_acessorios,19.92
2018-01-22,398,fashion_bolsas_e_acessorios,19.31
2018-01-23,399,fashion_bolsas_e_acessorios,19.72
2018-01-24,400,fashion_bolsas_e_acessorios,21.3
2018-01-25,401,fashion_bolsas_e_acessorios,20.89
2018-01-26,402,fashion_bolsas_e_acessorios,20.31
2018-01-27,403,fashion_bolsas_e_acessorios,19.87
2018-01-28,404,fashion_bolsas_e_acessorios,21.91
2018-01-29,405,fashion_bolsas_e_acessorios,34.63
2018-01-30,406,fashion_bolsas_e_acessorios,36.17
2018-01-31,407,fashion_bolsas_e_acessorios,37.12
2018-02-01,408,fashion_bolsas_e_acessorios,37.38
2018-02-02,409,fashion_bolsas_e_acessorios,37.14
2018-02-03,410,fashion_bolsas_e_acessorios,36.27
2018-02-04,411,fashion_bolsas_e_acessorios,36.95
2018-02-05,412,fashion_bolsas_e_acessorios,36.57
2018-02-06,413,fashion_bolsas_e_acessorios,36.45
2018-02-07,414,fashion_bolsas_e_acessorios,35.97
2018-02-08,415,fashion_bolsas_e_acessorios,36.14
2018-02-09,416,fashion_bolsas_e_acessorios,34.88
2018-02-10,417,fashion_bolsas_e_acessorios,32.82
2018-02-11,418,fashion_bolsas_e_acessorios,33.12
2018-02-12,419,fashion_bolsas_e_acessorios,33.46
2018-02-13,420,fashion_bolsas_e_acessorios,33.91
2018-02-14,421,fashion_bolsas_e_acessorios,33.86
2018-02-15,422,fashion_bolsas_e_acessorios,34.51
2018-02-16,423,fashion_bolsas_e_acessorios,34.87
2018-02-17,424,fashion_bolsas_e_acessorios,34.04
2018-02-18,425,fashion_bolsas_e_acessorios,34.59
2018-02-19,426,fashion_bolsas_e_acessorios,34.87
2018-02-20,427,fashion_bolsas_e_acessorios,36.49
2018-02-21,428,fashion_bolsas_e_acessorios,36.69
2018-02-22,429,fashion_bolsas_e_acessorios,36.68
2018-02-23,430,fashion_bolsas_e_acessorios,37.52
2018-02-24,431,fashion_bolsas_e_acessorios,37.91
2018-02-25,432,fashion_bolsas_e_acessorios,38.84
2018-02-26,433,fashion_bolsas_e_acessorios,57.71
2018-02-27,434,fashion_bolsas_e_acessorios,56.72
2018-02-28,435,fashion_bolsas_e_acessorios,57.3
2018-03-01,436,fashion_bolsas_e_acessorios,57.29
2018-03-02,437,fashion_bolsas_e_acessorios,56.65
2018-03-03,438,fashion_bolsas_e_acessorios,56.46
2018-03-04,439,fashion_bolsas_e_acessorios,56.18
2018-03-05,440,fashion_bolsas_e_acessorios,55.48
2018-03-06,441,fashion_bolsas_e_acessorios,54.94
2018-03-07,442,fashion_bolsas_e_acessorios,54.95
2018-03-08,443,fashion_bolsas_e_acessorios,54.57
2018-03-09,444,fashion_bolsas_e_acessorios,55.42
2018-03-11,446,fashion_bolsas_e_acessorios,54.19
2018-03-12,447,fashion_bolsas_e_acessorios,54.29
2018-03-13,448,fashion_bolsas_e_acessorios,54.46
2018-03-14,449,fashion_bolsas_e_acessorios,54.55
2018-03-15,450,fashion_bolsas_e_acessorios,54.19
2018-03-16,451,fashion_bolsas_e_acessorios,53.19
2018-03-17,452,fashion_bolsas_e_acessorios,53.9
2018-03-18,453,fashion_bolsas_e_acessorios,54.05
2018-03-19,454,fashion_bolsas_e_acessorios,53.56
2018-03-20,455,fashion_bolsas_e_acessorios,54.7
2018-03-21,456,fashion_bolsas_e_acessorios,55.41
2018-03-22,457,fashion_bolsas_e_acessorios,55.28
2018-03-23,458,fashion_bolsas_e_acessorios,54.98
2018-03-24,459,fashion_bolsas_e_acessorios,54.01
2018-03-25,460,fashion_bolsas_e_acessorios,55.17
2018-03-26,461,fashion_bolsas_e_acessorios,55.66
2018-03-27,462,fashion_bolsas_e_acessorios,54.9
2018-03-28,463,fashion_bolsas_e_acessorios,54.65
2018-03-29,464,fashion_bolsas_e_acessorios,72.98
2018-03-30,465,fashion_bolsas_e_acessorios,71.25
2018-03-31,466,fashion_bolsas_e_acessorios,71.11
2018-04-01,467,fashion_bolsas_e_acessorios,71.31
2018-04-02,468,fashion_bolsas_e_acessorios,71.83
2018-04-03,469,fashion_bolsas_e_acessorios,72.47
2018-04-04,470,fashion_bolsas_e_acessorios,73.37
2018-04-05,471,fashion_bolsas_e_acessorios,73.71
2018-04-06,472,fashion_bolsas_e_acessorios,74.04
2018-04-08,474,fashion_bolsas_e_acessorios,73.06
2018-04-09,475,fashion_bolsas_e_acessorios,74.22
2018-04-10,476,fashion_bolsas_e_acessorios,75.45
2018-04-11,477,fashion_bolsas_e_acessorios,76.17
2018-04-12,478,fashion_bolsas_e_acessorios,75.19
2018-04-13,479,fashion_bolsas_e_acessorios,74.81
2018-04-14,480,fashion_bolsas_e_acessorios,75.26
2018-04-15,481,fashion_bolsas_e_acessorios,74.19
2018-04-17,483,fashion_bolsas_e_acessorios,74.35
2018-04-18,484,fashion_bolsas_e_acessorios,74.82
2018-04-19,485,fashion_bolsas_e_acessorios,74.84
2018-04-20,486,fashion_bolsas_e_acessorios,75.67
2018-04-21,487,fashion_bolsas_e_acessorios,75.91
2018-04-22,488,fashion_bolsas_e_acessorios,74.5
2018-04-23,489,fashion_bolsas_e_acessorios,74.77
2018-04-24,490,fashion_bolsas_e_acessorios,74.34
2018-04-25,491,fashion_bolsas_e_acessorios,74.5
2018-04-26,492,fashion_bolsas_e_acessorios,73.47
2018-04-27,493,fashion_bolsas_e_acessorios,73.31
2018-04-28,494,fashion_bolsas_e_acessorios,87.04
2018-04-29,495,fashion_bolsas_e_acessorios,87.49
2018-04-30,496,fashion_bolsas_e_acessorios,86.78
2018-05-01,497,fashion_bolsas_e_acessorios,85.65
2018-05-02,498,fashion_bolsas_e_acessorios,86.77
2018-05-03,499,fashion_bolsas_e_acessorios,87.06
2018-05-04,500,fashion_bolsas_e_acessorios,87.5
2018-05-05,501,fashion_bolsas_e_acessorios,87.27
2018-05-06,502,fashion_bolsas_e_acessorios,88.08
2018-05-07,503,fashion_bolsas_e_acessorios,88.31
2018-05-08,504,fashion_bolsas_e_acessorios,87.66
2018-05-09,505,fashion_bolsas_e_acessorios,87.56
2018-05-10,506,fashion_bolsas_e_acessorios,87.44
2018-05-11,507,fashion_bolsas_e_acessorios,87.29
2018-05-12,508,fashion_bolsas_e_acessorios,86.73
2018-05-13,509,fashion_bolsas_e_acessorios,87.32
2018-05-14,510,fashion_bolsas_e_acessorios,86.81
2018-05-15,511,fashion_bolsas_e_acessorios,87.35
2018-05-16,512,fashion_bolsas_e_acessorios,88.04
2018-05-17,513,fashion_bolsas_e_acessorios,87.35
2018-05-18,514,fashion_bolsas_e_acessorios,88.57
2018-05-19,515,fashion_bolsas_e_acessorios,88.68
2018-05-20,516,fashion_bolsas_e_acessorios,88.95
2018-05-21,517,fashion_bolsas_e_acessorios,89.47
2018-05-22,518,fashion_bolsas_e_acessorios,90.28
2018-05-23,519,fashion_bolsas_e_acessorios,90.32
2018-05-26,522,fashion_bolsas_e_acessorios,90.6
2018-05-27,523,fashion_bolsas_e_acessorios,94.36
2018-05-28,524,fashion_bolsas_e_acessorios,92.85
2018-05-31,527,fashion_bolsas_e_acessorios,93.68
2018-06-01,528,fashion_bolsas_e_acessorios,93.27
2018-06-02,529,fashion_bolsas_e_acessorios,93.74
2018-06-03,530,fashion_bolsas_e_acessorios,93.47
2018-06-04,531,fashion_bolsas_e_acessorios,93.12
2018-06-05,532,fashion_bolsas_e_acessorios,92.25
2018-06-06,533,fashion_bolsas_e_acessorios,92.7
2018-06-07,534,fashion_bolsas_e_acessorios,92.91
2018-06-08,535,fashion_bolsas_e_acessorios,93.67
2018-06-09,536,fashion_bolsas_e_acessorios,93.92
2018-06-10,537,fashion_bolsas_e_acessorios,94.03
2018-06-11,538,fashion_bolsas_e_acessorios,93.48
2018-06-12,539,fashion_bolsas_e_acessorios,93.73
2018-06-13,540,fashion_bolsas_e_acessorios,94.26
2018-06-14,541,fashion_bolsas_e_acessorios,94.66
2018-06-16,543,fashion_bolsas_e_acessorios,95.0
2018-06-17,544,fashion_bolsas_e_acessorios,94.07
2018-06-18,545,fashion_bolsas_e_acessorios,93.57
2018-06-19,546,fashion_bolsas_e_acessorios,93.03
2018-06-20,547,fashion_bolsas_e_acessorios,93.78
2018-06-21,548,fashion_bolsas_e_acessorios,93.8
2018-06-22,549,fashion_bolsas_e_acessorios,94.17
2018-06-23,550,fashion_bolsas_e_acessorios,93.44
2018-06-24,551,fashion_bolsas_e_acessorios,93.55
2018-06-25,552,fashion_bolsas_e_acessorios,93.9
2018-06-26,553,fashion_bolsas_e_acessorios,94.39
2018-06-28,555,fashion_bolsas_e_acessorios,88.7
2018-06-29,556,fashion_bolsas_e_acessorios,87.31
2018-06-30,557,fashion_bolsas_e_acessorios,87.99
2018-07-01,558,fashion_bolsas_e_acessorios,87.1
2018-07-02,559,fashion_bolsas_e_acessorios,86.82
2018-07-03,560,fashion_bolsas_e_acessorios,86.6
2018-07-04,561,fashion_bolsas_e_acessorios,87.69
2018-07-07,564,fashion_bolsas_e_acessorios,87.42
2018-07-08,565,fashion_bolsas_e_acessorios,87.5
2018-07-10,567,fashion_bolsas_e_acessorios,87.61
2018-07-11,568,fashion_bolsas_e_acessorios,88.84
2018-07-13,570,fashion_bolsas_e_acessorios,90.82
2018-07-15,572,fashion_bolsas_e_acessorios,91.29
2018-07-16,573,fashion_bolsas_e_acessorios,91.5
2018-07-18,575,fashion_bolsas_e_acessorios,91.83
2018-07-19,576,fashion_bolsas_e_acessorios,91.15
2018-07-20,577,fashion_bolsas_e_acessorios,90.4
2018-07-21,578,fashion_bolsas_e_acessorios,90.31
2018-07-22,579,fashion_bolsas_e_acessorios,91.19
2018-07-23,580,fashion_bolsas_e_acessorios,89.87
2018-07-24,581,fashion_bolsas_e_acessorios,89.35
2018-07-25,582,fashion_bolsas_e_acessorios,90.1
2018-07-26,583,fashion_bolsas_e_acessorios,89.71
2018-07-27,584,fashion_bolsas_e_acessorios,90.47
2018-07-28,585,fashion_bolsas_e_acessorios,89.77
2018-07-29,586,fashion_bolsas_e_acessorios,76.59
2018-07-30,587,fashion_bolsas_e_acessorios,77.2
2018-07-31,588,fashion_bolsas_e_acessorios,77.09
2018-08-01,589,fashion_bolsas_e_acessorios,76.39
2018-08-02,590,fashion_bolsas_e_acessorios,77.23
2018-08-03,591,fashion_bolsas_e_acessorios,76.93
2018-08-04,592,fashion_bolsas_e_acessorios,77.02
2018-08-05,593,fashion_bolsas_e_acessorios,77.14
2018-08-06,594,fashion_bolsas_e_acessorios,78.37
2018-08-07,595,fashion_bolsas_e_acessorios,78.36
2018-08-08,596,fashion_bolsas_e_acessorios,79.19
2018-08-09,597,fashion_bolsas_e_acessorios,77.77
2018-08-10,598,fashion_bolsas_e_acessorios,77.92
2018-08-11,599,fashion_bolsas_e_acessorios,78.29
2018-08-12,600,fashion_bolsas_e_acessorios,77.21
2018-08-13,601,fashion_bolsas_e_acessorios,77.79
2018-08-14,602,fashion_bolsas_e_acessorios,76.97
2018-08-15,603,fashion_bolsas_e_acessorios,76.32
2018-08-16,604,fashion_bolsas_e_acessorios,75.27
2018-08-17,605,fashion_bolsas_e_acessorios,76.5
2018-08-18,606,fashion_bolsas_e_acessorios,75.99
2018-08-19,607,fashion_bolsas_e_acessorios,76.87
2018-08-20,608,fashion_bolsas_e_acessorios,76.87
2018-08-21,609,fashion_bolsas_e_acessorios,76.35
2018-08-22,610,fashion_bolsas_e_acessorios,76.94
2018-08-23,611,fashion_bolsas_e_acessorios,77.7
2018-08-24,612,fashion_bolsas_e_acessorios,78.21
2018-08-28,616,fashion_bolsas_e_acessorios,78.86
2016-10-03,6,fashion_calcados,5.0
2017-01-20,31,fashion_calcados,46.06
2017-02-12,54,fashion_calcados,59.77
2017-02-13,55,fashion_calcados,62.83
2017-03-04,74,fashion_calcados,70.03
2017-03-07,77,fashion_calcados,72.17
2017-03-10,80,fashion_calcados,70.62
2017-03-16,86,fashion_calcados,70.15
2017-03-20,90,fashion_calcados,70.21
2017-03-21,91,fashion_calcados,72.77
2017-03-24,94,fashion_calcados,72.83
2017-03-25,95,fashion_calcados,71.99
2017-03-29,99,fashion_calcados,69.24
2017-04-01,102,fashion_calcados,63.95
2017-04-03,104,fashion_calcados,63.26
2017-04-04,105,fashion_calcados,62.4
2017-04-07,108,fashion_calcados,62.75
2017-04-11,112,fashion_calcados,65.04
2017-04-13,114,fashion_calcados,65.72
2017-04-15,116,fashion_calcados,64.22
2017-04-18,119,fashion_calcados,65.76
2017-04-19,120,fashion_calcados,66.6
2017-04-22,123,fashion_calcados,66.6
2017-04-23,124,fashion_calcados,67.69
2017-04-24,125,fashion_calcados,66.59
2017-04-28,129,fashion_calcados,66.04
2017-04-29,130,fashion_calcados,67.75
2017-04-30,131,fashion_calcados,69.44
2017-05-03,134,fashion_calcados,60.07
2017-05-04,135,fashion_calcados,60.93
2017-05-05,136,fashion_calcados,60.91
2017-05-06,137,fashion_calcados,60.59
2017-05-10,141,fashion_calcados,61.52
2017-05-11,142,fashion_calcados,60.98
2017-05-14,145,fashion_calcados,62.46
2017-05-15,146,fashion_calcados,63.18
2017-05-16,147,fashion_calcados,63.14
2017-05-17,148,fashion_calcados,60.66
2017-05-18,149,fashion_calcados,60.2
2017-05-20,151,fashion_calcados,58.46
2017-05-22,153,fashion_calcados,57.67
2017-05-25,156,fashion_calcados,60.58
2017-05-26,157,fashion_calcados,60.97
2017-05-28,159,fashion_calcados,61.14
2017-05-29,160,fashion_calcados,63.06
2017-05-30,161,fashion_calcados,61.57
2017-06-02,164,fashion_calcados,45.13
2017-06-03,165,fashion_calcados,47.56
2017-06-07,169,fashion_calcados,47.71
2017-06-10,172,fashion_calcados,48.97
2017-06-11,173,fashion_calcados,48.14
2017-06-14,176,fashion_calcados,47.25
2017-06-15,177,fashion_calcados,47.66
2017-06-18,180,fashion_calcados,46.62
2017-06-20,182,fashion_calcados,44.5
2017-06-21,183,fashion_calcados,45.8
2017-06-24,186,fashion_calcados,47.49
2017-06-26,188,fashion_calcados,44.48
2017-06-27,189,fashion_calcados,45.99
2017-06-29,191,fashion_calcados,47.45
2017-07-01,193,fashion_calcados,33.62
2017-07-07,199,fashion_calcados,33.03
2017-07-08,200,fashion_calcados,32.43
2017-07-11,203,fashion_calcados,32.94
2017-07-12,204,fashion_calcados,32.76
2017-07-16,208,fashion_calcados,33.0
2017-07-18,210,fashion_calcados,34.67
2017-07-19,211,fashion_calcados,37.15
2017-07-21,213,fashion_calcados,36.95
2017-07-22,214,fashion_calcados,36.5
2017-07-25,217,fashion_calcados,35.82
2017-07-26,218,fashion_calcados,36.17
2017-07-28,220,fashion_calcados,37.57
2017-07-31,223,fashion_calcados,37.19
2017-08-04,227,fashion_calcados,27.63
2017-08-05,228,fashion_calcados,30.7
2017-08-06,229,fashion_calcados,30.24
2017-08-07,230,fashion_calcados,30.92
2017-08-09,232,fashion_calcados,30.28
2017-08-13,236,fashion_calcados,31.11
2017-08-15,238,fashion_calcados,31.71
2017-08-16,239,fashion_calcados,32.81
2017-08-18,241,fashion_calcados,32.62
2017-08-19,242,fashion_calcados,34.51
2017-08-21,244,fashion_calcados,35.43
2017-08-22,245,fashion_calcados,32.39
2017-08-29,252,fashion_calcados,31.15
2017-09-06,260,fashion_calcados,25.83
2017-09-11,265,fashion_calcados,24.59
2017-09-12,266,fashion_calcados,23.92
2017-09-13,267,fashion_calcados,22.96
2017-09-14,268,fashion_calcados,23.4
2017-09-16,270,fashion_calcados,22.88
2017-09-18,272,fashion_calcados,22.13
2017-09-20,274,fashion_calcados,19.89
2017-09-25,279,fashion_calcados,20.39
2017-09-26,280,fashion_calcados,21.53
2017-10-04,288,fashion_calcados,26.19
2017-10-13,297,fashion_calcados,26.72
2017-10-14,298,fashion_calcados,25.67
2017-10-15,299,fashion_calcados,28.49
2017-10-16,300,fashion_calcados,26.67
2017-10-18,302,fashion_calcados,26.85
2017-10-19,303,fashion_calcados,27.73
2017-10-21,305,fashion_calcados,29.17
2017-10-22,306,fashion_calcados,30.55
2017-10-28,312,fashion_calcados,28.53
2017-10-30,314,fashion_calcados,25.94
2017-10-31,315,fashion_calcados,26.25
2017-11-02,317,fashion_calcados,40.3
2017-11-03,318,fashion_calcados,41.99
2017-11-12,327,fashion_calcados,45.01
2017-11-13,328,fashion_calcados,44.89
2017-11-14,329,fashion_calcados,42.91
2017-11-20,335,fashion_calcados,40.1
2017-11-21,336,fashion_calcados,38.61
2017-11-23,338,fashion_calcados,39.96
2017-11-24,339,fashion_calcados,43.72
2017-11-25,340,fashion_calcados,45.48
2017-11-26,341,fashion_calcados,43.88
2017-11-29,344,fashion_calcados,40.78
2017-12-01,346,fashion_calcados,52.74
2017-12-06,351,fashion_calcados,53.4
2017-12-12,357,fashion_calcados,56.34
2017-12-13,358,fashion_calcados,59.56
2017-12-15,360,fashion_calcados,59.25
2017-12-19,364,fashion_calcados,60.36
2017-12-20,365,fashion_calcados,59.54
2017-12-29,374,fashion_calcados,57.53
2017-12-30,375,fashion_calcados,56.56
2018-01-08,384,fashion_calcados,73.41
2018-01-20,396,fashion_calcados,74.38
2018-01-21,397,fashion_calcados,76.04
2018-01-23,399,fashion_calcados,75.98
2018-01-29,405,fashion_calcados,75.15
2018-02-05,412,fashion_calcados,87.39
2018-02-06,413,fashion_calcados,86.89
2018-02-07,414,fashion_calcados,85.76
2018-02-13,420,fashion_calcados,86.1
2018-02-19,426,fashion_calcados,87.92
2018-02-22,429,fashion_calcados,88.25
2018-02-25,432,fashion_calcados,89.35
2018-02-28,435,fashion_calcados,89.43
2018-03-04,439,fashion_calcados,92.42
2018-03-05,440,fashion_calcados,95.0
2018-03-06,441,fashion_calcados,94.16
2018-03-11,446,fashion_calcados,93.12
2018-03-15,450,fashion_calcados,92.12
2018-03-16,451,fashion_calcados,92.8
2018-03-18,453,fashion_calcados,91.61
2018-03-19,454,fashion_calcados,91.42
2018-03-25,460,fashion_calcados,91.17
2018-03-26,461,fashion_calcados,88.3
2018-03-31,466,fashion_calcados,88.63
2018-04-01,467,fashion_calcados,82.5
2018-04-02,468,fashion_calcados,81.68
2018-04-06,472,fashion_calcados,81.87
2018-04-07,473,fashion_calcados,83.14
2018-04-11,477,fashion_calcados,85.4
2018-04-13,479,fashion_calcados,86.34
2018-04-16,482,fashion_calcados,86.65
2018-04-20,486,fashion_calcados,84.86
2018-04-28,494,fashion_calcados,87.69
2018-04-29,495,fashion_calcados,89.75
2018-05-02,498,fashion_calcados,77.16
2018-05-03,499,fashion_calcados,78.52
2018-05-07,503,fashion_calcados,80.33
2018-05-09,505,fashion_calcados,82.08
2018-05-18,514,fashion_calcados,79.87
2018-05-19,515,fashion_calcados,79.47
2018-05-30,526,fashion_calcados,78.22
2018-06-01,528,fashion_calcados,65.26
2018-06-02,529,fashion_calcados,65.42
2018-06-03,530,fashion_calcados,63.26
2018-06-05,532,fashion_calcados,66.78
2018-06-10,537,fashion_calcados,66.85
2018-06-11,538,fashion_calcados,65.51
2018-06-13,540,fashion_calcados,65.86
2018-06-18,545,fashion_calcados,67.81
2018-06-19,546,fashion_calcados,69.27
2018-07-12,569,fashion_calcados,53.69
2018-07-20,577,fashion_calcados,53.21
2018-07-21,578,fashion_calcados,52.95
2018-07-22,579,fashion_calcados,54.02
2018-07-30,587,fashion_calcados,51.86
2018-08-07,595,fashion_calcados,42.48
2018-08-13,601,fashion_calcados,42.78
2018-08-21,609,fashion_calcados,44.04
2017-03-04,74,fashion_esporte,64.41
2017-04-02,103,fashion_esporte,60.86
2017-04-12,113,fashion_esporte,61.13
2017-04-13,114,fashion_esporte,61.81
2017-04-21,122,fashion_esporte,59.04
2017-05-08,139,fashion_esporte,41.78
2017-05-10,141,fashion_esporte,42.55
2017-05-22,153,fashion_esporte,44.11
2017-06-04,166,fashion_esporte,28.02
2017-06-05,167,fashion_esporte,33.01
2017-06-09,171,fashion_esporte,33.53
2017-06-13,175,fashion_esporte,33.31
2017-06-17,179,fashion_esporte,33.73
2017-06-29,191,fashion_esporte,36.46
2017-07-17,209,fashion_esporte,18.48
2017-08-18,241,fashion_esporte,5.39
2017-08-30,253,fashion_esporte,8.26
2017-09-26,280,fashion_esporte,5.0
2017-09-28,282,fashion_esporte,6.39
2017-10-10,294,fashion_esporte,11.3
2017-11-15,330,fashion_esporte,25.63
2017-12-11,356,fashion_esporte,50.14
2018-01-03,379,fashion_esporte,72.62
2018-01-11,387,fashion_esporte,72.31
2018-03-18,453,fashion_esporte,95.0
2018-04-05,471,fashion_esporte,91.4
2018-08-19,607,fashion_esporte,17.54
2016-10-05,8,fashion_roupa_feminina,5.0
2017-01-24,35,fashion_roupa_feminina,51.33
2017-01-25,36,fashion_roupa_feminina,53.63
2017-02-10,52,fashion_roupa_feminina,66.08
2017-02-14,56,fashion_roupa_feminina,65.31
2017-02-25,67,fashion_roupa_feminina,66.37
2017-02-26,68,fashion_roupa_feminina,65.64
2017-03-14,84,fashion_roupa_feminina,73.92
2017-04-13,114,fashion_roupa_feminina,70.04
2017-05-07,138,fashion_roupa_feminina,58.24
2017-05-15,146,fashion_roupa_feminina,57.27
2017-05-16,147,fashion_roupa_feminina,58.38
2017-05-19,150,fashion_roupa_feminina,58.45
2017-06-10,172,fashion_roupa_feminina,45.51
2017-06-11,173,fashion_roupa_feminina,46.2
2017-06-14,176,fashion_roupa_feminina,46.24
2017-07-02,194,fashion_roupa_feminina,31.82
2017-07-18,210,fashion_roupa_feminina,32.35
2017-07-26,218,fashion_roupa_feminina,33.89
2017-07-31,223,fashion_roupa_feminina,34.43
2017-08-04,227,fashion_roupa_feminina,22.72
2017-08-10,233,fashion_roupa_feminina,24.17
2017-08-17,240,fashion_roupa_feminina,28.29
2017-09-03,257,fashion_roupa_feminina,21.87
2017-09-17,271,fashion_roupa_feminina,23.01
2017-09-18,272,fashion_roupa_feminina,20.51
2017-11-13,328,fashion_roupa_feminina,34.98
2017-11-26,341,fashion_roupa_feminina,35.01
2017-11-29,344,fashion_roupa_feminina,37.73
2018-01-15,391,fashion_roupa_feminina,74.2
2018-01-22,398,fashion_roupa_feminina,77.25
2018-01-31,407,fashion_roupa_feminina,76.71
2018-02-14,421,fashion_roupa_feminina,87.27
2018-03-21,456,fashion_roupa_feminina,95.0
2018-04-27,493,fashion_roupa_feminina,93.13
2018-08-07,595,fashion_roupa_feminina,36.52
2018-08-22,610,fashion_roupa_feminina,37.83
2017-05-17,148,fashion_roupa_infanto_juvenil,43.75
2017-06-08,170,fashion_roupa_infanto_juvenil,31.61
2017-08-06,229,fashion_roupa_infanto_juvenil,5.0
2017-09-30,284,fashion_roupa_infanto_juvenil,6.07
2017-10-08,292,fashion_roupa_infanto_juvenil,15.26
2018-03-07,442,fashion_roupa_infanto_juvenil,85.39
2018-03-21,456,fashion_roupa_infanto_juvenil,95.0
2018-06-03,530,fashion_roupa_infanto_juvenil,60.43
2016-10-05,8,fashion_roupa_masculina,5.0
2017-01-21,32,fashion_roupa_masculina,49.13
2017-02-02,44,fashion_roupa_masculina,59.89
2017-02-05,47,fashion_roupa_masculina,59.82
2017-02-07,49,fashion_roupa_masculina,58.23
2017-02-10,52,fashion_roupa_masculina,59.59
2017-02-14,56,fashion_roupa_masculina,60.92
2017-02-18,60,fashion_roupa_masculina,61.08
2017-02-25,67,fashion_roupa_masculina,60.84
2017-03-01,71,fashion_roupa_masculina,67.39
2017-03-10,80,fashion_roupa_masculina,68.01
2017-03-18,88,fashion_roupa_masculina,67.7
2017-03-20,90,fashion_roupa_masculina,69.52
2017-03-26,96,fashion_roupa_masculina,71.71
2017-03-27,97,fashion_roupa_masculina,72.07
2017-04-06,107,fashion_roupa_masculina,70.21
2017-04-07,108,fashion_roupa_masculina,67.36
2017-04-20,121,fashion_roupa_masculina,68.74
2017-04-28,129,fashion_roupa_masculina,69.33
2017-05-13,144,fashion_roupa_masculina,56.48
2017-05-19,150,fashion_roupa_masculina,57.0
2017-06-01,163,fashion_roupa_masculina,41.19
2017-06-06,168,fashion_roupa_masculina,41.36
2017-06-09,171,fashion_roupa_masculina,41.62
2017-06-12,174,fashion_roupa_masculina,42.04
2017-06-13,175,fashion_roupa_masculina,41.83
2017-06-14,176,fashion_roupa_masculina,44.76
2017-06-22,184,fashion_roupa_masculina,46.96
2017-07-10,202,fashion_roupa_masculina,30.06
2017-07-11,203,fashion_roupa_masculina,31.19
2017-07-13,205,fashion_roupa_masculina,32.38
2017-07-14,206,fashion_roupa_masculina,34.23
2017-07-20,212,fashion_roupa_masculina,31.61
2017-07-22,214,fashion_roupa_masculina,31.3
2017-07-28,220,fashion_roupa_masculina,34.67
2017-08-01,224,fashion_roupa_masculina,24.55
2017-08-02,225,fashion_roupa_masculina,23.1
2017-08-09,232,fashion_roupa_masculina,21.44
2017-08-14,237,fashion_roupa_masculina,25.56
2017-08-17,240,fashion_roupa_masculina,27.15
2017-08-21,244,fashion_roupa_masculina,27.9
2017-08-22,245,fashion_roupa_masculina,28.76
2017-08-29,252,fashion_roupa_masculina,31.21
2017-09-05,259,fashion_roupa_masculina,26.59
2017-09-10,264,fashion_roupa_masculina,25.07
2017-09-13,267,fashion_roupa_masculina,25.91
2017-09-14,268,fashion_roupa_masculina,29.19
2017-09-16,270,fashion_roupa_masculina,31.42
2017-09-21,275,fashion_roupa_masculina,28.06
2017-09-24,278,fashion_roupa_masculina,27.6
2017-09-25,279,fashion_roupa_masculina,28.04
2017-09-28,282,fashion_roupa_masculina,28.68
2017-10-03,287,fashion_roupa_masculina,33.2
2017-10-10,294,fashion_roupa_masculina,37.15
2017-10-11,295,fashion_roupa_masculina,36.1
2017-10-12,296,fashion_roupa_masculina,34.54
2017-10-15,299,fashion_roupa_masculina,33.39
2017-10-31,315,fashion_roupa_masculina,34.89
2017-11-01,316,fashion_roupa_masculina,47.22
2017-11-03,318,fashion_roupa_masculina,46.99
2017-11-04,319,fashion_roupa_masculina,47.72
2017-11-06,321,fashion_roupa_masculina,47.32
2017-11-17,332,fashion_roupa_masculina,48.0
2017-11-20,335,fashion_roupa_masculina,45.61
2017-11-26,341,fashion_roupa_masculina,47.74
2017-11-27,342,fashion_roupa_masculina,50.53
2017-11-28,343,fashion_roupa_masculina,52.09
2017-12-04,349,fashion_roupa_masculina,65.79
2017-12-06,351,fashion_roupa_masculina,67.44
2017-12-13,358,fashion_roupa_masculina,68.33
2017-12-20,365,fashion_roupa_masculina,67.98
2018-01-04,380,fashion_roupa_masculina,83.87
2018-01-07,383,fashion_roupa_masculina,84.59
2018-01-14,390,fashion_roupa_masculina,85.66
2018-01-27,403,fashion_roupa_masculina,87.44
2018-01-31,407,fashion_roupa_masculina,84.83
2018-02-23,430,fashion_roupa_masculina,95.0
2018-02-25,432,fashion_roupa_masculina,94.18
2018-02-26,433,fashion_roupa_masculina,93.82
2018-04-26,492,fashion_roupa_masculina,94.37
2018-05-11,507,fashion_roupa_masculina,83.6
2018-06-02,529,fashion_roupa_masculina,68.28
2018-06-07,534,fashion_roupa_masculina,66.4
2018-06-21,548,fashion_roupa_masculina,64.22
2018-06-25,552,fashion_roupa_masculina,63.84
2018-06-26,553,fashion_roupa_masculina,62.75
2018-06-29,556,fashion_roupa_masculina,64.45
2018-07-20,577,fashion_roupa_masculina,50.73
2018-07-23,580,fashion_roupa_masculina,52.95
2018-07-26,583,fashion_roupa_masculina,52.59
2018-08-01,589,fashion_roupa_masculina,38.44
2018-08-08,596,fashion_roupa_masculina,39.4
2018-08-17,605,fashion_roupa_masculina,43.44
2017-01-22,33,fashion_underwear_e_moda_praia,36.57
2017-01-30,41,fashion_underwear_e_moda_praia,39.2
2017-02-04,46,fashion_underwear_e_moda_praia,51.54
2017-02-05,47,fashion_underwear_e_moda_praia,50.62
2017-02-07,49,fashion_underwear_e_moda_praia,53.03
2017-02-09,51,fashion_underwear_e_moda_praia,54.27
2017-02-11,53,fashion_underwear_e_moda_praia,55.28
2017-02-15,57,fashion_underwear_e_moda_praia,56.11
2017-03-06,76,fashion_underwear_e_moda_praia,63.01
2017-03-12,82,fashion_underwear_e_moda_praia,67.26
2017-03-13,83,fashion_underwear_e_moda_praia,66.73
2017-03-17,87,fashion_underwear_e_moda_praia,63.88
2017-03-29,99,fashion_underwear_e_moda_praia,65.22
2017-04-06,107,fashion_underwear_e_moda_praia,63.92
2017-04-07,108,fashion_underwear_e_moda_praia,63.18
2017-04-09,110,fashion_underwear_e_moda_praia,60.64
2017-04-10,111,fashion_underwear_e_moda_praia,63.03
2017-05-05,136,fashion_underwear_e_moda_praia,52.24
2017-05-08,139,fashion_underwear_e_moda_praia,50.92
2017-05-17,148,fashion_underwear_e_moda_praia,49.24
2017-05-18,149,fashion_underwear_e_moda_praia,48.5
2017-05-19,150,fashion_underwear_e_moda_praia,51.37
2017-05-27,158,fashion_underwear_e_moda_praia,50.54
2017-06-22,184,fashion_underwear_e_moda_praia,32.38
2017-07-11,203,fashion_underwear_e_moda_praia,15.73
2017-07-20,212,fashion_underwear_e_moda_praia,16.8
2017-07-29,221,fashion_underwear_e_moda_praia,16.99
2017-08-09,232,fashion_underwear_e_moda_praia,5.0
2017-08-10,233,fashion_underwear_e_moda_praia,6.09
2017-08-12,235,fashion_underwear_e_moda_praia,7.3
2017-08-15,238,fashion_underwear_e_moda_praia,9.83
2017-08-16,239,fashion_underwear_e_moda_praia,8.73
2017-08-20,243,fashion_underwear_e_moda_praia,9.22
2017-08-21,244,fashion_underwear_e_moda_praia,9.89
2017-08-25,248,fashion_underwear_e_moda_praia,10.89
2017-08-27,250,fashion_underwear_e_moda_praia,10.68
2017-08-28,251,fashion_underwear_e_moda_praia,9.36
2017-08-31,254,fashion_underwear_e_moda_praia,11.42
2017-09-04,258,fashion_underwear_e_moda_praia,8.59
2017-09-05,259,fashion_underwear_e_moda_praia,6.97
2017-09-11,265,fashion_underwear_e_moda_praia,7.49
2017-09-13,267,fashion_underwear_e_moda_praia,8.49
2017-09-14,268,fashion_underwear_e_moda_praia,9.46
2017-09-15,269,fashion_underwear_e_moda_praia,10.13
2017-09-18,272,fashion_underwear_e_moda_praia,11.31
2017-09-20,274,fashion_underwear_e_moda_praia,12.52
2017-09-21,275,fashion_underwear_e_moda_praia,13.25
2017-09-22,276,fashion_underwear_e_moda_praia,12.38
2017-09-25,279,fashion_underwear_e_moda_praia,11.8
2017-09-28,282,fashion_underwear_e_moda_praia,13.23
2017-10-03,287,fashion_underwear_e_moda_praia,17.74
2017-10-29,313,fashion_underwear_e_moda_praia,17.78
2017-10-30,314,fashion_underwear_e_moda_praia,17.61
2017-11-08,323,fashion_underwear_e_moda_praia,29.38
2017-11-15,330,fashion_underwear_e_moda_praia,27.23
2017-11-16,331,fashion_underwear_e_moda_praia,25.83
2017-11-23,338,fashion_underwear_e_moda_praia,24.46
2017-11-27,342,fashion_underwear_e_moda_praia,22.33
2017-11-28,343,fashion_underwear_e_moda_praia,22.12
2017-11-29,344,fashion_underwear_e_moda_praia,22.41
2017-11-30,345,fashion_underwear_e_moda_praia,21.98
2017-12-03,348,fashion_underwear_e_moda_praia,36.33
2017-12-06,351,fashion_underwear_e_moda_praia,38.62
2017-12-07,352,fashion_underwear_e_moda_praia,41.05
2017-12-10,355,fashion_underwear_e_moda_praia,42.88
2017-12-12,357,fashion_underwear_e_moda_praia,46.88
2017-12-13,358,fashion_underwear_e_moda_praia,47.71
2017-12-15,360,fashion_underwear_e_moda_praia,51.53
2017-12-18,363,fashion_underwear_e_moda_praia,50.84
2017-12-19,364,fashion_underwear_e_moda_praia,51.32
2017-12-28,373,fashion_underwear_e_moda_praia,50.36
2017-12-29,374,fashion_underwear_e_moda_praia,53.68
2017-12-30,375,fashion_underwear_e_moda_praia,52.48
2018-01-05,381,fashion_underwear_e_moda_praia,68.12
2018-01-10,386,fashion_underwear_e_moda_praia,68.77
2018-01-12,388,fashion_underwear_e_moda_praia,66.79
2018-01-14,390,fashion_underwear_e_moda_praia,67.68
2018-01-16,392,fashion_underwear_e_moda_praia,64.88
2018-01-17,393,fashion_underwear_e_moda_praia,67.44
2018-01-29,405,fashion_underwear_e_moda_praia,66.62
2018-02-05,412,fashion_underwear_e_moda_praia,82.08
2018-02-07,414,fashion_underwear_e_moda_praia,83.92
2018-02-08,415,fashion_underwear_e_moda_praia,81.63
2018-02-12,419,fashion_underwear_e_moda_praia,83.57
2018-02-20,427,fashion_underwear_e_moda_praia,85.59
2018-02-22,429,fashion_underwear_e_moda_praia,86.09
2018-02-28,435,fashion_underwear_e_moda_praia,87.82
2018-03-04,439,fashion_underwear_e_moda_praia,94.7
2018-03-05,440,fashion_underwear_e_moda_praia,93.63
2018-03-06,441,fashion_underwear_e_moda_praia,95.0
2018-03-08,443,fashion_underwear_e_moda_praia,92.48
2018-03-22,457,fashion_underwear_e_moda_praia,91.42
2018-04-05,471,fashion_underwear_e_moda_praia,89.95
2018-04-09,475,fashion_underwear_e_moda_praia,89.47
2018-04-12,478,fashion_underwear_e_moda_praia,88.52
2018-04-24,490,fashion_underwear_e_moda_praia,87.53
2018-04-25,491,fashion_underwear_e_moda_praia,86.41
2018-04-26,492,fashion_underwear_e_moda_praia,87.81
2018-05-02,498,fashion_underwear_e_moda_praia,75.9
2018-05-09,505,fashion_underwear_e_moda_praia,76.23
2018-05-11,507,fashion_underwear_e_moda_praia,78.12
2018-05-17,513,fashion_underwear_e_moda_praia,77.21
2018-05-22,518,fashion_underwear_e_moda_praia,78.95
2018-06-01,528,fashion_underwear_e_moda_praia,61.03
2018-06-15,542,fashion_underwear_e_moda_praia,58.56
2018-06-25,552,fashion_underwear_e_moda_praia,59.28
2018-07-04,561,fashion_underwear_e_moda_praia,40.82
2018-07-29,586,fashion_underwear_e_moda_praia,37.9
2018-08-06,594,fashion_underwear_e_moda_praia,24.8
2018-08-09,597,fashion_underwear_e_moda_praia,25.64
2016-10-04,7,ferramentas_jardim,10.37
2016-10-06,9,ferramentas_jardim,9.99
2016-10-07,10,ferramentas_jardim,6.23
2016-10-08,11,ferramentas_jardim,5.0
2016-10-09,12,ferramentas_jardim,5.43
2017-01-05,16,ferramentas_jardim,46.36
2017-01-08,19,ferramentas_jardim,47.3
2017-01-10,21,ferramentas_jardim,47.78
2017-01-11,22,ferramentas_jardim,47.4
2017-01-13,24,ferramentas_jardim,45.61
2017-01-15,26,ferramentas_jardim,43.5
2017-01-17,28,ferramentas_jardim,41.84
2017-01-18,29,ferramentas_jardim,44.74
2017-01-20,31,ferramentas_jardim,43.66
2017-01-22,33,ferramentas_jardim,45.55
2017-01-23,34,ferramentas_jardim,44.64
2017-01-24,35,ferramentas_jardim,45.26
2017-01-25,36,ferramentas_jardim,45.4
2017-01-26,37,ferramentas_jardim,46.22
2017-01-27,38,ferramentas_jardim,47.49
2017-01-28,39,ferramentas_jardim,47.46
2017-01-29,40,ferramentas_jardim,49.74
2017-01-30,41,ferramentas_jardim,50.07
2017-01-31,42,ferramentas_jardim,51.47
2017-02-01,43,ferramentas_jardim,60.34
2017-02-02,44,ferramentas_jardim,63.9
2017-02-04,46,ferramentas_jardim,65.27
2017-02-05,47,ferramentas_jardim,63.92
2017-02-06,48,ferramentas_jardim,64.71
2017-02-07,49,ferramentas_jardim,64.23
2017-02-08,50,ferramentas_jardim,63.48
2017-02-09,51,ferramentas_jardim,61.07
2017-02-10,52,ferramentas_jardim,59.77
2017-02-12,54,ferramentas_jardim,62.05
2017-02-13,55,ferramentas_jardim,62.92
2017-02-14,56,ferramentas_jardim,57.53
2017-02-15,57,ferramentas_jardim,57.88
2017-02-16,58,ferramentas_jardim,60.19
2017-02-17,59,ferramentas_jardim,59.73
2017-02-18,60,ferramentas_jardim,60.96
2017-02-20,62,ferramentas_jardim,60.2
2017-02-21,63,ferramentas_jardim,61.1
2017-02-22,64,ferramentas_jardim,63.3
2017-02-23,65,ferramentas_jardim,61.01
2017-02-24,66,ferramentas_jardim,58.31
2017-02-25,67,ferramentas_jardim,61.09
2017-02-26,68,ferramentas_jardim,59.69
2017-02-27,69,ferramentas_jardim,59.86
2017-02-28,70,ferramentas_jardim,60.33
2017-03-01,71,ferramentas_jardim,63.12
2017-03-02,72,ferramentas_jardim,65.31
2017-03-03,73,ferramentas_jardim,66.02
2017-03-05,75,ferramentas_jardim,63.55
2017-03-06,76,ferramentas_jardim,65.2
2017-03-07,77,ferramentas_jardim,67.57
2017-03-08,78,ferramentas_jardim,67.7
2017-03-09,79,ferramentas_jardim,68.04
2017-03-10,80,ferramentas_jardim,65.54
2017-03-11,81,ferramentas_jardim,64.98
2017-03-12,82,ferramentas_jardim,65.51
2017-03-13,83,ferramentas_jardim,64.17
2017-03-14,84,ferramentas_jardim,65.52
2017-03-15,85,ferramentas_jardim,66.65
2017-03-16,86,ferramentas_jardim,66.37
2017-03-17,87,ferramentas_jardim,66.21
2017-03-18,88,ferramentas_jardim,67.45
2017-03-19,89,ferramentas_jardim,67.75
2017-03-20,90,ferramentas_jardim,69.01
2017-03-21,91,ferramentas_jardim,69.64
2017-03-22,92,ferramentas_jardim,68.62
2017-03-23,93,ferramentas_jardim,69.46
2017-03-24,94,ferramentas_jardim,68.03
2017-03-25,95,ferramentas_jardim,67.28
2017-03-26,96,ferramentas_jardim,67.61
2017-03-27,97,ferramentas_jardim,66.25
2017-03-28,98,ferramentas_jardim,64.64
2017-03-29,99,ferramentas_jardim,65.4
2017-03-30,100,ferramentas_jardim,65.79
2017-03-31,101,ferramentas_jardim,65.8
2017-04-01,102,ferramentas_jardim,63.19
2017-04-02,103,ferramentas_jardim,62.87
2017-04-03,104,ferramentas_jardim,61.27
2017-04-04,105,ferramentas_jardim,61.49
2017-04-05,106,ferramentas_jardim,62.11
2017-04-06,107,ferramentas_jardim,62.83
2017-04-07,108,ferramentas_jardim,63.0
2017-04-08,109,ferramentas_jardim,61.29
2017-04-09,110,ferramentas_jardim,60.88
2017-04-10,111,ferramentas_jardim,60.33
2017-04-11,112,ferramentas_jardim,60.65
2017-04-12,113,ferramentas_jardim,60.72
2017-04-13,114,ferramentas_jardim,63.35
2017-04-14,115,ferramentas_jardim,62.61
2017-04-15,116,ferramentas_jardim,60.46
2017-04-16,117,ferramentas_jardim,61.0
2017-04-17,118,ferramentas_jardim,61.92
2017-04-18,119,ferramentas_jardim,61.69
2017-04-19,120,ferramentas_jardim,62.87
2017-04-20,121,ferramentas_jardim,64.91
2017-04-21,122,ferramentas_jardim,63.3
2017-04-22,123,ferramentas_jardim,62.58
2017-04-23,124,ferramentas_jardim,61.16
2017-04-24,125,ferramentas_jardim,65.35
2017-04-25,126,ferramentas_jardim,65.3
2017-04-26,127,ferramentas_jardim,67.49
2017-04-27,128,ferramentas_jardim,65.61
2017-04-28,129,ferramentas_jardim,65.44
2017-04-29,130,ferramentas_jardim,63.69
2017-04-30,131,ferramentas_jardim,61.46
2017-05-01,132,ferramentas_jardim,51.35
2017-05-02,133,ferramentas_jardim,51.16
2017-05-03,134,ferramentas_jardim,50.89
2017-05-04,135,ferramentas_jardim,49.28
2017-05-05,136,ferramentas_jardim,51.19
2017-05-06,137,ferramentas_jardim,50.42
2017-05-07,138,ferramentas_jardim,52.49
2017-05-08,139,ferramentas_jardim,53.76
2017-05-09,140,ferramentas_jardim,54.02
2017-05-10,141,ferramentas_jardim,53.95
2017-05-11,142,ferramentas_jardim,54.71
2017-05-12,143,ferramentas_jardim,54.24
2017-05-13,144,ferramentas_jardim,54.09
2017-05-14,145,ferramentas_jardim,54.14
2017-05-15,146,ferramentas_jardim,54.95
2017-05-16,147,ferramentas_jardim,54.38
2017-05-17,148,ferramentas_jardim,55.08
2017-05-18,149,ferramentas_jardim,54.76
2017-05-19,150,ferramentas_jardim,53.86
2017-05-20,151,ferramentas_jardim,55.67
2017-05-21,152,ferramentas_jardim,55.96
2017-05-22,153,ferramentas_jardim,57.41
2017-05-23,154,ferramentas_jardim,58.3
2017-05-24,155,ferramentas_jardim,58.14
2017-05-25,156,ferramentas_jardim,54.95
2017-05-26,157,ferramentas_jardim,53.69
2017-05-27,158,ferramentas_jardim,51.36
2017-05-28,159,ferramentas_jardim,51.78
2017-05-29,160,ferramentas_jardim,52.12
2017-05-30,161,ferramentas_jardim,50.71
2017-05-31,162,ferramentas_jardim,49.33
2017-06-01,163,ferramentas_jardim,34.02
2017-06-02,164,ferramentas_jardim,32.68
2017-06-03,165,ferramentas_jardim,31.74
2017-06-04,166,ferramentas_jardim,34.3
2017-06-05,167,ferramentas_jardim,35.38
2017-06-06,168,ferramentas_jardim,38.29
2017-06-07,169,ferramentas_jardim,39.75
2017-06-08,170,ferramentas_jardim,41.9
2017-06-09,171,ferramentas_jardim,42.8
2017-06-10,172,ferramentas_jardim,43.67
2017-06-11,173,ferramentas_jardim,44.87
2017-06-12,174,ferramentas_jardim,46.16
2017-06-13,175,ferramentas_jardim,43.99
2017-06-14,176,ferramentas_jardim,43.2
2017-06-15,177,ferramentas_jardim,41.82
2017-06-16,178,ferramentas_jardim,39.06
2017-06-17,179,ferramentas_jardim,37.61
2017-06-18,180,ferramentas_jardim,36.69
2017-06-19,181,ferramentas_jardim,35.07
2017-06-20,182,ferramentas_jardim,35.28
2017-06-21,183,ferramentas_jardim,35.56
2017-06-22,184,ferramentas_jardim,34.78
2017-06-23,185,ferramentas_jardim,38.38
2017-06-24,186,ferramentas_jardim,36.12
2017-06-25,187,ferramentas_jardim,39.82
2017-06-26,188,ferramentas_jardim,40.49
2017-06-27,189,ferramentas_jardim,40.71
2017-06-28,190,ferramentas_jardim,38.74
2017-06-29,191,ferramentas_jardim,40.31
2017-06-30,192,ferramentas_jardim,40.43
2017-07-01,193,ferramentas_jardim,24.32
2017-07-02,194,ferramentas_jardim,25.0
2017-07-03,195,ferramentas_jardim,22.56
2017-07-04,196,ferramentas_jardim,25.64
2017-07-05,197,ferramentas_jardim,23.34
2017-07-06,198,ferramentas_jardim,25.59
2017-07-07,199,ferramentas_jardim,24.88
2017-07-09,201,ferramentas_jardim,26.57
2017-07-10,202,ferramentas_jardim,27.61
2017-07-11,203,ferramentas_jardim,25.58
2017-07-12,204,ferramentas_jardim,24.36
2017-07-13,205,ferramentas_jardim,26.28
2017-07-14,206,ferramentas_jardim,26.08
2017-07-15,207,ferramentas_jardim,22.82
2017-07-17,209,ferramentas_jardim,24.93
2017-07-18,210,ferramentas_jardim,21.69
2017-07-19,211,ferramentas_jardim,22.54
2017-07-20,212,ferramentas_jardim,23.15
2017-07-21,213,ferramentas_jardim,19.13
2017-07-22,214,ferramentas_jardim,20.71
2017-07-23,215,ferramentas_jardim,22.62
2017-07-24,216,ferramentas_jardim,21.84
2017-07-25,217,ferramentas_jardim,24.22
2017-07-26,218,ferramentas_jardim,25.88
2017-07-27,219,ferramentas_jardim,24.64
2017-07-28,220,ferramentas_jardim,25.48
2017-07-30,222,ferramentas_jardim,23.74
2017-07-31,223,ferramentas_jardim,22.25
2017-08-01,224,ferramentas_jardim,12.85
2017-08-02,225,ferramentas_jardim,14.34
2017-08-03,226,ferramentas_jardim,12.18
2017-08-04,227,ferramentas_jardim,12.14
2017-08-05,228,ferramentas_jardim,10.88
2017-08-06,229,ferramentas_jardim,11.25
2017-08-07,230,ferramentas_jardim,12.04
2017-08-08,231,ferramentas_jardim,12.37
2017-08-09,232,ferramentas_jardim,14.69
2017-08-10,233,ferramentas_jardim,16.25
2017-08-11,234,ferramentas_jardim,17.77
2017-08-12,235,ferramentas_jardim,19.27
2017-08-13,236,ferramentas_jardim,19.4
2017-08-14,237,ferramentas_jardim,20.6
2017-08-15,238,ferramentas_jardim,21.68
2017-08-16,239,ferramentas_jardim,21.31
2017-08-17,240,ferramentas_jardim,21.66
2017-08-18,241,ferramentas_jardim,20.13
2017-08-19,242,ferramentas_jardim,18.91
2017-08-20,243,ferramentas_jardim,17.56
2017-08-21,244,ferramentas_jardim,18.24
2017-08-22,245,ferramentas_jardim,14.46
2017-08-23,246,ferramentas_jardim,16.62
2017-08-24,247,ferramentas_jardim,15.01
2017-08-25,248,ferramentas_jardim,13.78
2017-08-26,249,ferramentas_jardim,14.81
2017-08-27,250,ferramentas_jardim,12.73
2017-08-28,251,ferramentas_jardim,13.63
2017-08-29,252,ferramentas_jardim,17.42
2017-08-30,253,ferramentas_jardim,18.28
2017-08-31,254,ferramentas_jardim,15.38
2017-09-01,255,ferramentas_jardim,11.72
2017-09-02,256,ferramentas_jardim,9.86
2017-09-03,257,ferramentas_jardim,11.05
2017-09-04,258,ferramentas_jardim,12.0
2017-09-05,259,ferramentas_jardim,12.06
2017-09-06,260,ferramentas_jardim,12.0
2017-09-07,261,ferramentas_jardim,12.96
2017-09-08,262,ferramentas_jardim,9.45
2017-09-09,263,ferramentas_jardim,9.95
2017-09-10,264,ferramentas_jardim,13.44
2017-09-11,265,ferramentas_jardim,14.81
2017-09-12,266,ferramentas_jardim,16.85
2017-09-13,267,ferramentas_jardim,16.53
2017-09-14,268,ferramentas_jardim,17.22
2017-09-15,269,ferramentas_jardim,17.14
2017-09-16,270,ferramentas_jardim,18.02
2017-09-17,271,ferramentas_jardim,19.72
2017-09-18,272,ferramentas_jardim,19.44
2017-09-19,273,ferramentas_jardim,18.62
2017-09-20,274,ferramentas_jardim,16.4
2017-09-21,275,ferramentas_jardim,16.28
2017-09-22,276,ferramentas_jardim,13.68
2017-09-24,278,ferramentas_jardim,13.69
2017-09-25,279,ferramentas_jardim,12.63
2017-09-26,280,ferramentas_jardim,13.63
2017-09-27,281,ferramentas_jardim,12.52
2017-09-28,282,ferramentas_jardim,11.01
2017-09-29,283,ferramentas_jardim,13.07
2017-09-30,284,ferramentas_jardim,15.64
2017-10-01,285,ferramentas_jardim,20.27
2017-10-02,286,ferramentas_jardim,20.32
2017-10-03,287,ferramentas_jardim,22.79
2017-10-04,288,ferramentas_jardim,22.74
2017-10-05,289,ferramentas_jardim,22.62
2017-10-06,290,ferramentas_jardim,22.83
2017-10-07,291,ferramentas_jardim,21.52
2017-10-08,292,ferramentas_jardim,21.32
2017-10-09,293,ferramentas_jardim,20.62
2017-10-10,294,ferramentas_jardim,19.63
2017-10-11,295,ferramentas_jardim,21.96
2017-10-12,296,ferramentas_jardim,23.16
2017-10-13,297,ferramentas_jardim,22.56
2017-10-14,298,ferramentas_jardim,23.65
2017-10-15,299,ferramentas_jardim,23.19
2017-10-16,300,ferramentas_jardim,22.85
2017-10-17,301,ferramentas_jardim,27.06
2017-10-18,302,ferramentas_jardim,28.95
2017-10-19,303,ferramentas_jardim,28.62
2017-10-20,304,ferramentas_jardim,27.78
2017-10-21,305,ferramentas_jardim,24.59
2017-10-22,306,ferramentas_jardim,23.65
2017-10-23,307,ferramentas_jardim,22.77
2017-10-24,308,ferramentas_jardim,20.47
2017-10-25,309,ferramentas_jardim,19.98
2017-10-26,310,ferramentas_jardim,18.47
2017-10-27,311,ferramentas_jardim,16.45
2017-10-28,312,ferramentas_jardim,15.45
2017-10-29,313,ferramentas_jardim,14.71
2017-10-30,314,ferramentas_jardim,16.33
2017-10-31,315,ferramentas_jardim,17.87
2017-11-01,316,ferramentas_jardim,27.65
2017-11-02,317,ferramentas_jardim,29.21
2017-11-03,318,ferramentas_jardim,32.36
2017-11-04,319,ferramentas_jardim,34.13
2017-11-05,320,ferramentas_jardim,34.29
2017-11-06,321,ferramentas_jardim,32.65
2017-11-07,322,ferramentas_jardim,32.15
2017-11-08,323,ferramentas_jardim,33.14
2017-11-09,324,ferramentas_jardim,31.56
2017-11-10,325,ferramentas_jardim,29.97
2017-11-11,326,ferramentas_jardim,29.95
2017-11-12,327,ferramentas_jardim,31.38
2017-11-13,328,ferramentas_jardim,30.84
2017-11-14,329,ferramentas_jardim,29.52
2017-11-15,330,ferramentas_jardim,30.73
2017-11-16,331,ferramentas_jardim,31.17
2017-11-17,332,ferramentas_jardim,33.05
2017-11-18,333,ferramentas_jardim,33.11
2017-11-19,334,ferramentas_jardim,34.67
2017-11-20,335,ferramentas_jardim,34.66
2017-11-21,336,ferramentas_jardim,36.43
2017-11-22,337,ferramentas_jardim,34.84
2017-11-23,338,ferramentas_jardim,34.24
2017-11-24,339,ferramentas_jardim,36.31
2017-11-25,340,ferramentas_jardim,35.68
2017-11-26,341,ferramentas_jardim,36.38
2017-11-27,342,ferramentas_jardim,35.73
2017-11-28,343,ferramentas_jardim,35.44
2017-11-29,344,ferramentas_jardim,33.44
2017-11-30,345,ferramentas_jardim,34.39
2017-12-01,346,ferramentas_jardim,47.0
2017-12-02,347,ferramentas_jardim,46.49
2017-12-03,348,ferramentas_jardim,46.82
2017-12-04,349,ferramentas_jardim,46.04
2017-12-05,350,ferramentas_jardim,45.43
2017-12-06,351,ferramentas_jardim,47.06
2017-12-07,352,ferramentas_jardim,45.3
2017-12-08,353,ferramentas_jardim,45.52
2017-12-09,354,ferramentas_jardim,46.35
2017-12-10,355,ferramentas_jardim,48.31
2017-12-11,356,ferramentas_jardim,48.25
2017-12-12,357,ferramentas_jardim,47.92
2017-12-13,358,ferramentas_jardim,44.89
2017-12-14,359,ferramentas_jardim,44.45
2017-12-15,360,ferramentas_jardim,46.46
2017-12-16,361,ferramentas_jardim,45.04
2017-12-17,362,ferramentas_jardim,45.45
2017-12-18,363,ferramentas_jardim,46.38
2017-12-19,364,ferramentas_jardim,47.83
2017-12-20,365,ferramentas_jardim,46.91
2017-12-21,366,ferramentas_jardim,49.5
2017-12-22,367,ferramentas_jardim,49.3
2017-12-23,368,ferramentas_jardim,52.74
2017-12-24,369,ferramentas_jardim,55.49
2017-12-25,370,ferramentas_jardim,54.77
2017-12-26,371,ferramentas_jardim,53.05
2017-12-27,372,ferramentas_jardim,53.05
2017-12-28,373,ferramentas_jardim,52.81
2017-12-29,374,ferramentas_jardim,51.18
2017-12-30,375,ferramentas_jardim,52.76
2017-12-31,376,ferramentas_jardim,52.71
2018-01-01,377,ferramentas_jardim,68.16
2018-01-02,378,ferramentas_jardim,66.7
2018-01-03,379,ferramentas_jardim,63.33
2018-01-04,380,ferramentas_jardim,62.59
2018-01-05,381,ferramentas_jardim,64.36
2018-01-06,382,ferramentas_jardim,66.36
2018-01-07,383,ferramentas_jardim,68.1
2018-01-08,384,ferramentas_jardim,67.02
2018-01-09,385,ferramentas_jardim,63.48
2018-01-10,386,ferramentas_jardim,62.59
2018-01-11,387,ferramentas_jardim,61.73
2018-01-12,388,ferramentas_jardim,61.8
2018-01-13,389,ferramentas_jardim,63.69
2018-01-14,390,ferramentas_jardim,65.63
2018-01-15,391,ferramentas_jardim,66.53
2018-01-16,392,ferramentas_jardim,65.04
2018-01-17,393,ferramentas_jardim,60.49
2018-01-18,394,ferramentas_jardim,62.18
2018-01-19,395,ferramentas_jardim,64.48
2018-01-20,396,ferramentas_jardim,65.52
2018-01-21,397,ferramentas_jardim,66.48
2018-01-22,398,ferramentas_jardim,65.99
2018-01-23,399,ferramentas_jardim,63.54
2018-01-24,400,ferramentas_jardim,59.34
2018-01-25,401,ferramentas_jardim,57.92
2018-01-26,402,ferramentas_jardim,56.42
2018-01-27,403,ferramentas_jardim,59.08
2018-01-28,404,ferramentas_jardim,58.51
2018-01-29,405,ferramentas_jardim,57.88
2018-01-30,406,ferramentas_jardim,56.11
2018-01-31,407,ferramentas_jardim,53.32
2018-02-01,408,ferramentas_jardim,66.53
2018-02-02,409,ferramentas_jardim,67.12
2018-02-03,410,ferramentas_jardim,69.28
2018-02-04,411,ferramentas_jardim,68.94
2018-02-05,412,ferramentas_jardim,71.85
2018-02-06,413,ferramentas_jardim,71.68
2018-02-07,414,ferramentas_jardim,71.39
2018-02-08,415,ferramentas_jardim,71.6
2018-02-09,416,ferramentas_jardim,74.65
2018-02-10,417,ferramentas_jardim,78.25
2018-02-11,418,ferramentas_jardim,76.4
2018-02-12,419,ferramentas_jardim,76.52
2018-02-13,420,ferramentas_jardim,74.9
2018-02-14,421,ferramentas_jardim,76.41
2018-02-15,422,ferramentas_jardim,75.73
2018-02-16,423,ferramentas_jardim,76.86
2018-02-17,424,ferramentas_jardim,75.31
2018-02-18,425,ferramentas_jardim,74.54
2018-02-19,426,ferramentas_jardim,72.05
2018-02-20,427,ferramentas_jardim,72.18
2018-02-21,428,ferramentas_jardim,72.28
2018-02-22,429,ferramentas_jardim,73.25
2018-02-23,430,ferramentas_jardim,75.89
2018-02-24,431,ferramentas_jardim,75.1
2018-02-25,432,ferramentas_jardim,75.84
2018-02-26,433,ferramentas_jardim,75.14
2018-02-27,434,ferramentas_jardim,77.36
2018-02-28,435,ferramentas_jardim,80.47
2018-03-01,436,ferramentas_jardim,86.94
2018-03-02,437,ferramentas_jardim,88.05
2018-03-03,438,ferramentas_jardim,84.87
2018-03-04,439,ferramentas_jardim,86.83
2018-03-05,440,ferramentas_jardim,87.32
2018-03-06,441,ferramentas_jardim,90.64
2018-03-07,442,ferramentas_jardim,91.03
2018-03-08,443,ferramentas_jardim,92.37
2018-03-09,444,ferramentas_jardim,93.77
2018-03-10,445,ferramentas_jardim,93.53
2018-03-11,446,ferramentas_jardim,94.08
2018-03-12,447,ferramentas_jardim,93.32
2018-03-13,448,ferramentas_jardim,95.0
2018-03-14,449,ferramentas_jardim,92.93
2018-03-15,450,ferramentas_jardim,92.53
2018-03-16,451,ferramentas_jardim,90.41
2018-03-17,452,ferramentas_jardim,87.67
2018-03-18,453,ferramentas_jardim,84.11
2018-03-19,454,ferramentas_jardim,82.34
2018-03-20,455,ferramentas_jardim,81.79
2018-03-21,456,ferramentas_jardim,81.37
2018-03-22,457,ferramentas_jardim,82.21
2018-03-23,458,ferramentas_jardim,85.22
2018-03-24,459,ferramentas_jardim,85.52
2018-03-25,460,ferramentas_jardim,83.18
2018-03-26,461,ferramentas_jardim,82.64
2018-03-27,462,ferramentas_jardim,83.8
2018-03-28,463,ferramentas_jardim,85.12
2018-03-29,464,ferramentas_jardim,86.07
2018-03-30,465,ferramentas_jardim,85.71
2018-03-31,466,ferramentas_jardim,84.94
2018-04-01,467,ferramentas_jardim,79.64
2018-04-02,468,ferramentas_jardim,76.36
2018-04-03,469,ferramentas_jardim,75.96
2018-04-04,470,ferramentas_jardim,78.02
2018-04-05,471,ferramentas_jardim,79.95
2018-04-06,472,ferramentas_jardim,79.66
2018-04-07,473,ferramentas_jardim,80.84
2018-04-08,474,ferramentas_jardim,81.16
2018-04-09,475,ferramentas_jardim,80.76
2018-04-10,476,ferramentas_jardim,80.9
2018-04-11,477,ferramentas_jardim,80.52
2018-04-12,478,ferramentas_jardim,82.07
2018-04-13,479,ferramentas_jardim,82.65
2018-04-14,480,ferramentas_jardim,81.93
2018-04-15,481,ferramentas_jardim,81.18
2018-04-16,482,ferramentas_jardim,81.07
2018-04-17,483,ferramentas_jardim,80.8
2018-04-18,484,ferramentas_jardim,80.41
2018-04-19,485,ferramentas_jardim,80.65
2018-04-20,486,ferramentas_jardim,79.14
2018-04-21,487,ferramentas_jardim,79.56
2018-04-22,488,ferramentas_jardim,80.36
2018-04-23,489,ferramentas_jardim,80.65
2018-04-24,490,ferramentas_jardim,81.42
2018-04-25,491,ferramentas_jardim,82.82
2018-04-26,492,ferramentas_jardim,82.55
2018-04-27,493,ferramentas_jardim,82.28
2018-04-28,494,ferramentas_jardim,80.68
2018-04-29,495,ferramentas_jardim,80.9
2018-04-30,496,ferramentas_jardim,80.22
2018-05-01,497,ferramentas_jardim,69.37
2018-05-02,498,ferramentas_jardim,68.89
2018-05-03,499,ferramentas_jardim,69.03
2018-05-04,500,ferramentas_jardim,68.47
2018-05-05,501,ferramentas_jardim,65.93
2018-05-06,502,ferramentas_jardim,68.71
2018-05-07,503,ferramentas_jardim,69.16
2018-05-08,504,ferramentas_jardim,70.35
2018-05-09,505,ferramentas_jardim,69.7
2018-05-10,506,ferramentas_jardim,72.85
2018-05-11,507,ferramentas_jardim,72.95
2018-05-12,508,ferramentas_jardim,72.64
2018-05-13,509,ferramentas_jardim,71.61
2018-05-14,510,ferramentas_jardim,71.67
2018-05-15,511,ferramentas_jardim,71.72
2018-05-16,512,ferramentas_jardim,68.72
2018-05-17,513,ferramentas_jardim,67.19
2018-05-18,514,ferramentas_jardim,66.94
2018-05-19,515,ferramentas_jardim,67.93
2018-05-20,516,ferramentas_jardim,65.71
2018-05-21,517,ferramentas_jardim,65.79
2018-05-22,518,ferramentas_jardim,68.04
2018-05-23,519,ferramentas_jardim,70.32
2018-05-24,520,ferramentas_jardim,70.67
2018-05-25,521,ferramentas_jardim,70.68
2018-05-26,522,ferramentas_jardim,71.2
2018-05-27,523,ferramentas_jardim,73.29
2018-05-28,524,ferramentas_jardim,74.05
2018-05-29,525,ferramentas_jardim,73.0
2018-05-30,526,ferramentas_jardim,72.56
2018-05-31,527,ferramentas_jardim,71.98
2018-06-01,528,ferramentas_jardim,55.98
2018-06-02,529,ferramentas_jardim,53.1
2018-06-03,530,ferramentas_jardim,54.59
2018-06-04,531,ferramentas_jardim,54.75
2018-06-05,532,ferramentas_jardim,55.6
2018-06-06,533,ferramentas_jardim,53.37
2018-06-07,534,ferramentas_jardim,53.64
2018-06-08,535,ferramentas_jardim,53.76
2018-06-09,536,ferramentas_jardim,54.67
2018-06-10,537,ferramentas_jardim,57.24
2018-06-11,538,ferramentas_jardim,57.13
2018-06-12,539,ferramentas_jardim,57.76
2018-06-13,540,ferramentas_jardim,55.9
2018-06-14,541,ferramentas_jardim,57.22
2018-06-15,542,ferramentas_jardim,58.9
2018-06-16,543,ferramentas_jardim,60.77
2018-06-17,544,ferramentas_jardim,61.61
2018-06-18,545,ferramentas_jardim,62.71
2018-06-19,546,ferramentas_jardim,64.41
2018-06-20,547,ferramentas_jardim,60.62
2018-06-21,548,ferramentas_jardim,61.22
2018-06-22,549,ferramentas_jardim,63.27
2018-06-23,550,ferramentas_jardim,62.62
2018-06-24,551,ferramentas_jardim,61.01
2018-06-25,552,ferramentas_jardim,58.64
2018-06-26,553,ferramentas_jardim,57.56
2018-06-27,554,ferramentas_jardim,56.29
2018-06-28,555,ferramentas_jardim,55.93
2018-06-29,556,ferramentas_jardim,55.36
2018-06-30,557,ferramentas_jardim,58.82
2018-07-01,558,ferramentas_jardim,42.2
2018-07-02,559,ferramentas_jardim,40.19
2018-07-03,560,ferramentas_jardim,43.23
2018-07-04,561,ferramentas_jardim,45.0
2018-07-05,562,ferramentas_jardim,46.1
2018-07-06,563,ferramentas_jardim,47.5
2018-07-07,564,ferramentas_jardim,48.06
2018-07-08,565,ferramentas_jardim,48.43
2018-07-09,566,ferramentas_jardim,47.13
2018-07-10,567,ferramentas_jardim,46.27
2018-07-12,569,ferramentas_jardim,45.56
2018-07-13,570,ferramentas_jardim,45.79
2018-07-14,571,ferramentas_jardim,43.6
2018-07-15,572,ferramentas_jardim,42.51
2018-07-16,573,ferramentas_jardim,41.42
2018-07-17,574,ferramentas_jardim,40.34
2018-07-18,575,ferramentas_jardim,38.73
2018-07-19,576,ferramentas_jardim,38.81
2018-07-20,577,ferramentas_jardim,39.14
2018-07-21,578,ferramentas_jardim,36.98
2018-07-22,579,ferramentas_jardim,37.79
2018-07-23,580,ferramentas_jardim,38.99
2018-07-24,581,ferramentas_jardim,39.19
2018-07-25,582,ferramentas_jardim,38.88
2018-07-26,583,ferramentas_jardim,39.89
2018-07-27,584,ferramentas_jardim,40.92
2018-07-28,585,ferramentas_jardim,41.06
2018-07-29,586,ferramentas_jardim,41.12
2018-07-31,588,ferramentas_jardim,40.36
2018-08-01,589,ferramentas_jardim,31.34
2018-08-02,590,ferramentas_jardim,32.29
2018-08-03,591,ferramentas_jardim,31.37
2018-08-04,592,ferramentas_jardim,30.88
2018-08-05,593,ferramentas_jardim,31.4
2018-08-06,594,ferramentas_jardim,33.36
2018-08-07,595,ferramentas_jardim,31.49
2018-08-08,596,ferramentas_jardim,35.06
2018-08-09,597,ferramentas_jardim,34.2
2018-08-10,598,ferramentas_jardim,35.19
2018-08-11,599,ferramentas_jardim,34.04
2018-08-12,600,ferramentas_jardim,33.27
2018-08-13,601,ferramentas_jardim,33.34
2018-08-14,602,ferramentas_jardim,33.37
2018-08-15,603,ferramentas_jardim,33.51
2018-08-16,604,ferramentas_jardim,31.28
2018-08-17,605,ferramentas_jardim,34.94
2018-08-18,606,ferramentas_jardim,31.78
2018-08-19,607,ferramentas_jardim,32.23
2018-08-20,608,ferramentas_jardim,32.52
2018-08-21,609,ferramentas_jardim,32.59
2018-08-22,610,ferramentas_jardim,34.28
2018-08-23,611,ferramentas_jardim,34.45
2018-08-25,613,ferramentas_jardim,32.88
2018-08-27,615,ferramentas_jardim,33.91
2017-11-06,321,flores,5.0
2017-11-07,322,flores,9.67
2017-11-09,324,flores,11.45
2017-11-14,329,flores,13.99
2017-11-15,330,flores,13.14
2017-12-02,347,flores,32.71
2017-12-05,350,flores,31.99
2018-01-05,381,flores,52.75
2018-01-08,384,flores,55.96
2018-01-09,385,flores,54.34
2018-01-12,388,flores,52.45
2018-01-17,393,flores,50.55
2018-01-18,394,flores,49.69
2018-02-03,410,flores,65.9
2018-02-07,414,flores,68.89
2018-02-09,416,flores,70.41
2018-02-18,425,flores,76.15
2018-03-13,448,flores,81.19
2018-03-24,459,flores,83.13
2018-03-29,464,flores,85.19
2018-04-09,475,flores,86.4
2018-04-19,485,flores,89.57
2018-04-30,496,flores,95.0
2018-05-01,497,flores,82.15
2018-06-11,538,flores,61.72
2018-07-18,575,flores,43.82
2018-07-19,576,flores,45.54
2016-10-08,11,fraldas_higiene,5.0
2017-12-06,351,fraldas_higiene,42.1
2018-01-28,404,fraldas_higiene,65.29
2018-02-23,430,fraldas_higiene,85.72
2018-03-19,454,fraldas_higiene,93.69
2018-03-26,461,fraldas_higiene,95.0
2018-04-06,472,fraldas_higiene,89.5
2018-04-11,477,fraldas_higiene,87.57
2018-04-18,484,fraldas_higiene,89.25
2018-04-28,494,fraldas_higiene,88.76
2018-05-07,503,fraldas_higiene,77.19
2018-05-15,511,fraldas_higiene,79.06
2018-05-22,518,fraldas_higiene,78.96
2018-06-01,528,fraldas_higiene,57.96
2018-06-04,531,fraldas_higiene,59.02
2018-06-08,535,fraldas_higiene,63.31
2018-06-13,540,fraldas_higiene,66.76
2018-06-18,545,fraldas_higiene,72.13
2018-06-20,547,fraldas_higiene,73.03
2018-06-25,552,fraldas_higiene,73.39
2018-07-15,572,fraldas_higiene,51.09
2018-07-17,574,fraldas_higiene,51.37
2018-07-26,583,fraldas_higiene,53.3
2018-07-30,587,fraldas_higiene,57.08
2018-08-10,598,fraldas_higiene,42.5
2018-08-16,604,fraldas_higiene,42.15
2018-08-26,614,fraldas_higiene,41.36
2016-10-05,8,industria_comercio_e_negocios,11.14
2016-10-07,10,industria_comercio_e_negocios,13.3
2016-10-08,11,industria_comercio_e_negocios,13.97
2017-02-26,68,industria_comercio_e_negocios,74.49
2017-03-01,71,industria_comercio_e_negocios,81.63
2017-03-04,74,industria_comercio_e_negocios,80.36
2017-05-07,138,industria_comercio_e_negocios,61.29
2017-05-22,153,industria_comercio_e_negocios,64.35
2017-06-04,166,industria_comercio_e_negocios,43.58
2017-06-22,184,industria_comercio_e_negocios,43.82
2017-07-04,196,industria_comercio_e_negocios,24.95
2017-07-14,206,industria_comercio_e_negocios,21.67
2017-08-15,238,industria_comercio_e_negocios,8.43
2017-08-19,242,industria_comercio_e_negocios,11.03
2017-08-21,244,industria_comercio_e_negocios,10.9
2017-09-11,265,industria_comercio_e_negocios,5.0
2017-09-28,282,industria_comercio_e_negocios,5.27
2017-10-06,290,industria_comercio_e_negocios,7.9
2017-10-13,297,industria_comercio_e_negocios,9.95
2017-10-17,301,industria_comercio_e_negocios,10.21
2017-10-30,314,industria_comercio_e_negocios,11.52
2017-11-08,323,industria_comercio_e_negocios,27.06
2017-11-10,325,industria_comercio_e_negocios,29.28
2017-11-11,326,industria_comercio_e_negocios,28.07
2017-11-12,327,industria_comercio_e_negocios,27.75
2017-11-17,332,industria_comercio_e_negocios,31.77
2017-11-29,344,industria_comercio_e_negocios,34.5
2017-11-30,345,industria_comercio_e_negocios,33.93
2017-12-07,352,industria_comercio_e_negocios,52.57
2017-12-12,357,industria_comercio_e_negocios,51.29
2017-12-13,358,industria_comercio_e_negocios,52.54
2017-12-15,360,industria_comercio_e_negocios,50.56
2017-12-18,363,industria_comercio_e_negocios,47.66
2017-12-26,371,industria_comercio_e_negocios,47.69
2017-12-28,373,industria_comercio_e_negocios,47.32
2018-01-02,378,industria_comercio_e_negocios,63.35
2018-01-04,380,industria_comercio_e_negocios,60.02
2018-01-05,381,industria_comercio_e_negocios,61.55
2018-01-11,387,industria_comercio_e_negocios,58.81
2018-01-12,388,industria_comercio_e_negocios,60.29
2018-01-14,390,industria_comercio_e_negocios,61.03
2018-01-17,393,industria_comercio_e_negocios,61.73
2018-01-18,394,industria_comercio_e_negocios,62.59
2018-01-26,402,industria_comercio_e_negocios,64.24
2018-01-28,404,industria_comercio_e_negocios,67.1
2018-02-01,408,industria_comercio_e_negocios,79.65
2018-02-02,409,industria_comercio_e_negocios,80.44
2018-02-04,411,industria_comercio_e_negocios,79.26
2018-02-06,413,industria_comercio_e_negocios,80.3
2018-02-07,414,industria_comercio_e_negocios,79.21
2018-02-09,416,industria_comercio_e_negocios,76.8
2018-02-11,418,industria_comercio_e_negocios,77.63
2018-02-12,419,industria_comercio_e_negocios,77.44
2018-02-13,420,industria_comercio_e_negocios,75.58
2018-02-14,421,industria_comercio_e_negocios,72.21
2018-02-15,422,industria_comercio_e_negocios,73.89
2018-02-16,423,industria_comercio_e_negocios,76.14
2018-02-17,424,industria_comercio_e_negocios,80.72
2018-02-19,426,industria_comercio_e_negocios,83.07
2018-02-21,428,industria_comercio_e_negocios,82.54
2018-02-22,429,industria_comercio_e_negocios,85.31
2018-02-23,430,industria_comercio_e_negocios,85.16
2018-02-24,431,industria_comercio_e_negocios,86.33
2018-02-27,434,industria_comercio_e_negocios,87.82
2018-02-28,435,industria_comercio_e_negocios,85.62
2018-03-04,439,industria_comercio_e_negocios,90.56
2018-03-05,440,industria_comercio_e_negocios,90.18
2018-03-07,442,industria_comercio_e_negocios,88.46
2018-03-08,443,industria_comercio_e_negocios,87.81
2018-03-11,446,industria_comercio_e_negocios,88.74
2018-03-14,449,industria_comercio_e_negocios,86.34
2018-03-18,453,industria_comercio_e_negocios,87.35
2018-03-20,455,industria_comercio_e_negocios,85.47
2018-03-21,456,industria_comercio_e_negocios,85.92
2018-03-23,458,industria_comercio_e_negocios,90.72
2018-03-24,459,industria_comercio_e_negocios,88.47
2018-03-25,460,industria_comercio_e_negocios,88.46
2018-03-26,461,industria_comercio_e_negocios,86.85
2018-03-28,463,industria_comercio_e_negocios,85.79
2018-03-29,464,industria_comercio_e_negocios,86.04
2018-03-30,465,industria_comercio_e_negocios,87.87
2018-03-31,466,industria_comercio_e_negocios,84.72
2018-04-02,468,industria_comercio_e_negocios,82.55
2018-04-04,470,industria_comercio_e_negocios,81.73
2018-04-05,471,industria_comercio_e_negocios,80.87
2018-04-06,472,industria_comercio_e_negocios,79.5
2018-04-07,473,industria_comercio_e_negocios,78.03
2018-04-08,474,industria_comercio_e_negocios,80.77
2018-04-09,475,industria_comercio_e_negocios,82.24
2018-04-10,476,industria_comercio_e_negocios,81.56
2018-04-11,477,industria_comercio_e_negocios,80.65
2018-04-15,481,industria_comercio_e_negocios,83.94
2018-04-16,482,industria_comercio_e_negocios,83.97
2018-04-18,484,industria_comercio_e_negocios,84.74
2018-04-21,487,industria_comercio_e_negocios,86.59
2018-04-23,489,industria_comercio_e_negocios,89.8
2018-04-24,490,industria_comercio_e_negocios,91.62
2018-04-25,491,industria_comercio_e_negocios,90.56
2018-04-26,492,industria_comercio_e_negocios,91.53
2018-04-27,493,industria_comercio_e_negocios,92.6
2018-04-29,495,industria_comercio_e_negocios,94.31
2018-04-30,496,industria_comercio_e_negocios,95.0
2018-05-01,497,industria_comercio_e_negocios,80.26
2018-05-05,501,industria_comercio_e_negocios,79.07
2018-05-07,503,industria_comercio_e_negocios,76.83
2018-05-08,504,industria_comercio_e_negocios,76.99
2018-05-09,505,industria_comercio_e_negocios,74.49
2018-05-11,507,industria_comercio_e_negocios,75.09
2018-05-12,508,industria_comercio_e_negocios,74.84
2018-05-13,509,industria_comercio_e_negocios,76.11
2018-05-14,510,industria_comercio_e_negocios,75.09
2018-05-15,511,industria_comercio_e_negocios,72.26
2018-05-17,513,industria_comercio_e_negocios,72.49
2018-05-18,514,industria_comercio_e_negocios,72.5
2018-05-19,515,industria_comercio_e_negocios,72.87
2018-05-20,516,industria_comercio_e_negocios,71.47
2018-05-22,518,industria_comercio_e_negocios,72.16
2018-05-24,520,industria_comercio_e_negocios,73.74
2018-05-25,521,industria_comercio_e_negocios,71.64
2018-05-30,526,industria_comercio_e_negocios,72.03
2018-05-31,527,industria_comercio_e_negocios,73.51
2018-06-02,529,industria_comercio_e_negocios,58.94
2018-06-03,530,industria_comercio_e_negocios,59.44
2018-06-05,532,industria_comercio_e_negocios,61.61
2018-06-06,533,industria_comercio_e_negocios,60.77
2018-06-09,536,industria_comercio_e_negocios,62.37
2018-06-11,538,industria_comercio_e_negocios,63.96
2018-06-12,539,industria_comercio_e_negocios,61.61
2018-06-13,540,industria_comercio_e_negocios,61.89
2018-06-18,545,industria_comercio_e_negocios,56.97
2018-06-20,547,industria_comercio_e_negocios,54.16
2018-06-24,551,industria_comercio_e_negocios,54.59
2018-06-25,552,industria_comercio_e_negocios,55.12
2018-06-27,554,industria_comercio_e_negocios,54.59
2018-06-28,555,industria_comercio_e_negocios,57.3
2018-06-30,557,industria_comercio_e_negocios,58.63
2018-07-04,561,industria_comercio_e_negocios,42.95
2018-07-05,562,industria_comercio_e_negocios,42.35
2018-07-06,563,industria_comercio_e_negocios,41.54
2018-07-10,567,industria_comercio_e_negocios,48.1
2018-07-15,572,industria_comercio_e_negocios,52.63
2018-07-16,573,industria_comercio_e_negocios,51.55
2018-07-18,575,industria_comercio_e_negocios,50.55
2018-07-19,576,industria_comercio_e_negocios,52.19
2018-07-20,577,industria_comercio_e_negocios,51.33
2018-07-22,579,industria_comercio_e_negocios,48.93
2018-07-31,588,industria_comercio_e_negocios,48.5
2018-08-06,594,industria_comercio_e_negocios,37.43
2018-08-08,596,industria_comercio_e_negocios,38.58
2018-08-16,604,industria_comercio_e_negocios,35.17
2018-08-20,608,industria_comercio_e_negocios,33.18
2018-08-21,609,industria_comercio_e_negocios,33.75
2018-08-26,614,industria_comercio_e_negocios,35.93
2016-10-04,7,informatica_acessorios,76.36
2016-10-05,8,informatica_acessorios,76.94
2016-10-06,9,informatica_acessorios,76.08
2016-10-07,10,informatica_acessorios,77.61
2016-10-08,11,informatica_acessorios,24.47
2016-10-09,12,informatica_acessorios,24.01
2016-10-10,13,informatica_acessorios,23.93
2017-01-12,23,informatica_acessorios,24.01
2017-01-18,29,informatica_acessorios,24.92
2017-01-19,30,informatica_acessorios,23.58
2017-01-21,32,informatica_acessorios,24.19
2017-01-23,34,informatica_acessorios,24.05
2017-01-24,35,informatica_acessorios,24.87
2017-01-25,36,informatica_acessorios,25.39
2017-01-26,37,informatica_acessorios,24.87
2017-01-27,38,informatica_acessorios,24.72
2017-01-29,40,informatica_acessorios,10.71
2017-01-30,41,informatica_acessorios,11.53
2017-01-31,42,informatica_acessorios,11.14
2017-02-01,43,informatica_acessorios,12.27
2017-02-02,44,informatica_acessorios,11.19
2017-02-03,45,informatica_acessorios,11.22
2017-02-04,46,informatica_acessorios,12.05
2017-02-06,48,informatica_acessorios,12.12
2017-02-07,49,informatica_acessorios,12.79
2017-02-08,50,informatica_acessorios,13.44
2017-02-09,51,informatica_acessorios,13.79
2017-02-10,52,informatica_acessorios,13.42
2017-02-11,53,informatica_acessorios,13.98
2017-02-12,54,informatica_acessorios,14.32
2017-02-13,55,informatica_acessorios,14.56
2017-02-14,56,informatica_acessorios,14.66
2017-02-15,57,informatica_acessorios,13.72
2017-02-16,58,informatica_acessorios,12.85
2017-02-17,59,informatica_acessorios,12.79
2017-02-18,60,informatica_acessorios,12.46
2017-02-19,61,informatica_acessorios,11.44
2017-02-20,62,informatica_acessorios,11.63
2017-02-21,63,informatica_acessorios,9.85
2017-02-22,64,informatica_acessorios,10.63
2017-02-23,65,informatica_acessorios,11.41
2017-02-24,66,informatica_acessorios,11.02
2017-02-25,67,informatica_acessorios,11.23
2017-02-26,68,informatica_acessorios,6.61
2017-02-27,69,informatica_acessorios,6.48
2017-02-28,70,informatica_acessorios,6.63
2017-03-01,71,informatica_acessorios,7.37
2017-03-02,72,informatica_acessorios,6.95
2017-03-03,73,informatica_acessorios,8.36
2017-03-04,74,informatica_acessorios,6.5
2017-03-05,75,informatica_acessorios,5.84
2017-03-06,76,informatica_acessorios,6.07
2017-03-07,77,informatica_acessorios,6.15
2017-03-08,78,informatica_acessorios,5.93
2017-03-09,79,informatica_acessorios,6.77
2017-03-10,80,informatica_acessorios,6.54
2017-03-11,81,informatica_acessorios,6.74
2017-03-12,82,informatica_acessorios,7.41
2017-03-13,83,informatica_acessorios,7.32
2017-03-14,84,informatica_acessorios,8.06
2017-03-15,85,informatica_acessorios,8.02
2017-03-16,86,informatica_acessorios,8.55
2017-03-17,87,informatica_acessorios,8.4
2017-03-18,88,informatica_acessorios,9.12
2017-03-19,89,informatica_acessorios,8.57
2017-03-20,90,informatica_acessorios,8.36
2017-03-21,91,informatica_acessorios,8.6
2017-03-22,92,informatica_acessorios,7.87
2017-03-23,93,informatica_acessorios,8.23
2017-03-24,94,informatica_acessorios,6.88
2017-03-25,95,informatica_acessorios,6.95
2017-03-26,96,informatica_acessorios,6.18
2017-03-27,97,informatica_acessorios,5.83
2017-03-28,98,informatica_acessorios,5.0
2017-03-29,99,informatica_acessorios,10.03
2017-03-30,100,informatica_acessorios,10.43
2017-03-31,101,informatica_acessorios,9.5
2017-04-01,102,informatica_acessorios,9.82
2017-04-02,103,informatica_acessorios,10.2
2017-04-03,104,informatica_acessorios,11.63
2017-04-04,105,informatica_acessorios,12.03
2017-04-05,106,informatica_acessorios,12.79
2017-04-06,107,informatica_acessorios,13.89
2017-04-07,108,informatica_acessorios,15.05
2017-04-08,109,informatica_acessorios,15.11
2017-04-09,110,informatica_acessorios,14.82
2017-04-10,111,informatica_acessorios,15.85
2017-04-11,112,informatica_acessorios,16.06
2017-04-12,113,informatica_acessorios,15.81
2017-04-13,114,informatica_acessorios,16.59
2017-04-14,115,informatica_acessorios,16.25
2017-04-15,116,informatica_acessorios,15.96
2017-04-16,117,informatica_acessorios,14.95
2017-04-17,118,informatica_acessorios,15.1
2017-04-18,119,informatica_acessorios,15.2
2017-04-19,120,informatica_acessorios,15.42
2017-04-20,121,informatica_acessorios,14.92
2017-04-21,122,informatica_acessorios,14.31
2017-04-22,123,informatica_acessorios,13.63
2017-04-23,124,informatica_acessorios,12.53
2017-04-24,125,informatica_acessorios,11.91
2017-04-25,126,informatica_acessorios,11.37
2017-04-26,127,informatica_acessorios,12.77
2017-04-27,128,informatica_acessorios,12.14
2017-04-28,129,informatica_acessorios,27.02
2017-04-29,130,informatica_acessorios,27.75
2017-04-30,131,informatica_acessorios,28.79
2017-05-01,132,informatica_acessorios,28.29
2017-05-02,133,informatica_acessorios,28.08
2017-05-03,134,informatica_acessorios,27.98
2017-05-04,135,informatica_acessorios,28.42
2017-05-05,136,informatica_acessorios,28.68
2017-05-06,137,informatica_acessorios,27.58
2017-05-07,138,informatica_acessorios,27.37
2017-05-08,139,informatica_acessorios,26.98
2017-05-09,140,informatica_acessorios,26.12
2017-05-10,141,informatica_acessorios,24.27
2017-05-11,142,informatica_acessorios,24.66
2017-05-12,143,informatica_acessorios,25.0
2017-05-13,144,informatica_acessorios,25.29
2017-05-14,145,informatica_acessorios,25.01
2017-05-15,146,informatica_acessorios,24.94
2017-05-16,147,informatica_acessorios,24.65
2017-05-17,148,informatica_acessorios,24.51
2017-05-18,149,informatica_acessorios,24.02
2017-05-19,150,informatica_acessorios,23.99
2017-05-20,151,informatica_acessorios,24.42
2017-05-21,152,informatica_acessorios,24.84
2017-05-22,153,informatica_acessorios,24.72
2017-05-23,154,informatica_acessorios,25.28
2017-05-24,155,informatica_acessorios,26.03
2017-05-25,156,informatica_acessorios,26.25
2017-05-26,157,informatica_acessorios,26.43
2017-05-27,158,informatica_acessorios,26.7
2017-05-28,159,informatica_acessorios,27.55
2017-05-29,160,informatica_acessorios,47.53
2017-05-30,161,informatica_acessorios,48.92
2017-05-31,162,informatica_acessorios,49.23
2017-06-01,163,informatica_acessorios,50.09
2017-06-02,164,informatica_acessorios,49.75
2017-06-03,165,informatica_acessorios,49.91
2017-06-04,166,informatica_acessorios,49.59
2017-06-05,167,informatica_acessorios,49.78
2017-06-06,168,informatica_acessorios,49.79
2017-06-07,169,informatica_acessorios,49.65
2017-06-08,170,informatica_acessorios,49.85
2017-06-09,171,informatica_acessorios,49.64
2017-06-10,172,informatica_acessorios,48.79
2017-06-11,173,informatica_acessorios,47.93
2017-06-12,174,informatica_acessorios,48.0
2017-06-13,175,informatica_acessorios,47.37
2017-06-14,176,informatica_acessorios,49.35
2017-06-15,177,informatica_acessorios,49.83
2017-06-16,178,informatica_acessorios,49.66
2017-06-17,179,informatica_acessorios,49.28
2017-06-18,180,informatica_acessorios,48.85
2017-06-19,181,informatica_acessorios,48.37
2017-06-20,182,informatica_acessorios,49.12
2017-06-21,183,informatica_acessorios,49.39
2017-06-22,184,informatica_acessorios,49.18
2017-06-23,185,informatica_acessorios,50.17
2017-06-24,186,informatica_acessorios,49.27
2017-06-25,187,informatica_acessorios,49.17
2017-06-26,188,informatica_acessorios,48.6
2017-06-27,189,informatica_acessorios,49.12
2017-06-28,190,informatica_acessorios,69.59
2017-06-29,191,informatica_acessorios,70.24
2017-06-30,192,informatica_acessorios,70.56
2017-07-01,193,informatica_acessorios,71.47
2017-07-02,194,informatica_acessorios,71.65
2017-07-03,195,informatica_acessorios,71.34
2017-07-04,196,informatica_acessorios,70.4
2017-07-05,197,informatica_acessorios,70.44
2017-07-06,198,informatica_acessorios,71.72
2017-07-07,199,informatica_acessorios,71.22
2017-07-08,200,informatica_acessorios,70.11
2017-07-09,201,informatica_acessorios,69.54
2017-07-10,202,informatica_acessorios,69.12
2017-07-11,203,informatica_acessorios,68.79
2017-07-12,204,informatica_acessorios,68.58
2017-07-13,205,informatica_acessorios,69.11
2017-07-14,206,informatica_acessorios,68.85
2017-07-15,207,informatica_acessorios,69.33
2017-07-16,208,informatica_acessorios,68.38
2017-07-17,209,informatica_acessorios,67.84
2017-07-18,210,informatica_acessorios,68.38
2017-07-19,211,informatica_acessorios,68.24
2017-07-20,212,informatica_acessorios,67.85
2017-07-21,213,informatica_acessorios,66.79
2017-07-22,214,informatica_acessorios,67.02
2017-07-23,215,informatica_acessorios,66.7
2017-07-24,216,informatica_acessorios,67.61
2017-07-25,217,informatica_acessorios,67.07
2017-07-26,218,informatica_acessorios,67.68
2017-07-27,219,informatica_acessorios,68.53
2017-07-28,220,informatica_acessorios,67.78
2017-07-29,221,informatica_acessorios,81.53
2017-07-30,222,informatica_acessorios,81.98
2017-07-31,223,informatica_acessorios,82.72
2017-08-01,224,informatica_acessorios,83.15
2017-08-02,225,informatica_acessorios,83.07
2017-08-03,226,informatica_acessorios,83.11
2017-08-04,227,informatica_acessorios,82.97
2017-08-05,228,informatica_acessorios,82.13
2017-08-06,229,informatica_acessorios,82.36
2017-08-07,230,informatica_acessorios,83.3
2017-08-08,231,informatica_acessorios,82.88
2017-08-09,232,informatica_acessorios,82.61
2017-08-10,233,informatica_acessorios,82.39
2017-08-11,234,informatica_acessorios,82.07
2017-08-12,235,informatica_acessorios,81.37
2017-08-13,236,informatica_acessorios,81.09
2017-08-14,237,informatica_acessorios,81.15
2017-08-15,238,informatica_acessorios,81.75
2017-08-16,239,informatica_acessorios,81.25
2017-08-17,240,informatica_acessorios,80.73
2017-08-18,241,informatica_acessorios,81.37
2017-08-19,242,informatica_acessorios,81.96
2017-08-20,243,informatica_acessorios,82.58
2017-08-21,244,informatica_acessorios,82.19
2017-08-22,245,informatica_acessorios,83.3
2017-08-23,246,informatica_acessorios,83.2
2017-08-24,247,informatica_acessorios,84.04
2017-08-25,248,informatica_acessorios,83.84
2017-08-26,249,informatica_acessorios,83.25
2017-08-27,250,informatica_acessorios,83.77
2017-08-28,251,informatica_acessorios,84.41
2017-08-29,252,informatica_acessorios,89.5
2017-08-30,253,informatica_acessorios,88.96
2017-08-31,254,informatica_acessorios,89.33
2017-09-01,255,informatica_acessorios,88.41
2017-09-02,256,informatica_acessorios,88.44
2017-09-03,257,informatica_acessorios,88.14
2017-09-04,258,informatica_acessorios,88.56
2017-09-05,259,informatica_acessorios,89.82
2017-09-06,260,informatica_acessorios,89.54
2017-09-07,261,informatica_acessorios,89.3
2017-09-08,262,informatica_acessorios,88.77
2017-09-09,263,informatica_acessorios,88.92
2017-09-10,264,informatica_acessorios,87.41
2017-09-11,265,informatica_acessorios,87.4
2017-09-12,266,informatica_acessorios,87.53
2017-09-13,267,informatica_acessorios,87.42
2017-09-14,268,informatica_acessorios,87.24
2017-09-15,269,informatica_acessorios,87.14
2017-09-16,270,informatica_acessorios,86.26
2017-09-17,271,informatica_acessorios,86.42
2017-09-18,272,informatica_acessorios,86.2
2017-09-19,273,informatica_acessorios,85.83
2017-09-20,274,informatica_acessorios,87.32
2017-09-21,275,informatica_acessorios,88.22
2017-09-22,276,informatica_acessorios,88.46
2017-09-23,277,informatica_acessorios,88.23
2017-09-24,278,informatica_acessorios,88.38
2017-09-25,279,informatica_acessorios,87.91
2017-09-26,280,informatica_acessorios,88.7
2017-09-27,281,informatica_acessorios,88.95
2017-09-28,282,informatica_acessorios,83.89
2017-09-29,283,informatica_acessorios,84.76
2017-09-30,284,informatica_acessorios,84.69
2017-10-01,285,informatica_acessorios,84.51
2017-10-02,286,informatica_acessorios,84.81
2017-10-03,287,informatica_acessorios,84.05
2017-10-04,288,informatica_acessorios,83.81
2017-10-05,289,informatica_acessorios,83.77
2017-10-06,290,informatica_acessorios,83.2
2017-10-07,291,informatica_acessorios,82.55
2017-10-08,292,informatica_acessorios,84.36
2017-10-09,293,informatica_acessorios,84.4
2017-10-10,294,informatica_acessorios,85.5
2017-10-11,295,informatica_acessorios,85.53
2017-10-12,296,informatica_acessorios,84.76
2017-10-13,297,informatica_acessorios,85.39
2017-10-14,298,informatica_acessorios,85.96
2017-10-15,299,informatica_acessorios,86.59
2017-10-16,300,informatica_acessorios,87.2
2017-10-17,301,informatica_acessorios,87.0
2017-10-18,302,informatica_acessorios,87.42
2017-10-19,303,informatica_acessorios,87.1
2017-10-20,304,informatica_acessorios,86.07
2017-10-21,305,informatica_acessorios,85.77
2017-10-22,306,informatica_acessorios,86.03
2017-10-23,307,informatica_acessorios,86.29
2017-10-24,308,informatica_acessorios,86.64
2017-10-25,309,informatica_acessorios,86.41
2017-10-26,310,informatica_acessorios,86.16
2017-10-27,311,informatica_acessorios,86.81
2017-10-28,312,informatica_acessorios,85.09
2017-10-29,313,informatica_acessorios,71.58
2017-10-30,314,informatica_acessorios,72.3
2017-10-31,315,informatica_acessorios,72.33
2017-11-01,316,informatica_acessorios,71.87
2017-11-02,317,informatica_acessorios,71.26
2017-11-03,318,informatica_acessorios,70.7
2017-11-04,319,informatica_acessorios,70.94
2017-11-05,320,informatica_acessorios,71.33
2017-11-06,321,informatica_acessorios,71.21
2017-11-07,322,informatica_acessorios,71.18
2017-11-08,323,informatica_acessorios,70.53
2017-11-09,324,informatica_acessorios,68.89
2017-11-10,325,informatica_acessorios,68.35
2017-11-11,326,informatica_acessorios,68.68
2017-11-12,327,informatica_acessorios,69.85
2017-11-13,328,informatica_acessorios,69.49
2017-11-14,329,informatica_acessorios,69.44
2017-11-15,330,informatica_acessorios,69.75
2017-11-16,331,informatica_acessorios,70.6
2017-11-17,332,informatica_acessorios,71.5
2017-11-18,333,informatica_acessorios,71.51
2017-11-19,334,informatica_acessorios,72.43
2017-11-20,335,informatica_acessorios,72.66
2017-11-21,336,informatica_acessorios,72.87
2017-11-22,337,informatica_acessorios,72.12
2017-11-23,338,informatica_acessorios,72.79
2017-11-24,339,informatica_acessorios,72.93
2017-11-25,340,informatica_acessorios,73.13
2017-11-26,341,informatica_acessorios,73.13
2017-11-27,342,informatica_acessorios,73.44
2017-11-28,343,informatica_acessorios,54.06
2017-11-29,344,informatica_acessorios,54.83
2017-11-30,345,informatica_acessorios,55.0
2017-12-01,346,informatica_acessorios,55.69
2017-12-02,347,informatica_acessorios,56.42
2017-12-03,348,informatica_acessorios,56.66
2017-12-04,349,informatica_acessorios,56.53
2017-12-05,350,informatica_acessorios,55.97
2017-12-06,351,informatica_acessorios,54.75
2017-12-07,352,informatica_acessorios,53.89
2017-12-08,353,informatica_acessorios,54.57
2017-12-09,354,informatica_acessorios,53.94
2017-12-10,355,informatica_acessorios,54.5
2017-12-11,356,informatica_acessorios,54.37
2017-12-12,357,informatica_acessorios,53.76
2017-12-13,358,informatica_acessorios,53.93
2017-12-14,359,informatica_acessorios,52.56
2017-12-15,360,informatica_acessorios,52.32
2017-12-16,361,informatica_acessorios,52.57
2017-12-17,362,informatica_acessorios,52.23
2017-12-18,363,informatica_acessorios,51.7
2017-12-19,364,informatica_acessorios,52.01
2017-12-20,365,informatica_acessorios,51.85
2017-12-21,366,informatica_acessorios,51.76
2017-12-22,367,informatica_acessorios,51.48
2017-12-23,368,informatica_acessorios,50.32
2017-12-24,369,informatica_acessorios,51.89
2017-12-25,370,informatica_acessorios,52.19
2017-12-26,371,informatica_acessorios,51.91
2017-12-27,372,informatica_acessorios,52.78
2017-12-28,373,informatica_acessorios,53.3
2017-12-29,374,informatica_acessorios,34.43
2017-12-30,375,informatica_acessorios,34.36
2017-12-31,376,informatica_acessorios,34.4
2018-01-01,377,informatica_acessorios,35.51
2018-01-02,378,informatica_acessorios,35.81
2018-01-03,379,informatica_acessorios,36.17
2018-01-04,380,informatica_acessorios,36.62
2018-01-05,381,informatica_acessorios,37.8
2018-01-06,382,informatica_acessorios,37.46
2018-01-07,383,informatica_acessorios,37.44
2018-01-08,384,informatica_acessorios,36.85
2018-01-09,385,informatica_acessorios,36.09
2018-01-10,386,informatica_acessorios,36.5
2018-01-11,387,informatica_acessorios,35.45
2018-01-12,388,informatica_acessorios,36.36
2018-01-13,389,informatica_acessorios,35.82
2018-01-14,390,informatica_acessorios,36.27
2018-01-15,391,informatica_acessorios,36.4
2018-01-16,392,informatica_acessorios,36.54
2018-01-17,393,informatica_acessorios,36.2
2018-01-18,394,informatica_acessorios,36.32
2018-01-19,395,informatica_acessorios,36.1
2018-01-20,396,informatica_acessorios,35.5
2018-01-21,397,informatica_acessorios,35.45
2018-01-22,398,informatica_acessorios,34.97
2018-01-23,399,informatica_acessorios,34.5
2018-01-24,400,informatica_acessorios,33.42
2018-01-25,401,informatica_acessorios,33.67
2018-01-26,402,informatica_acessorios,33.99
2018-01-27,403,informatica_acessorios,33.78
2018-01-28,404,informatica_acessorios,33.7
2018-01-29,405,informatica_acessorios,20.28
2018-01-30,406,informatica_acessorios,20.52
2018-01-31,407,informatica_acessorios,20.75
2018-02-01,408,informatica_acessorios,21.16
2018-02-02,409,informatica_acessorios,21.6
2018-02-03,410,informatica_acessorios,21.99
2018-02-04,411,informatica_acessorios,21.27
2018-02-05,412,informatica_acessorios,20.52
2018-02-06,413,informatica_acessorios,20.71
2018-02-07,414,informatica_acessorios,20.4
2018-02-08,415,informatica_acessorios,20.76
2018-02-09,416,informatica_acessorios,21.09
2018-02-10,417,informatica_acessorios,21.09
2018-02-11,418,informatica_acessorios,20.59
2018-02-12,419,informatica_acessorios,20.95
2018-02-13,420,informatica_acessorios,20.97
2018-02-14,421,informatica_acessorios,21.2
2018-02-15,422,informatica_acessorios,21.77
2018-02-16,423,informatica_acessorios,22.15
2018-02-17,424,informatica_acessorios,22.14
2018-02-18,425,informatica_acessorios,21.51
2018-02-19,426,informatica_acessorios,20.82
2018-02-20,427,informatica_acessorios,20.73
2018-02-21,428,informatica_acessorios,21.08
2018-02-22,429,informatica_acessorios,20.35
2018-02-23,430,informatica_acessorios,21.67
2018-02-24,431,informatica_acessorios,22.09
2018-02-25,432,informatica_acessorios,21.86
2018-02-26,433,informatica_acessorios,16.56
2018-02-27,434,informatica_acessorios,16.11
2018-02-28,435,informatica_acessorios,17.75
2018-03-01,436,informatica_acessorios,17.65
2018-03-02,437,informatica_acessorios,18.07
2018-03-03,438,informatica_acessorios,16.96
2018-03-04,439,informatica_acessorios,17.76
2018-03-05,440,informatica_acessorios,16.18
2018-03-06,441,informatica_acessorios,15.65
2018-03-07,442,informatica_acessorios,15.41
2018-03-08,443,informatica_acessorios,14.53
2018-03-09,444,informatica_acessorios,14.95
2018-03-10,445,informatica_acessorios,13.9
2018-03-11,446,informatica_acessorios,13.6
2018-03-12,447,informatica_acessorios,13.33
2018-03-13,448,informatica_acessorios,14.54
2018-03-14,449,informatica_acessorios,15.55
2018-03-15,450,informatica_acessorios,16.32
2018-03-16,451,informatica_acessorios,15.87
2018-03-17,452,informatica_acessorios,15.98
2018-03-18,453,informatica_acessorios,16.52
2018-03-19,454,informatica_acessorios,16.76
2018-03-20,455,informatica_acessorios,17.11
2018-03-21,456,informatica_acessorios,17.83
2018-03-22,457,informatica_acessorios,18.64
2018-03-23,458,informatica_acessorios,18.2
2018-03-24,459,informatica_acessorios,17.63
2018-03-25,460,informatica_acessorios,17.36
2018-03-26,461,informatica_acessorios,17.36
2018-03-27,462,informatica_acessorios,18.58
2018-03-28,463,informatica_acessorios,17.73
2018-03-29,464,informatica_acessorios,22.8
2018-03-30,465,informatica_acessorios,22.11
2018-03-31,466,informatica_acessorios,23.21
2018-04-01,467,informatica_acessorios,23.66
2018-04-02,468,informatica_acessorios,24.53
2018-04-03,469,informatica_acessorios,23.78
2018-04-04,470,informatica_acessorios,25.02
2018-04-05,471,informatica_acessorios,25.67
2018-04-06,472,informatica_acessorios,25.14
2018-04-07,473,informatica_acessorios,26.1
2018-04-08,474,informatica_acessorios,26.45
2018-04-09,475,informatica_acessorios,26.65
2018-04-10,476,informatica_acessorios,25.41
2018-04-11,477,informatica_acessorios,24.87
2018-04-12,478,informatica_acessorios,24.37
2018-04-13,479,informatica_acessorios,24.54
2018-04-14,480,informatica_acessorios,24.14
2018-04-15,481,informatica_acessorios,22.6
2018-04-16,482,informatica_acessorios,22.41
2018-04-17,483,informatica_acessorios,22.69
2018-04-18,484,informatica_acessorios,23.27
2018-04-19,485,informatica_acessorios,23.39
2018-04-20,486,informatica_acessorios,23.61
2018-04-21,487,informatica_acessorios,23.81
2018-04-22,488,informatica_acessorios,24.36
2018-04-23,489,informatica_acessorios,24.26
2018-04-24,490,informatica_acessorios,23.71
2018-04-25,491,informatica_acessorios,25.91
2018-04-26,492,informatica_acessorios,24.7
2018-04-27,493,informatica_acessorios,24.07
2018-04-28,494,informatica_acessorios,38.51
2018-04-29,495,informatica_acessorios,39.08
2018-04-30,496,informatica_acessorios,39.25
2018-05-01,497,informatica_acessorios,38.61
2018-05-02,498,informatica_acessorios,37.53
2018-05-03,499,informatica_acessorios,37.42
2018-05-04,500,informatica_acessorios,38.04
2018-05-05,501,informatica_acessorios,36.99
2018-05-06,502,informatica_acessorios,38.06
2018-05-07,503,informatica_acessorios,38.05
2018-05-08,504,informatica_acessorios,37.79
2018-05-09,505,informatica_acessorios,37.05
2018-05-10,506,informatica_acessorios,36.79
2018-05-11,507,informatica_acessorios,36.24
2018-05-12,508,informatica_acessorios,35.92
2018-05-13,509,informatica_acessorios,36.23
2018-05-14,510,informatica_acessorios,34.91
2018-05-15,511,informatica_acessorios,36.21
2018-05-16,512,informatica_acessorios,35.23
2018-05-17,513,informatica_acessorios,35.23
2018-05-18,514,informatica_acessorios,34.87
2018-05-19,515,informatica_acessorios,34.98
2018-05-20,516,informatica_acessorios,34.54
2018-05-21,517,informatica_acessorios,34.9
2018-05-22,518,informatica_acessorios,35.22
2018-05-23,519,informatica_acessorios,35.11
2018-05-24,520,informatica_acessorios,36.67
2018-05-25,521,informatica_acessorios,35.75
2018-05-26,522,informatica_acessorios,37.29
2018-05-27,523,informatica_acessorios,37.93
2018-05-28,524,informatica_acessorios,38.47
2018-05-29,525,informatica_acessorios,56.84
2018-05-30,526,informatica_acessorios,57.24
2018-05-31,527,informatica_acessorios,58.33
2018-06-01,528,informatica_acessorios,58.55
2018-06-02,529,informatica_acessorios,59.54
2018-06-03,530,informatica_acessorios,59.34
2018-06-04,531,informatica_acessorios,59.11
2018-06-05,532,informatica_acessorios,58.35
2018-06-06,533,informatica_acessorios,57.67
2018-06-07,534,informatica_acessorios,56.88
2018-06-08,535,informatica_acessorios,57.64
2018-06-09,536,informatica_acessorios,58.01
2018-06-10,537,informatica_acessorios,56.74
2018-06-11,538,informatica_acessorios,57.32
2018-06-12,539,informatica_acessorios,56.81
2018-06-13,540,informatica_acessorios,55.37
2018-06-14,541,informatica_acessorios,56.34
2018-06-15,542,informatica_acessorios,56.84
2018-06-16,543,informatica_acessorios,57.69
2018-06-17,544,informatica_acessorios,57.66
2018-06-18,545,informatica_acessorios,58.55
2018-06-19,546,informatica_acessorios,58.9
2018-06-20,547,informatica_acessorios,59.57
2018-06-21,548,informatica_acessorios,60.25
2018-06-22,549,informatica_acessorios,60.0
2018-06-23,550,informatica_acessorios,61.34
2018-06-24,551,informatica_acessorios,60.77
2018-06-25,552,informatica_acessorios,60.83
2018-06-26,553,informatica_acessorios,59.73
2018-06-27,554,informatica_acessorios,60.28
2018-06-28,555,informatica_acessorios,79.16
2018-06-29,556,informatica_acessorios,78.27
2018-06-30,557,informatica_acessorios,79.16
2018-07-01,558,informatica_acessorios,78.15
2018-07-02,559,informatica_acessorios,77.68
2018-07-03,560,informatica_acessorios,77.01
2018-07-04,561,informatica_acessorios,76.29
2018-07-05,562,informatica_acessorios,76.71
2018-07-06,563,informatica_acessorios,77.19
2018-07-07,564,informatica_acessorios,77.29
2018-07-08,565,informatica_acessorios,78.3
2018-07-09,566,informatica_acessorios,78.49
2018-07-10,567,informatica_acessorios,77.95
2018-07-11,568,informatica_acessorios,77.59
2018-07-12,569,informatica_acessorios,79.23
2018-07-13,570,informatica_acessorios,79.86
2018-07-14,571,informatica_acessorios,80.41
2018-07-15,572,informatica_acessorios,79.4
2018-07-16,573,informatica_acessorios,79.7
2018-07-17,574,informatica_acessorios,79.32
2018-07-18,575,informatica_acessorios,79.62
2018-07-19,576,informatica_acessorios,79.31
2018-07-20,577,informatica_acessorios,79.15
2018-07-21,578,informatica_acessorios,79.65
2018-07-22,579,informatica_acessorios,78.48
2018-07-23,580,informatica_acessorios,78.02
2018-07-24,581,informatica_acessorios,78.08
2018-07-25,582,informatica_acessorios,78.88
2018-07-26,583,informatica_acessorios,79.24
2018-07-27,584,informatica_acessorios,79.62
2018-07-28,585,informatica_acessorios,77.31
2018-07-29,586,informatica_acessorios,92.32
2018-07-30,587,informatica_acessorios,91.51
2018-07-31,588,informatica_acessorios,91.85
2018-08-01,589,informatica_acessorios,92.62
2018-08-02,590,informatica_acessorios,92.26
2018-08-03,591,informatica_acessorios,92.22
2018-08-04,592,informatica_acessorios,91.56
2018-08-05,593,informatica_acessorios,91.88
2018-08-06,594,informatica_acessorios,91.75
2018-08-07,595,informatica_acessorios,94.01
2018-08-08,596,informatica_acessorios,94.09
2018-08-09,597,informatica_acessorios,95.0
2018-08-10,598,informatica_acessorios,94.76
2018-08-11,599,informatica_acessorios,94.48
2018-08-12,600,informatica_acessorios,94.12
2018-08-13,601,informatica_acessorios,94.31
2018-08-14,602,informatica_acessorios,94.58
2018-08-15,603,informatica_acessorios,94.37
2018-08-16,604,informatica_acessorios,94.27
2018-08-17,605,informatica_acessorios,93.0
2018-08-18,606,informatica_acessorios,92.83
2018-08-19,607,informatica_acessorios,92.24
2018-08-20,608,informatica_acessorios,91.34
2018-08-21,609,informatica_acessorios,91.32
2018-08-22,610,informatica_acessorios,92.43
2018-08-23,611,informatica_acessorios,92.63
2018-08-24,612,informatica_acessorios,93.3
2018-08-25,613,informatica_acessorios,92.68
2018-08-26,614,informatica_acessorios,92.12
2018-08-27,615,informatica_acessorios,92.6
2018-08-28,616,informatica_acessorios,92.46
2018-08-29,617,informatica_acessorios,92.6
2017-01-27,38,instrumentos_musicais,46.77
2017-02-03,45,instrumentos_musicais,61.23
2017-02-05,47,instrumentos_musicais,65.45
2017-02-07,49,instrumentos_musicais,66.1
2017-02-12,54,instrumentos_musicais,69.17
2017-02-13,55,instrumentos_musicais,68.31
2017-02-14,56,instrumentos_musicais,66.94
2017-02-26,68,instrumentos_musicais,64.77
2017-02-28,70,instrumentos_musicais,65.01
2017-03-04,74,instrumentos_musicais,66.8
2017-03-05,75,instrumentos_musicais,68.77
2017-03-08,78,instrumentos_musicais,67.08
2017-03-11,81,instrumentos_musicais,64.65
2017-03-14,84,instrumentos_musicais,64.18
2017-03-17,87,instrumentos_musicais,62.76
2017-03-21,91,instrumentos_musicais,62.84
2017-03-28,98,instrumentos_musicais,63.47
2017-04-02,103,instrumentos_musicais,60.42
2017-04-07,108,instrumentos_musicais,59.72
2017-04-08,109,instrumentos_musicais,62.67
2017-04-09,110,instrumentos_musicais,61.78
2017-04-11,112,instrumentos_musicais,60.32
2017-04-12,113,instrumentos_musicais,60.68
2017-04-15,116,instrumentos_musicais,63.21
2017-04-19,120,instrumentos_musicais,64.0
2017-04-21,122,instrumentos_musicais,65.62
2017-04-23,124,instrumentos_musicais,68.51
2017-04-26,127,instrumentos_musicais,68.85
2017-04-28,129,instrumentos_musicais,67.79
2017-05-02,133,instrumentos_musicais,55.82
2017-05-05,136,instrumentos_musicais,56.23
2017-05-06,137,instrumentos_musicais,56.13
2017-05-07,138,instrumentos_musicais,57.44
2017-05-11,142,instrumentos_musicais,57.13
2017-05-14,145,instrumentos_musicais,55.09
2017-05-15,146,instrumentos_musicais,55.33
2017-05-16,147,instrumentos_musicais,56.37
2017-05-17,148,instrumentos_musicais,55.95
2017-05-20,151,instrumentos_musicais,54.91
2017-05-22,153,instrumentos_musicais,54.35
2017-05-23,154,instrumentos_musicais,54.44
2017-05-24,155,instrumentos_musicais,55.5
2017-05-27,158,instrumentos_musicais,55.24
2017-05-29,160,instrumentos_musicais,51.89
2017-05-31,162,instrumentos_musicais,51.59
2017-06-02,164,instrumentos_musicais,34.58
2017-06-03,165,instrumentos_musicais,32.61
2017-06-07,169,instrumentos_musicais,33.13
2017-06-08,170,instrumentos_musicais,36.48
2017-06-09,171,instrumentos_musicais,36.55
2017-06-10,172,instrumentos_musicais,38.03
2017-06-15,177,instrumentos_musicais,37.69
2017-06-19,181,instrumentos_musicais,38.18
2017-06-20,182,instrumentos_musicais,39.58
2017-06-21,183,instrumentos_musicais,41.5
2017-06-22,184,instrumentos_musicais,41.44
2017-06-23,185,instrumentos_musicais,42.81
2017-06-25,187,instrumentos_musicais,40.9
2017-06-28,190,instrumentos_musicais,35.96
2017-07-03,195,instrumentos_musicais,19.54
2017-07-04,196,instrumentos_musicais,19.48
2017-07-05,197,instrumentos_musicais,20.93
2017-07-06,198,instrumentos_musicais,21.59
2017-07-10,202,instrumentos_musicais,22.84
2017-07-11,203,instrumentos_musicais,22.17
2017-07-12,204,instrumentos_musicais,19.58
2017-07-14,206,instrumentos_musicais,18.13
2017-07-17,209,instrumentos_musicais,21.06
2017-07-18,210,instrumentos_musicais,23.44
2017-07-22,214,instrumentos_musicais,23.82
2017-07-23,215,instrumentos_musicais,23.85
2017-07-24,216,instrumentos_musicais,22.53
2017-07-25,217,instrumentos_musicais,21.89
2017-07-26,218,instrumentos_musicais,23.43
2017-07-27,219,instrumentos_musicais,24.0
2017-07-29,221,instrumentos_musicais,25.54
2017-07-31,223,instrumentos_musicais,25.84
2017-08-02,225,instrumentos_musicais,10.19
2017-08-06,229,instrumentos_musicais,11.16
2017-08-07,230,instrumentos_musicais,11.77
2017-08-10,233,instrumentos_musicais,13.38
2017-08-16,239,instrumentos_musicais,14.46
2017-08-17,240,instrumentos_musicais,14.29
2017-08-18,241,instrumentos_musicais,11.36
2017-08-20,243,instrumentos_musicais,11.23
2017-08-21,244,instrumentos_musicais,10.85
2017-08-23,246,instrumentos_musicais,10.78
2017-08-25,248,instrumentos_musicais,13.2
2017-08-26,249,instrumentos_musicais,13.24
2017-08-28,251,instrumentos_musicais,12.04
2017-08-30,253,instrumentos_musicais,10.2
2017-08-31,254,instrumentos_musicais,10.12
2017-09-01,255,instrumentos_musicais,5.0
2017-09-02,256,instrumentos_musicais,6.23
2017-09-07,261,instrumentos_musicais,6.8
2017-09-08,262,instrumentos_musicais,9.66
2017-09-09,263,instrumentos_musicais,9.84
2017-09-11,265,instrumentos_musicais,9.88
2017-09-12,266,instrumentos_musicais,9.39
2017-09-14,268,instrumentos_musicais,9.38
2017-09-15,269,instrumentos_musicais,8.93
2017-09-18,272,instrumentos_musicais,11.88
2017-09-20,274,instrumentos_musicais,11.27
2017-09-21,275,instrumentos_musicais,10.93
2017-09-25,279,instrumentos_musicais,10.5
2017-09-26,280,instrumentos_musicais,9.38
2017-09-28,282,instrumentos_musicais,9.21
2017-09-30,284,instrumentos_musicais,10.07
2017-10-01,285,instrumentos_musicais,12.63
2017-10-03,287,instrumentos_musicais,14.84
2017-10-08,292,instrumentos_musicais,16.14
2017-10-09,293,instrumentos_musicais,12.27
2017-10-10,294,instrumentos_musicais,10.72
2017-10-13,297,instrumentos_musicais,9.97
2017-10-15,299,instrumentos_musicais,10.23
2017-10-16,300,instrumentos_musicais,13.75
2017-10-17,301,instrumentos_musicais,14.9
2017-10-18,302,instrumentos_musicais,12.46
2017-10-19,303,instrumentos_musicais,13.79
2017-10-20,304,instrumentos_musicais,12.56
2017-10-21,305,instrumentos_musicais,12.2
2017-10-22,306,instrumentos_musicais,12.2
2017-10-23,307,instrumentos_musicais,14.88
2017-10-28,312,instrumentos_musicais,15.28
2017-10-29,313,instrumentos_musicais,14.33
2017-11-01,316,instrumentos_musicais,23.42
2017-11-03,318,instrumentos_musicais,23.8
2017-11-04,319,instrumentos_musicais,27.09
2017-11-06,321,instrumentos_musicais,28.71
2017-11-08,323,instrumentos_musicais,28.27
2017-11-09,324,instrumentos_musicais,28.92
2017-11-11,326,instrumentos_musicais,30.97
2017-11-12,327,instrumentos_musicais,31.39
2017-11-13,328,instrumentos_musicais,31.61
2017-11-15,330,instrumentos_musicais,32.44
2017-11-18,333,instrumentos_musicais,32.31
2017-11-19,334,instrumentos_musicais,34.41
2017-11-20,335,instrumentos_musicais,33.85
2017-11-22,337,instrumentos_musicais,32.51
2017-11-23,338,instrumentos_musicais,32.2
2017-11-24,339,instrumentos_musicais,30.83
2017-11-25,340,instrumentos_musicais,33.18
2017-11-26,341,instrumentos_musicais,32.63
2017-11-27,342,instrumentos_musicais,34.56
2017-11-28,343,instrumentos_musicais,34.8
2017-11-29,344,instrumentos_musicais,35.12
2017-11-30,345,instrumentos_musicais,33.21
2017-12-01,346,instrumentos_musicais,48.38
2017-12-03,348,instrumentos_musicais,48.43
2017-12-04,349,instrumentos_musicais,51.54
2017-12-06,351,instrumentos_musicais,53.42
2017-12-07,352,instrumentos_musicais,51.83
2017-12-08,353,instrumentos_musicais,53.36
2017-12-09,354,instrumentos_musicais,52.91
2017-12-10,355,instrumentos_musicais,55.9
2017-12-11,356,instrumentos_musicais,55.73
2017-12-12,357,instrumentos_musicais,55.56
2017-12-13,358,instrumentos_musicais,54.59
2017-12-14,359,instrumentos_musicais,54.46
2017-12-15,360,instrumentos_musicais,51.09
2017-12-16,361,instrumentos_musicais,51.54
2017-12-17,362,instrumentos_musicais,47.58
2017-12-18,363,instrumentos_musicais,46.24
2017-12-19,364,instrumentos_musicais,42.15
2017-12-20,365,instrumentos_musicais,38.8
2017-12-22,367,instrumentos_musicais,38.24
2017-12-27,372,instrumentos_musicais,39.31
2017-12-28,373,instrumentos_musicais,41.64
2017-12-30,375,instrumentos_musicais,41.72
2017-12-31,376,instrumentos_musicais,44.56
2018-01-02,378,instrumentos_musicais,59.26
2018-01-03,379,instrumentos_musicais,62.48
2018-01-04,380,instrumentos_musicais,61.61
2018-01-05,381,instrumentos_musicais,64.12
2018-01-06,382,instrumentos_musicais,64.22
2018-01-08,384,instrumentos_musicais,64.96
2018-01-09,385,instrumentos_musicais,63.47
2018-01-10,386,instrumentos_musicais,64.96
2018-01-11,387,instrumentos_musicais,66.52
2018-01-12,388,instrumentos_musicais,62.05
2018-01-13,389,instrumentos_musicais,62.44
2018-01-14,390,instrumentos_musicais,60.73
2018-01-15,391,instrumentos_musicais,61.11
2018-01-16,392,instrumentos_musicais,61.42
2018-01-17,393,instrumentos_musicais,61.7
2018-01-20,396,instrumentos_musicais,60.08
2018-01-21,397,instrumentos_musicais,60.32
2018-01-22,398,instrumentos_musicais,56.84
2018-01-23,399,instrumentos_musicais,56.9
2018-01-25,401,instrumentos_musicais,62.97
2018-01-26,402,instrumentos_musicais,61.13
2018-01-27,403,instrumentos_musicais,62.64
2018-01-28,404,instrumentos_musicais,60.85
2018-01-30,406,instrumentos_musicais,61.56
2018-02-01,408,instrumentos_musicais,75.03
2018-02-02,409,instrumentos_musicais,77.66
2018-02-04,411,instrumentos_musicais,77.6
2018-02-05,412,instrumentos_musicais,80.48
2018-02-07,414,instrumentos_musicais,83.22
2018-02-08,415,instrumentos_musicais,82.67
2018-02-09,416,instrumentos_musicais,83.74
2018-02-10,417,instrumentos_musicais,82.42
2018-02-13,420,instrumentos_musicais,85.08
2018-02-14,421,instrumentos_musicais,84.39
2018-02-15,422,instrumentos_musicais,84.25
2018-02-17,424,instrumentos_musicais,82.04
2018-02-18,425,instrumentos_musicais,81.95
2018-02-19,426,instrumentos_musicais,81.98
2018-02-20,427,instrumentos_musicais,78.87
2018-02-21,428,instrumentos_musicais,75.75
2018-02-23,430,instrumentos_musicais,77.89
2018-02-24,431,instrumentos_musicais,77.47
2018-02-25,432,instrumentos_musicais,77.65
2018-02-26,433,instrumentos_musicais,78.84
2018-02-27,434,instrumentos_musicais,78.41
2018-02-28,435,instrumentos_musicais,80.15
2018-03-01,436,instrumentos_musicais,85.39
2018-03-03,438,instrumentos_musicais,84.42
2018-03-04,439,instrumentos_musicais,84.19
2018-03-05,440,instrumentos_musicais,84.93
2018-03-06,441,instrumentos_musicais,82.87
2018-03-07,442,instrumentos_musicais,86.18
2018-03-08,443,instrumentos_musicais,85.89
2018-03-10,445,instrumentos_musicais,87.06
2018-03-11,446,instrumentos_musicais,87.15
2018-03-12,447,instrumentos_musicais,86.4
2018-03-13,448,instrumentos_musicais,86.5
2018-03-14,449,instrumentos_musicais,85.75
2018-03-16,451,instrumentos_musicais,87.06
2018-03-17,452,instrumentos_musicais,87.9
2018-03-18,453,instrumentos_musicais,88.02
2018-03-19,454,instrumentos_musicais,87.79
2018-03-20,455,instrumentos_musicais,89.33
2018-03-21,456,instrumentos_musicais,89.8
2018-03-22,457,instrumentos_musicais,91.04
2018-03-23,458,instrumentos_musicais,92.35
2018-03-26,461,instrumentos_musicais,90.33
2018-03-28,463,instrumentos_musicais,94.27
2018-03-29,464,instrumentos_musicais,91.89
2018-03-30,465,instrumentos_musicais,92.87
2018-03-31,466,instrumentos_musicais,94.21
2018-04-01,467,instrumentos_musicais,87.92
2018-04-02,468,instrumentos_musicais,87.2
2018-04-03,469,instrumentos_musicais,85.8
2018-04-05,471,instrumentos_musicais,86.3
2018-04-06,472,instrumentos_musicais,84.93
2018-04-07,473,instrumentos_musicais,86.07
2018-04-08,474,instrumentos_musicais,80.38
2018-04-09,475,instrumentos_musicais,84.27
2018-04-10,476,instrumentos_musicais,81.91
2018-04-11,477,instrumentos_musicais,81.88
2018-04-12,478,instrumentos_musicais,83.27
2018-04-13,479,instrumentos_musicais,83.39
2018-04-14,480,instrumentos_musicais,84.56
2018-04-16,482,instrumentos_musicais,85.1
2018-04-17,483,instrumentos_musicais,86.36
2018-04-18,484,instrumentos_musicais,87.56
2018-04-19,485,instrumentos_musicais,90.87
2018-04-20,486,instrumentos_musicais,90.1
2018-04-21,487,instrumentos_musicais,90.92
2018-04-22,488,instrumentos_musicais,91.92
2018-04-23,489,instrumentos_musicais,93.48
2018-04-24,490,instrumentos_musicais,95.0
2018-04-25,491,instrumentos_musicais,93.31
2018-04-26,492,instrumentos_musicais,91.18
2018-04-27,493,instrumentos_musicais,91.26
2018-04-28,494,instrumentos_musicais,88.9
2018-04-29,495,instrumentos_musicais,90.52
2018-04-30,496,instrumentos_musicais,89.37
2018-05-01,497,instrumentos_musicais,78.56
2018-05-02,498,instrumentos_musicais,76.65
2018-05-03,499,instrumentos_musicais,73.8
2018-05-04,500,instrumentos_musicais,71.85
2018-05-05,501,instrumentos_musicais,73.0
2018-05-06,502,instrumentos_musicais,74.11
2018-05-07,503,instrumentos_musicais,74.11
2018-05-08,504,instrumentos_musicais,76.28
2018-05-09,505,instrumentos_musicais,74.04
2018-05-10,506,instrumentos_musicais,74.74
2018-05-11,507,instrumentos_musicais,76.29
2018-05-12,508,instrumentos_musicais,77.93
2018-05-13,509,instrumentos_musicais,80.61
2018-05-14,510,instrumentos_musicais,81.78
2018-05-15,511,instrumentos_musicais,79.79
2018-05-16,512,instrumentos_musicais,77.81
2018-05-18,514,instrumentos_musicais,78.25
2018-05-19,515,instrumentos_musicais,77.91
2018-05-20,516,instrumentos_musicais,78.95
2018-05-21,517,instrumentos_musicais,80.47
2018-05-22,518,instrumentos_musicais,79.64
2018-05-23,519,instrumentos_musicais,80.4
2018-05-26,522,instrumentos_musicais,79.63
2018-05-27,523,instrumentos_musicais,78.39
2018-05-28,524,instrumentos_musicais,80.23
2018-05-29,525,instrumentos_musicais,80.61
2018-05-30,526,instrumentos_musicais,82.04
2018-05-31,527,instrumentos_musicais,83.1
2018-06-01,528,instrumentos_musicais,67.16
2018-06-02,529,instrumentos_musicais,66.72
2018-06-03,530,instrumentos_musicais,63.49
2018-06-04,531,instrumentos_musicais,62.77
2018-06-05,532,instrumentos_musicais,61.17
2018-06-07,534,instrumentos_musicais,62.23
2018-06-08,535,instrumentos_musicais,62.01
2018-06-09,536,instrumentos_musicais,63.88
2018-06-12,539,instrumentos_musicais,62.36
2018-06-14,541,instrumentos_musicais,63.12
2018-06-15,542,instrumentos_musicais,61.86
2018-06-16,543,instrumentos_musicais,61.31
2018-06-17,544,instrumentos_musicais,64.05
2018-06-20,547,instrumentos_musicais,61.45
2018-06-22,549,instrumentos_musicais,62.01
2018-06-23,550,instrumentos_musicais,61.93
2018-06-25,552,instrumentos_musicais,63.75
2018-06-26,553,instrumentos_musicais,63.6
2018-06-27,554,instrumentos_musicais,62.01
2018-06-28,555,instrumentos_musicais,60.3
2018-07-01,558,instrumentos_musicais,47.43
2018-07-10,567,instrumentos_musicais,46.8
2018-07-11,568,instrumentos_musicais,46.3
2018-07-14,571,instrumentos_musicais,48.97
2018-07-15,572,instrumentos_musicais,51.09
2018-07-17,574,instrumentos_musicais,50.82
2018-07-18,575,instrumentos_musicais,50.17
2018-07-19,576,instrumentos_musicais,49.3
2018-07-20,577,instrumentos_musicais,51.68
2018-07-22,579,instrumentos_musicais,52.15
2018-07-24,581,instrumentos_musicais,50.38
2018-07-25,582,instrumentos_musicais,49.42
2018-07-26,583,instrumentos_musicais,48.91
2018-07-27,584,instrumentos_musicais,49.55
2018-07-29,586,instrumentos_musicais,48.63
2018-07-31,588,instrumentos_musicais,49.62
2018-08-01,589,instrumentos_musicais,36.92
2018-08-02,590,instrumentos_musicais,38.5
2018-08-03,591,instrumentos_musicais,36.99
2018-08-04,592,instrumentos_musicais,36.71
2018-08-06,594,instrumentos_musicais,37.17
2018-08-07,595,instrumentos_musicais,39.6
2018-08-08,596,instrumentos_musicais,40.05
2018-08-09,597,instrumentos_musicais,41.37
2018-08-10,598,instrumentos_musicais,41.94
2018-08-12,600,instrumentos_musicais,40.42
2018-08-13,601,instrumentos_musicais,41.33
2018-08-14,602,instrumentos_musicais,39.87
2018-08-17,605,instrumentos_musicais,41.23
2018-08-18,606,instrumentos_musicais,41.43
2018-08-19,607,instrumentos_musicais,40.66
2018-08-20,608,instrumentos_musicais,38.23
2018-08-21,609,instrumentos_musicais,40.16
2018-08-22,610,instrumentos_musicais,36.48
2017-04-09,110,la_cuisine,5.0
2017-05-27,158,la_cuisine,7.12
2017-07-11,203,la_cuisine,8.22
2017-07-18,210,la_cuisine,6.23
2017-07-22,214,la_cuisine,9.59
2017-07-31,223,la_cuisine,13.99
2017-08-12,235,la_cuisine,25.91
2017-08-28,251,la_cuisine,49.28
2017-10-02,286,la_cuisine,65.39
2017-11-29,344,la_cuisine,71.14
2018-01-01,377,la_cuisine,72.67
2018-03-31,466,la_cuisine,88.52
2018-04-17,483,la_cuisine,95.0
2017-02-19,61,livros_importados,71.26
2017-04-20,121,livros_importados,70.69
2017-06-16,178,livros_importados,41.03
2017-08-21,244,livros_importados,12.01
2017-09-03,257,livros_importados,6.43
2017-09-15,269,livros_importados,7.47
2017-09-18,272,livros_importados,5.0
2017-11-03,318,livros_importados,22.15
2017-11-16,331,livros_importados,25.22
2017-11-25,340,livros_importados,24.82
2017-12-04,349,livros_importados,45.1
2017-12-14,359,livros_importados,48.57
2017-12-18,363,livros_importados,52.21
2018-01-08,384,livros_importados,70.0
2018-01-11,387,livros_importados,70.78
2018-01-15,391,livros_importados,69.84
2018-01-18,394,livros_importados,71.06
2018-01-29,405,livros_importados,72.68
2018-01-31,407,livros_importados,73.8
2018-02-02,409,livros_importados,89.32
2018-02-15,422,livros_importados,90.23
2018-02-23,430,livros_importados,89.13
2018-03-14,449,livros_importados,92.91
2018-03-22,457,livros_importados,94.32
2018-04-02,468,livros_importados,91.26
2018-04-04,470,livros_importados,93.07
2018-04-11,477,livros_importados,93.58
2018-04-28,494,livros_importados,95.0
2018-05-07,503,livros_importados,81.58
2018-05-11,507,livros_importados,81.84
2018-05-15,511,livros_importados,83.47
2018-05-16,512,livros_importados,84.44
2018-05-18,514,livros_importados,86.96
2018-05-21,517,livros_importados,88.14
2018-05-22,518,livros_importados,91.47
2018-05-23,519,livros_importados,90.76
2018-06-06,533,livros_importados,72.71
2018-06-10,537,livros_importados,71.28
2018-06-12,539,livros_importados,70.89
2018-06-13,540,livros_importados,72.48
2018-06-14,541,livros_importados,72.82
2018-06-24,551,livros_importados,72.0
2018-06-26,553,livros_importados,71.17
2018-06-29,556,livros_importados,71.01
2018-07-02,559,livros_importados,53.55
2018-07-03,560,livros_importados,55.72
2018-07-05,562,livros_importados,58.8
2018-07-11,568,livros_importados,59.26
2018-07-15,572,livros_importados,63.78
2018-07-30,587,livros_importados,63.47
2018-08-07,595,livros_importados,49.72
2016-10-09,12,livros_interesse_geral,9.26
2017-01-27,38,livros_interesse_geral,11.04
2017-01-31,42,livros_interesse_geral,10.77
2017-02-01,43,livros_interesse_geral,10.84
2017-02-08,50,livros_interesse_geral,11.05
2017-02-09,51,livros_interesse_geral,10.44
2017-02-16,58,livros_interesse_geral,5.0
2017-02-22,64,livros_interesse_geral,5.77
2017-02-24,66,livros_interesse_geral,6.29
2017-03-02,72,livros_interesse_geral,7.15
2017-03-03,73,livros_interesse_geral,8.86
2017-03-05,75,livros_interesse_geral,7.94
2017-03-06,76,livros_interesse_geral,8.04
2017-03-07,77,livros_interesse_geral,7.83
2017-03-08,78,livros_interesse_geral,7.94
2017-03-10,80,livros_interesse_geral,8.94
2017-03-12,82,livros_interesse_geral,8.33
2017-03-13,83,livros_interesse_geral,9.2
2017-03-14,84,livros_interesse_geral,9.22
2017-03-21,91,livros_interesse_geral,7.74
2017-03-22,92,livros_interesse_geral,6.06
2017-03-27,97,livros_interesse_geral,11.66
2017-03-28,98,livros_interesse_geral,12.58
2017-03-31,101,livros_interesse_geral,11.82
2017-04-07,108,livros_interesse_geral,12.33
2017-04-13,114,livros_interesse_geral,11.02
2017-04-15,116,livros_interesse_geral,11.65
2017-04-17,118,livros_interesse_geral,11.1
2017-04-18,119,livros_interesse_geral,10.49
2017-04-19,120,livros_interesse_geral,10.63
2017-04-22,123,livros_interesse_geral,11.08
2017-04-23,124,livros_interesse_geral,24.9
2017-04-24,125,livros_interesse_geral,24.69
2017-04-26,127,livros_interesse_geral,24.93
2017-05-01,132,livros_interesse_geral,24.27
2017-05-02,133,livros_interesse_geral,24.29
2017-05-09,140,livros_interesse_geral,24.46
2017-05-10,141,livros_interesse_geral,23.91
2017-05-11,142,livros_interesse_geral,23.66
2017-05-12,143,livros_interesse_geral,24.52
2017-05-14,145,livros_interesse_geral,24.99
2017-05-21,152,livros_interesse_geral,25.22
2017-05-22,153,livros_interesse_geral,25.11
2017-05-24,155,livros_interesse_geral,25.71
2017-05-25,156,livros_interesse_geral,45.27
2017-05-27,158,livros_interesse_geral,47.26
2017-05-29,160,livros_interesse_geral,47.0
2017-06-01,163,livros_interesse_geral,47.44
2017-06-02,164,livros_interesse_geral,48.42
2017-06-06,168,livros_interesse_geral,48.31
2017-06-07,169,livros_interesse_geral,48.17
2017-06-08,170,livros_interesse_geral,48.44
2017-06-11,173,livros_interesse_geral,47.69
2017-06-14,176,livros_interesse_geral,47.45
2017-06-15,177,livros_interesse_geral,47.79
2017-06-18,180,livros_interesse_geral,46.65
2017-06-19,181,livros_interesse_geral,46.3
2017-06-20,182,livros_interesse_geral,46.58
2017-06-22,184,livros_interesse_geral,66.74
2017-06-29,191,livros_interesse_geral,67.32
2017-06-30,192,livros_interesse_geral,67.69
2017-07-01,193,livros_interesse_geral,67.46
2017-07-05,197,livros_interesse_geral,67.88
2017-07-16,208,livros_interesse_geral,67.72
2017-07-17,209,livros_interesse_geral,68.37
2017-07-18,210,livros_interesse_geral,68.75
2017-07-24,216,livros_interesse_geral,69.38
2017-07-25,217,livros_interesse_geral,83.95
2017-07-29,221,livros_interesse_geral,83.43
2017-07-31,223,livros_interesse_geral,82.63
2017-08-01,224,livros_interesse_geral,81.75
2017-08-02,225,livros_interesse_geral,82.29
2017-08-04,227,livros_interesse_geral,83.14
2017-08-08,231,livros_interesse_geral,83.82
2017-08-09,232,livros_interesse_geral,84.46
2017-08-11,234,livros_interesse_geral,85.18
2017-08-12,235,livros_interesse_geral,85.48
2017-08-13,236,livros_interesse_geral,84.52
2017-08-18,241,livros_interesse_geral,83.76
2017-08-20,243,livros_interesse_geral,84.02
2017-08-21,244,livros_interesse_geral,84.75
2017-08-22,245,livros_interesse_geral,85.35
2017-08-27,250,livros_interesse_geral,85.1
2017-08-28,251,livros_interesse_geral,85.45
2017-08-29,252,livros_interesse_geral,89.77
2017-08-30,253,livros_interesse_geral,89.34
2017-08-31,254,livros_interesse_geral,89.57
2017-09-02,256,livros_interesse_geral,89.09
2017-09-03,257,livros_interesse_geral,89.56
2017-09-06,260,livros_interesse_geral,90.25
2017-09-07,261,livros_interesse_geral,90.07
2017-09-12,266,livros_interesse_geral,88.69
2017-09-13,267,livros_interesse_geral,87.4
2017-09-14,268,livros_interesse_geral,81.44
2017-09-27,281,livros_interesse_geral,81.57
2017-09-28,282,livros_interesse_geral,80.91
2017-10-01,285,livros_interesse_geral,80.64
2017-10-05,289,livros_interesse_geral,81.87
2017-10-11,295,livros_interesse_geral,82.43
2017-10-13,297,livros_interesse_geral,80.92
2017-10-17,301,livros_interesse_geral,80.22
2017-10-18,302,livros_interesse_geral,66.25
2017-10-30,314,livros_interesse_geral,67.73
2017-10-31,315,livros_interesse_geral,68.18
2017-11-01,316,livros_interesse_geral,68.49
2017-11-06,321,livros_interesse_geral,68.78
2017-11-07,322,livros_interesse_geral,68.61
2017-11-09,324,livros_interesse_geral,68.08
2017-11-11,326,livros_interesse_geral,68.17
2017-11-13,328,livros_interesse_geral,68.91
2017-11-14,329,livros_interesse_geral,69.98
2017-11-16,331,livros_interesse_geral,70.28
2017-11-17,332,livros_interesse_geral,70.03
2017-11-19,334,livros_interesse_geral,69.54
2017-11-20,335,livros_interesse_geral,68.73
2017-11-21,336,livros_interesse_geral,68.66
2017-11-22,337,livros_interesse_geral,68.71
2017-11-23,338,livros_interesse_geral,67.98
2017-11-24,339,livros_interesse_geral,67.58
2017-11-26,341,livros_interesse_geral,68.5
2017-11-27,342,livros_interesse_geral,68.42
2017-11-28,343,livros_interesse_geral,48.42
2017-11-29,344,livros_interesse_geral,48.51
2017-11-30,345,livros_interesse_geral,48.61
2017-12-01,346,livros_interesse_geral,49.37
2017-12-02,347,livros_interesse_geral,50.46
2017-12-05,350,livros_interesse_geral,51.13
2017-12-07,352,livros_interesse_geral,52.55
2017-12-08,353,livros_interesse_geral,52.46
2017-12-09,354,livros_interesse_geral,52.43
2017-12-11,356,livros_interesse_geral,51.41
2017-12-12,357,livros_interesse_geral,51.58
2017-12-13,358,livros_interesse_geral,51.88
2017-12-14,359,livros_interesse_geral,52.55
2017-12-15,360,livros_interesse_geral,52.85
2017-12-16,361,livros_interesse_geral,52.31
2017-12-17,362,livros_interesse_geral,51.81
2017-12-18,363,livros_interesse_geral,51.87
2017-12-19,364,livros_interesse_geral,51.7
2017-12-21,366,livros_interesse_geral,51.0
2017-12-22,367,livros_interesse_geral,51.88
2017-12-23,368,livros_interesse_geral,52.13
2017-12-24,369,livros_interesse_geral,51.04
2017-12-26,371,livros_interesse_geral,50.96
2017-12-27,372,livros_interesse_geral,51.06
2017-12-28,373,livros_interesse_geral,31.22
2017-12-29,374,livros_interesse_geral,32.48
2017-12-31,376,livros_interesse_geral,31.96
2018-01-01,377,livros_interesse_geral,32.29
2018-01-02,378,livros_interesse_geral,32.55
2018-01-03,379,livros_interesse_geral,32.54
2018-01-04,380,livros_interesse_geral,32.35
2018-01-05,381,livros_interesse_geral,32.6
2018-01-06,382,livros_interesse_geral,32.18
2018-01-08,384,livros_interesse_geral,31.82
2018-01-09,385,livros_interesse_geral,32.49
2018-01-10,386,livros_interesse_geral,32.46
2018-01-11,387,livros_interesse_geral,33.47
2018-01-12,388,livros_interesse_geral,33.32
2018-01-13,389,livros_interesse_geral,33.23
2018-01-15,391,livros_interesse_geral,33.24
2018-01-16,392,livros_interesse_geral,34.3
2018-01-17,393,livros_interesse_geral,34.93
2018-01-19,395,livros_interesse_geral,34.62
2018-01-20,396,livros_interesse_geral,34.48
2018-01-22,398,livros_interesse_geral,34.31
2018-01-23,399,livros_interesse_geral,33.64
2018-01-25,401,livros_interesse_geral,32.97
2018-01-27,403,livros_interesse_geral,33.71
2018-01-28,404,livros_interesse_geral,18.58
2018-01-29,405,livros_interesse_geral,18.75
2018-01-30,406,livros_interesse_geral,18.37
2018-02-02,409,livros_interesse_geral,18.1
2018-02-03,410,livros_interesse_geral,18.39
2018-02-04,411,livros_interesse_geral,17.79
2018-02-05,412,livros_interesse_geral,18.24
2018-02-06,413,livros_interesse_geral,17.62
2018-02-08,415,livros_interesse_geral,17.88
2018-02-09,416,livros_interesse_geral,17.9
2018-02-10,417,livros_interesse_geral,19.74
2018-02-11,418,livros_interesse_geral,19.67
2018-02-12,419,livros_interesse_geral,19.06
2018-02-13,420,livros_interesse_geral,19.58
2018-02-14,421,livros_interesse_geral,20.64
2018-02-15,422,livros_interesse_geral,21.49
2018-02-16,423,livros_interesse_geral,20.34
2018-02-18,425,livros_interesse_geral,20.0
2018-02-19,426,livros_interesse_geral,19.36
2018-02-20,427,livros_interesse_geral,19.54
2018-02-21,428,livros_interesse_geral,18.72
2018-02-25,432,livros_interesse_geral,18.56
2018-02-26,433,livros_interesse_geral,13.24
2018-02-27,434,livros_interesse_geral,13.25
2018-02-28,435,livros_interesse_geral,12.58
2018-03-02,437,livros_interesse_geral,12.59
2018-03-03,438,livros_interesse_geral,13.73
2018-03-04,439,livros_interesse_geral,15.24
2018-03-05,440,livros_interesse_geral,15.11
2018-03-07,442,livros_interesse_geral,14.9
2018-03-10,445,livros_interesse_geral,14.74
2018-03-12,447,livros_interesse_geral,14.96
2018-03-13,448,livros_interesse_geral,15.5
2018-03-14,449,livros_interesse_geral,15.41
2018-03-16,451,livros_interesse_geral,15.68
2018-03-17,452,livros_interesse_geral,16.18
2018-03-19,454,livros_interesse_geral,15.73
2018-03-20,455,livros_interesse_geral,14.75
2018-03-21,456,livros_interesse_geral,15.27
2018-03-26,461,livros_interesse_geral,14.48
2018-03-27,462,livros_interesse_geral,19.78
2018-03-28,463,livros_interesse_geral,20.88
2018-03-30,465,livros_interesse_geral,20.41
2018-04-01,467,livros_interesse_geral,20.0
2018-04-05,471,livros_interesse_geral,20.09
2018-04-06,472,livros_interesse_geral,19.77
2018-04-07,473,livros_interesse_geral,19.59
2018-04-08,474,livros_interesse_geral,20.62
2018-04-12,478,livros_interesse_geral,21.22
2018-04-13,479,livros_interesse_geral,21.71
2018-04-16,482,livros_interesse_geral,21.96
2018-04-17,483,livros_interesse_geral,20.85
2018-04-18,484,livros_interesse_geral,21.69
2018-04-19,485,livros_interesse_geral,22.16
2018-04-20,486,livros_interesse_geral,21.21
2018-04-21,487,livros_interesse_geral,21.29
2018-04-22,488,livros_interesse_geral,20.71
2018-04-23,489,livros_interesse_geral,21.12
2018-04-24,490,livros_interesse_geral,20.46
2018-04-25,491,livros_interesse_geral,20.69
2018-04-26,492,livros_interesse_geral,35.5
2018-04-27,493,livros_interesse_geral,35.65
2018-04-30,496,livros_interesse_geral,35.15
2018-05-01,497,livros_interesse_geral,35.55
2018-05-02,498,livros_interesse_geral,37.17
2018-05-03,499,livros_interesse_geral,37.61
2018-05-04,500,livros_interesse_geral,39.09
2018-05-05,501,livros_interesse_geral,37.61
2018-05-06,502,livros_interesse_geral,38.27
2018-05-07,503,livros_interesse_geral,38.47
2018-05-08,504,livros_interesse_geral,38.56
2018-05-09,505,livros_interesse_geral,39.4
2018-05-10,506,livros_interesse_geral,39.49
2018-05-11,507,livros_interesse_geral,39.15
2018-05-14,510,livros_interesse_geral,38.73
2018-05-15,511,livros_interesse_geral,37.58
2018-05-16,512,livros_interesse_geral,36.82
2018-05-18,514,livros_interesse_geral,37.3
2018-05-19,515,livros_interesse_geral,36.77
2018-05-21,517,livros_interesse_geral,37.24
2018-05-28,524,livros_interesse_geral,56.35
2018-05-29,525,livros_interesse_geral,55.68
2018-05-30,526,livros_interesse_geral,55.98
2018-06-02,529,livros_interesse_geral,56.86
2018-06-04,531,livros_interesse_geral,56.66
2018-06-06,533,livros_interesse_geral,57.99
2018-06-07,534,livros_interesse_geral,58.49
2018-06-08,535,livros_interesse_geral,58.66
2018-06-09,536,livros_interesse_geral,58.63
2018-06-11,538,livros_interesse_geral,57.51
2018-06-12,539,livros_interesse_geral,58.11
2018-06-13,540,livros_interesse_geral,57.97
2018-06-15,542,livros_interesse_geral,58.32
2018-06-16,543,livros_interesse_geral,58.08
2018-06-18,545,livros_interesse_geral,58.05
2018-06-19,546,livros_interesse_geral,57.11
2018-06-20,547,livros_interesse_geral,57.07
2018-06-23,550,livros_interesse_geral,56.58
2018-06-24,551,livros_interesse_geral,56.79
2018-06-25,552,livros_interesse_geral,76.78
2018-06-27,554,livros_interesse_geral,76.72
2018-06-29,556,livros_interesse_geral,77.58
2018-07-02,559,livros_interesse_geral,77.19
2018-07-03,560,livros_interesse_geral,76.68
2018-07-05,562,livros_interesse_geral,76.1
2018-07-08,565,livros_interesse_geral,76.96
2018-07-12,569,livros_interesse_geral,76.4
2018-07-14,571,livros_interesse_geral,76.99
2018-07-18,575,livros_interesse_geral,77.23
2018-07-20,577,livros_interesse_geral,78.14
2018-07-23,580,livros_interesse_geral,78.19
2018-07-24,581,livros_interesse_geral,77.66
2018-07-25,582,livros_interesse_geral,77.94
2018-07-26,583,livros_interesse_geral,79.2
2018-07-29,586,livros_interesse_geral,94.83
2018-07-30,587,livros_interesse_geral,94.58
2018-07-31,588,livros_interesse_geral,95.0
2018-08-01,589,livros_interesse_geral,94.75
2018-08-02,590,livros_interesse_geral,94.52
2018-08-03,591,livros_interesse_geral,93.91
2018-08-04,592,livros_interesse_geral,93.67
2018-08-05,593,livros_interesse_geral,94.06
2018-08-06,594,livros_interesse_geral,93.37
2018-08-07,595,livros_interesse_geral,93.06
2018-08-08,596,livros_interesse_geral,93.05
2018-08-10,598,livros_interesse_geral,93.15
2018-08-11,599,livros_interesse_geral,93.2
2018-08-12,600,livros_interesse_geral,93.24
2018-08-13,601,livros_interesse_geral,93.87
2018-08-14,602,livros_interesse_geral,94.69
2018-08-18,606,livros_interesse_geral,94.78
2018-08-19,607,livros_interesse_geral,93.79
2018-08-20,608,livros_interesse_geral,94.69
2018-08-21,609,livros_interesse_geral,94.26
2018-08-22,610,livros_interesse_geral,93.42
2018-08-23,611,livros_interesse_geral,93.12
2018-08-24,612,livros_interesse_geral,92.76
2018-08-27,615,livros_interesse_geral,92.74
2016-10-05,8,livros_tecnicos,10.76
2017-02-15,57,livros_tecnicos,71.37
2017-03-10,80,livros_tecnicos,76.43
2017-03-15,85,livros_tecnicos,75.69
2017-04-06,107,livros_tecnicos,71.61
2017-05-01,132,livros_tecnicos,59.05
2017-05-03,134,livros_tecnicos,58.22
2017-05-12,143,livros_tecnicos,55.07
2017-06-02,164,livros_tecnicos,37.39
2017-06-09,171,livros_tecnicos,39.33
2017-07-28,220,livros_tecnicos,21.21
2017-07-31,223,livros_tecnicos,20.52
2017-08-04,227,livros_tecnicos,7.34
2017-08-10,233,livros_tecnicos,8.9
2017-08-11,234,livros_tecnicos,9.77
2017-08-21,244,livros_tecnicos,9.53
2017-08-24,247,livros_tecnicos,9.03
2017-08-26,249,livros_tecnicos,10.48
2017-08-28,251,livros_tecnicos,9.42
2017-08-30,253,livros_tecnicos,10.26
2017-08-31,254,livros_tecnicos,11.41
2017-09-11,265,livros_tecnicos,5.0
2017-09-13,267,livros_tecnicos,7.59
2017-09-15,269,livros_tecnicos,6.92
2017-09-16,270,livros_tecnicos,8.44
2017-09-17,271,livros_tecnicos,9.02
2017-09-19,273,livros_tecnicos,9.77
2017-09-30,284,livros_tecnicos,9.11
2017-10-01,285,livros_tecnicos,15.72
2017-10-03,287,livros_tecnicos,15.07
2017-10-20,304,livros_tecnicos,14.74
2017-10-23,307,livros_tecnicos,19.14
2017-10-29,313,livros_tecnicos,17.47
2017-10-31,315,livros_tecnicos,19.17
2017-11-23,338,livros_tecnicos,31.73
2017-11-24,339,livros_tecnicos,32.34
2017-11-25,340,livros_tecnicos,32.07
2017-11-29,344,livros_tecnicos,34.39
2017-11-30,345,livros_tecnicos,32.65
2017-12-02,347,livros_tecnicos,52.27
2017-12-05,350,livros_tecnicos,51.54
2017-12-10,355,livros_tecnicos,53.48
2017-12-11,356,livros_tecnicos,56.46
2018-01-02,378,livros_tecnicos,72.68
2018-01-10,386,livros_tecnicos,71.08
2018-01-15,391,livros_tecnicos,71.9
2018-01-16,392,livros_tecnicos,75.17
2018-01-22,398,livros_tecnicos,75.29
2018-01-24,400,livros_tecnicos,78.59
2018-01-25,401,livros_tecnicos,76.83
2018-01-26,402,livros_tecnicos,77.61
2018-01-27,403,livros_tecnicos,73.56
2018-01-29,405,livros_tecnicos,72.98
2018-01-30,406,livros_tecnicos,74.67
2018-01-31,407,livros_tecnicos,75.22
2018-02-01,408,livros_tecnicos,88.0
2018-02-02,409,livros_tecnicos,84.56
2018-02-03,410,livros_tecnicos,84.59
2018-02-05,412,livros_tecnicos,83.46
2018-02-06,413,livros_tecnicos,85.96
2018-02-09,416,livros_tecnicos,84.67
2018-02-13,420,livros_tecnicos,87.32
2018-02-14,421,livros_tecnicos,86.51
2018-02-15,422,livros_tecnicos,86.87
2018-02-16,423,livros_tecnicos,88.85
2018-02-19,426,livros_tecnicos,88.75
2018-02-21,428,livros_tecnicos,92.1
2018-02-24,431,livros_tecnicos,92.21
2018-02-26,433,livros_tecnicos,91.51
2018-02-27,434,livros_tecnicos,89.53
2018-02-28,435,livros_tecnicos,90.77
2018-03-01,436,livros_tecnicos,93.5
2018-03-03,438,livros_tecnicos,90.61
2018-03-05,440,livros_tecnicos,90.73
2018-03-07,442,livros_tecnicos,88.62
2018-03-08,443,livros_tecnicos,87.67
2018-03-10,445,livros_tecnicos,87.64
2018-03-15,450,livros_tecnicos,85.69
2018-03-16,451,livros_tecnicos,88.99
2018-03-20,455,livros_tecnicos,89.09
2018-03-22,457,livros_tecnicos,90.02
2018-03-23,458,livros_tecnicos,89.04
2018-03-27,462,livros_tecnicos,92.27
2018-04-01,467,livros_tecnicos,89.12
2018-04-02,468,livros_tecnicos,90.8
2018-04-04,470,livros_tecnicos,92.53
2018-04-09,475,livros_tecnicos,93.15
2018-04-12,478,livros_tecnicos,94.73
2018-04-13,479,livros_tecnicos,90.59
2018-04-17,483,livros_tecnicos,90.67
2018-04-20,486,livros_tecnicos,90.75
2018-04-23,489,livros_tecnicos,93.54
2018-04-24,490,livros_tecnicos,94.1
2018-04-25,491,livros_tecnicos,94.59
2018-04-26,492,livros_tecnicos,95.0
2018-04-28,494,livros_tecnicos,93.52
2018-04-29,495,livros_tecnicos,90.71
2018-04-30,496,livros_tecnicos,93.15
2018-05-01,497,livros_tecnicos,84.43
2018-05-02,498,livros_tecnicos,83.13
2018-05-03,499,livros_tecnicos,85.57
2018-05-04,500,livros_tecnicos,84.92
2018-05-05,501,livros_tecnicos,84.93
2018-05-06,502,livros_tecnicos,85.13
2018-05-07,503,livros_tecnicos,85.52
2018-05-08,504,livros_tecnicos,87.14
2018-05-09,505,livros_tecnicos,90.25
2018-05-10,506,livros_tecnicos,89.47
2018-05-11,507,livros_tecnicos,87.41
2018-05-12,508,livros_tecnicos,89.29
2018-05-14,510,livros_tecnicos,86.4
2018-05-15,511,livros_tecnicos,85.68
2018-05-16,512,livros_tecnicos,85.2
2018-05-17,513,livros_tecnicos,82.51
2018-05-18,514,livros_tecnicos,81.16
2018-05-20,516,livros_tecnicos,80.11
2018-05-21,517,livros_tecnicos,80.35
2018-05-22,518,livros_tecnicos,77.67
2018-05-23,519,livros_tecnicos,78.24
2018-05-25,521,livros_tecnicos,78.68
2018-05-29,525,livros_tecnicos,79.64
2018-05-30,526,livros_tecnicos,80.05
2018-06-01,528,livros_tecnicos,61.57
2018-06-03,530,livros_tecnicos,63.04
2018-06-04,531,livros_tecnicos,63.9
2018-06-06,533,livros_tecnicos,65.15
2018-06-08,535,livros_tecnicos,66.04
2018-06-09,536,livros_tecnicos,68.58
2018-06-11,538,livros_tecnicos,69.54
2018-06-12,539,livros_tecnicos,69.77
2018-06-14,541,livros_tecnicos,71.25
2018-06-18,545,livros_tecnicos,69.65
2018-06-19,546,livros_tecnicos,70.74
2018-06-20,547,livros_tecnicos,72.52
2018-06-21,548,livros_tecnicos,68.73
2018-06-23,550,livros_tecnicos,68.11
2018-06-30,557,livros_tecnicos,68.48
2018-07-02,559,livros_tecnicos,51.19
2018-07-03,560,livros_tecnicos,50.26
2018-07-04,561,livros_tecnicos,50.42
2018-07-05,562,livros_tecnicos,49.29
2018-07-08,565,livros_tecnicos,51.55
2018-07-10,567,livros_tecnicos,52.02
2018-07-11,568,livros_tecnicos,51.61
2018-07-13,570,livros_tecnicos,56.79
2018-07-16,573,livros_tecnicos,57.0
2018-07-17,574,livros_tecnicos,53.92
2018-07-19,576,livros_tecnicos,53.56
2018-07-20,577,livros_tecnicos,54.05
2018-07-23,580,livros_tecnicos,54.73
2018-07-24,581,livros_tecnicos,54.09
2018-07-26,583,livros_tecnicos,53.26
2018-07-28,585,livros_tecnicos,55.0
2018-07-31,588,livros_tecnicos,54.98
2018-08-01,589,livros_tecnicos,40.02
2018-08-02,590,livros_tecnicos,38.68
2018-08-03,591,livros_tecnicos,44.88
2018-08-04,592,livros_tecnicos,46.76
2018-08-06,594,livros_tecnicos,46.85
2018-08-07,595,livros_tecnicos,47.52
2018-08-09,597,livros_tecnicos,48.85
2018-08-10,598,livros_tecnicos,51.15
2018-08-11,599,livros_tecnicos,50.9
2018-08-14,602,livros_tecnicos,50.02
2018-08-16,604,livros_tecnicos,50.87
2018-08-17,605,livros_tecnicos,50.92
2018-08-18,606,livros_tecnicos,49.39
2018-08-19,607,livros_tecnicos,47.38
2018-08-20,608,livros_tecnicos,46.18
2018-08-21,609,livros_tecnicos,44.99
2018-08-22,610,livros_tecnicos,44.11
2018-08-23,611,livros_tecnicos,43.13
2017-01-26,37,malas_acessorios,46.89
2017-01-29,40,malas_acessorios,45.58
2017-01-31,42,malas_acessorios,43.79
2017-02-01,43,malas_acessorios,54.92
2017-02-02,44,malas_acessorios,57.59
2017-02-03,45,malas_acessorios,58.28
2017-02-04,46,malas_acessorios,58.6
2017-02-05,47,malas_acessorios,59.76
2017-02-07,49,malas_acessorios,62.93
2017-02-08,50,malas_acessorios,60.28
2017-02-12,54,malas_acessorios,61.18
2017-02-17,59,malas_acessorios,61.45
2017-02-19,61,malas_acessorios,64.73
2017-02-22,64,malas_acessorios,64.6
2017-02-23,65,malas_acessorios,62.18
2017-02-24,66,malas_acessorios,60.64
2017-02-26,68,malas_acessorios,60.85
2017-03-01,71,malas_acessorios,65.91
2017-03-02,72,malas_acessorios,63.19
2017-03-04,74,malas_acessorios,63.85
2017-03-05,75,malas_acessorios,61.52
2017-03-07,77,malas_acessorios,61.14
2017-03-08,78,malas_acessorios,59.39
2017-03-09,79,malas_acessorios,59.43
2017-03-11,81,malas_acessorios,60.01
2017-03-12,82,malas_acessorios,60.26
2017-03-14,84,malas_acessorios,63.37
2017-03-15,85,malas_acessorios,62.47
2017-03-16,86,malas_acessorios,63.23
2017-03-17,87,malas_acessorios,63.13
2017-03-19,89,malas_acessorios,65.46
2017-03-20,90,malas_acessorios,66.72
2017-03-21,91,malas_acessorios,66.31
2017-03-22,92,malas_acessorios,67.57
2017-03-23,93,malas_acessorios,66.66
2017-03-24,94,malas_acessorios,67.18
2017-03-25,95,malas_acessorios,67.41
2017-03-26,96,malas_acessorios,66.64
2017-03-28,98,malas_acessorios,68.22
2017-03-29,99,malas_acessorios,69.04
2017-03-31,101,malas_acessorios,68.72
2017-04-02,103,malas_acessorios,64.25
2017-04-04,105,malas_acessorios,63.03
2017-04-05,106,malas_acessorios,64.36
2017-04-08,109,malas_acessorios,61.45
2017-04-09,110,malas_acessorios,61.28
2017-04-10,111,malas_acessorios,61.17
2017-04-11,112,malas_acessorios,58.88
2017-04-12,113,malas_acessorios,58.6
2017-04-13,114,malas_acessorios,57.02
2017-04-14,115,malas_acessorios,56.84
2017-04-17,118,malas_acessorios,57.64
2017-04-18,119,malas_acessorios,59.21
2017-04-20,121,malas_acessorios,55.41
2017-04-21,122,malas_acessorios,57.59
2017-04-22,123,malas_acessorios,58.91
2017-04-23,124,malas_acessorios,58.16
2017-04-24,125,malas_acessorios,61.88
2017-04-25,126,malas_acessorios,63.45
2017-04-26,127,malas_acessorios,63.92
2017-04-27,128,malas_acessorios,67.35
2017-04-28,129,malas_acessorios,66.34
2017-04-29,130,malas_acessorios,65.05
2017-04-30,131,malas_acessorios,66.76
2017-05-02,133,malas_acessorios,53.89
2017-05-03,134,malas_acessorios,54.7
2017-05-04,135,malas_acessorios,56.11
2017-05-05,136,malas_acessorios,52.94
2017-05-06,137,malas_acessorios,50.77
2017-05-07,138,malas_acessorios,51.35
2017-05-08,139,malas_acessorios,47.36
2017-05-09,140,malas_acessorios,45.34
2017-05-10,141,malas_acessorios,46.29
2017-05-11,142,malas_acessorios,46.73
2017-05-12,143,malas_acessorios,48.98
2017-05-15,146,malas_acessorios,47.43
2017-05-16,147,malas_acessorios,47.31
2017-05-17,148,malas_acessorios,48.21
2017-05-18,149,malas_acessorios,48.74
2017-05-20,151,malas_acessorios,49.55
2017-05-21,152,malas_acessorios,51.39
2017-05-23,154,malas_acessorios,52.8
2017-05-24,155,malas_acessorios,53.23
2017-05-25,156,malas_acessorios,54.31
2017-05-26,157,malas_acessorios,53.51
2017-05-27,158,malas_acessorios,54.8
2017-05-28,159,malas_acessorios,54.87
2017-05-29,160,malas_acessorios,54.45
2017-05-30,161,malas_acessorios,54.55
2017-05-31,162,malas_acessorios,54.51
2017-06-01,163,malas_acessorios,37.67
2017-06-02,164,malas_acessorios,39.03
2017-06-04,166,malas_acessorios,39.17
2017-06-06,168,malas_acessorios,36.88
2017-06-07,169,malas_acessorios,38.81
2017-06-08,170,malas_acessorios,36.11
2017-06-10,172,malas_acessorios,35.6
2017-06-11,173,malas_acessorios,35.73
2017-06-12,174,malas_acessorios,35.38
2017-06-13,175,malas_acessorios,36.3
2017-06-14,176,malas_acessorios,37.59
2017-06-16,178,malas_acessorios,35.83
2017-06-17,179,malas_acessorios,34.52
2017-06-18,180,malas_acessorios,35.61
2017-06-19,181,malas_acessorios,35.6
2017-06-20,182,malas_acessorios,37.38
2017-06-21,183,malas_acessorios,35.36
2017-06-25,187,malas_acessorios,34.84
2017-06-26,188,malas_acessorios,35.43
2017-06-27,189,malas_acessorios,33.68
2017-06-28,190,malas_acessorios,35.69
2017-06-29,191,malas_acessorios,37.07
2017-06-30,192,malas_acessorios,40.45
2017-07-01,193,malas_acessorios,24.23
2017-07-02,194,malas_acessorios,21.99
2017-07-03,195,malas_acessorios,20.33
2017-07-04,196,malas_acessorios,22.78
2017-07-05,197,malas_acessorios,26.27
2017-07-06,198,malas_acessorios,25.09
2017-07-07,199,malas_acessorios,24.83
2017-07-08,200,malas_acessorios,21.01
2017-07-09,201,malas_acessorios,18.91
2017-07-10,202,malas_acessorios,17.69
2017-07-11,203,malas_acessorios,19.39
2017-07-13,205,malas_acessorios,21.32
2017-07-14,206,malas_acessorios,21.06
2017-07-15,207,malas_acessorios,21.65
2017-07-16,208,malas_acessorios,19.08
2017-07-17,209,malas_acessorios,20.69
2017-07-18,210,malas_acessorios,19.59
2017-07-19,211,malas_acessorios,20.8
2017-07-20,212,malas_acessorios,23.34
2017-07-21,213,malas_acessorios,22.95
2017-07-22,214,malas_acessorios,22.93
2017-07-23,215,malas_acessorios,23.57
2017-07-24,216,malas_acessorios,23.95
2017-07-25,217,malas_acessorios,22.33
2017-07-26,218,malas_acessorios,23.12
2017-07-27,219,malas_acessorios,22.84
2017-07-28,220,malas_acessorios,24.7
2017-07-29,221,malas_acessorios,23.5
2017-07-30,222,malas_acessorios,21.68
2017-07-31,223,malas_acessorios,18.77
2017-08-01,224,malas_acessorios,8.18
2017-08-02,225,malas_acessorios,8.64
2017-08-04,227,malas_acessorios,11.02
2017-08-05,228,malas_acessorios,11.22
2017-08-06,229,malas_acessorios,8.65
2017-08-07,230,malas_acessorios,7.25
2017-08-08,231,malas_acessorios,7.43
2017-08-09,232,malas_acessorios,9.15
2017-08-10,233,malas_acessorios,10.5
2017-08-11,234,malas_acessorios,13.59
2017-08-12,235,malas_acessorios,12.72
2017-08-13,236,malas_acessorios,11.96
2017-08-14,237,malas_acessorios,10.29
2017-08-15,238,malas_acessorios,11.15
2017-08-16,239,malas_acessorios,13.21
2017-08-18,241,malas_acessorios,12.92
2017-08-19,242,malas_acessorios,11.89
2017-08-20,243,malas_acessorios,11.39
2017-08-21,244,malas_acessorios,12.88
2017-08-22,245,malas_acessorios,12.47
2017-08-23,246,malas_acessorios,12.31
2017-08-25,248,malas_acessorios,10.77
2017-08-28,251,malas_acessorios,12.51
2017-08-29,252,malas_acessorios,10.66
2017-08-30,253,malas_acessorios,11.12
2017-08-31,254,malas_acessorios,14.48
2017-09-01,255,malas_acessorios,11.86
2017-09-02,256,malas_acessorios,10.43
2017-09-03,257,malas_acessorios,7.26
2017-09-04,258,malas_acessorios,7.3
2017-09-05,259,malas_acessorios,6.17
2017-09-06,260,malas_acessorios,8.46
2017-09-07,261,malas_acessorios,7.66
2017-09-10,264,malas_acessorios,8.68
2017-09-11,265,malas_acessorios,8.04
2017-09-12,266,malas_acessorios,8.42
2017-09-13,267,malas_acessorios,11.22
2017-09-15,269,malas_acessorios,12.87
2017-09-17,271,malas_acessorios,15.42
2017-09-19,273,malas_acessorios,15.68
2017-09-20,274,malas_acessorios,16.87
2017-09-21,275,malas_acessorios,15.2
2017-09-22,276,malas_acessorios,13.95
2017-09-24,278,malas_acessorios,12.49
2017-09-25,279,malas_acessorios,13.86
2017-09-26,280,malas_acessorios,11.28
2017-09-27,281,malas_acessorios,5.0
2017-09-28,282,malas_acessorios,5.92
2017-09-29,283,malas_acessorios,5.53
2017-10-02,286,malas_acessorios,11.24
2017-10-03,287,malas_acessorios,12.05
2017-10-04,288,malas_acessorios,11.36
2017-10-05,289,malas_acessorios,10.09
2017-10-06,290,malas_acessorios,10.65
2017-10-07,291,malas_acessorios,9.51
2017-10-08,292,malas_acessorios,11.29
2017-10-09,293,malas_acessorios,14.37
2017-10-10,294,malas_acessorios,15.25
2017-10-11,295,malas_acessorios,13.81
2017-10-12,296,malas_acessorios,13.43
2017-10-16,300,malas_acessorios,13.9
2017-10-17,301,malas_acessorios,13.34
2017-10-18,302,malas_acessorios,17.57
2017-10-19,303,malas_acessorios,18.59
2017-10-20,304,malas_acessorios,19.85
2017-10-21,305,malas_acessorios,17.8
2017-10-23,307,malas_acessorios,19.37
2017-10-24,308,malas_acessorios,16.72
2017-10-26,310,malas_acessorios,19.32
2017-10-27,311,malas_acessorios,19.22
2017-10-29,313,malas_acessorios,17.3
2017-10-30,314,malas_acessorios,22.06
2017-10-31,315,malas_acessorios,20.85
2017-11-01,316,malas_acessorios,33.01
2017-11-02,317,malas_acessorios,30.83
2017-11-03,318,malas_acessorios,34.39
2017-11-05,320,malas_acessorios,31.53
2017-11-06,321,malas_acessorios,34.19
2017-11-08,323,malas_acessorios,32.12
2017-11-09,324,malas_acessorios,30.5
2017-11-10,325,malas_acessorios,32.63
2017-11-11,326,malas_acessorios,31.58
2017-11-12,327,malas_acessorios,29.89
2017-11-13,328,malas_acessorios,30.47
2017-11-14,329,malas_acessorios,33.55
2017-11-15,330,malas_acessorios,30.04
2017-11-16,331,malas_acessorios,33.42
2017-11-17,332,malas_acessorios,30.58
2017-11-18,333,malas_acessorios,31.08
2017-11-19,334,malas_acessorios,32.43
2017-11-20,335,malas_acessorios,30.58
2017-11-21,336,malas_acessorios,29.75
2017-11-22,337,malas_acessorios,31.59
2017-11-23,338,malas_acessorios,30.16
2017-11-24,339,malas_acessorios,29.98
2017-11-25,340,malas_acessorios,30.88
2017-11-26,341,malas_acessorios,29.35
2017-11-27,342,malas_acessorios,32.47
2017-11-28,343,malas_acessorios,34.19
2017-11-29,344,malas_acessorios,34.62
2017-11-30,345,malas_acessorios,34.34
2017-12-02,347,malas_acessorios,50.34
2017-12-03,348,malas_acessorios,49.1
2017-12-04,349,malas_acessorios,47.88
2017-12-05,350,malas_acessorios,46.89
2017-12-06,351,malas_acessorios,46.17
2017-12-07,352,malas_acessorios,46.89
2017-12-08,353,malas_acessorios,46.57
2017-12-10,355,malas_acessorios,43.48
2017-12-11,356,malas_acessorios,41.66
2017-12-12,357,malas_acessorios,41.36
2017-12-13,358,malas_acessorios,40.28
2017-12-15,360,malas_acessorios,41.91
2017-12-20,365,malas_acessorios,43.19
2017-12-21,366,malas_acessorios,42.65
2017-12-22,367,malas_acessorios,45.31
2017-12-23,368,malas_acessorios,41.75
2017-12-27,372,malas_acessorios,42.31
2017-12-28,373,malas_acessorios,43.97
2017-12-29,374,malas_acessorios,44.92
2017-12-30,375,malas_acessorios,46.08
2017-12-31,376,malas_acessorios,48.5
2018-01-01,377,malas_acessorios,62.21
2018-01-02,378,malas_acessorios,62.58
2018-01-03,379,malas_acessorios,63.95
2018-01-04,380,malas_acessorios,60.61
2018-01-05,381,malas_acessorios,62.3
2018-01-07,383,malas_acessorios,60.75
2018-01-08,384,malas_acessorios,60.42
2018-01-09,385,malas_acessorios,59.62
2018-01-10,386,malas_acessorios,59.9
2018-01-11,387,malas_acessorios,58.92
2018-01-12,388,malas_acessorios,60.03
2018-01-13,389,malas_acessorios,61.34
2018-01-14,390,malas_acessorios,59.63
2018-01-15,391,malas_acessorios,60.12
2018-01-16,392,malas_acessorios,63.52
2018-01-17,393,malas_acessorios,62.99
2018-01-18,394,malas_acessorios,62.56
2018-01-19,395,malas_acessorios,61.54
2018-01-20,396,malas_acessorios,63.28
2018-01-21,397,malas_acessorios,62.19
2018-01-22,398,malas_acessorios,62.36
2018-01-23,399,malas_acessorios,60.98
2018-01-24,400,malas_acessorios,63.4
2018-01-25,401,malas_acessorios,64.73
2018-01-26,402,malas_acessorios,65.29
2018-01-29,405,malas_acessorios,66.28
2018-01-30,406,malas_acessorios,69.13
2018-01-31,407,malas_acessorios,72.18
2018-02-01,408,malas_acessorios,82.39
2018-02-04,411,malas_acessorios,82.17
2018-02-06,413,malas_acessorios,82.92
2018-02-07,414,malas_acessorios,83.77
2018-02-08,415,malas_acessorios,81.98
2018-02-09,416,malas_acessorios,82.46
2018-02-10,417,malas_acessorios,81.23
2018-02-12,419,malas_acessorios,83.57
2018-02-13,420,malas_acessorios,83.39
2018-02-14,421,malas_acessorios,84.7
2018-02-15,422,malas_acessorios,84.07
2018-02-16,423,malas_acessorios,85.65
2018-02-17,424,malas_acessorios,86.9
2018-02-18,425,malas_acessorios,85.32
2018-02-19,426,malas_acessorios,85.49
2018-02-20,427,malas_acessorios,87.4
2018-02-21,428,malas_acessorios,84.88
2018-02-22,429,malas_acessorios,80.95
2018-02-23,430,malas_acessorios,81.81
2018-02-28,435,malas_acessorios,81.09
2018-03-02,437,malas_acessorios,86.59
2018-03-04,439,malas_acessorios,85.78
2018-03-06,441,malas_acessorios,83.77
2018-03-07,442,malas_acessorios,85.22
2018-03-08,443,malas_acessorios,87.71
2018-03-09,444,malas_acessorios,86.02
2018-03-10,445,malas_acessorios,89.77
2018-03-11,446,malas_acessorios,90.36
2018-03-14,449,malas_acessorios,88.61
2018-03-15,450,malas_acessorios,86.84
2018-03-17,452,malas_acessorios,85.13
2018-03-18,453,malas_acessorios,85.07
2018-03-19,454,malas_acessorios,86.14
2018-03-21,456,malas_acessorios,86.5
2018-03-22,457,malas_acessorios,87.26
2018-03-23,458,malas_acessorios,87.59
2018-03-24,459,malas_acessorios,86.47
2018-03-25,460,malas_acessorios,87.67
2018-03-26,461,malas_acessorios,89.72
2018-03-27,462,malas_acessorios,93.04
2018-03-28,463,malas_acessorios,95.0
2018-03-30,465,malas_acessorios,94.08
2018-03-31,466,malas_acessorios,93.02
2018-04-01,467,malas_acessorios,88.62
2018-04-02,468,malas_acessorios,86.68
2018-04-03,469,malas_acessorios,87.02
2018-04-04,470,malas_acessorios,86.28
2018-04-05,471,malas_acessorios,86.28
2018-04-07,473,malas_acessorios,83.64
2018-04-08,474,malas_acessorios,81.37
2018-04-09,475,malas_acessorios,82.99
2018-04-10,476,malas_acessorios,85.41
2018-04-11,477,malas_acessorios,86.75
2018-04-12,478,malas_acessorios,87.69
2018-04-13,479,malas_acessorios,86.79
2018-04-15,481,malas_acessorios,85.45
2018-04-16,482,malas_acessorios,84.1
2018-04-17,483,malas_acessorios,84.01
2018-04-18,484,malas_acessorios,84.33
2018-04-19,485,malas_acessorios,85.35
2018-04-20,486,malas_acessorios,82.69
2018-04-21,487,malas_acessorios,80.62
2018-04-22,488,malas_acessorios,82.34
2018-04-23,489,malas_acessorios,80.67
2018-04-24,490,malas_acessorios,81.35
2018-04-25,491,malas_acessorios,82.55
2018-04-26,492,malas_acessorios,82.16
2018-04-27,493,malas_acessorios,83.82
2018-04-29,495,malas_acessorios,85.13
2018-04-30,496,malas_acessorios,85.61
2018-05-01,497,malas_acessorios,74.0
2018-05-02,498,malas_acessorios,75.13
2018-05-03,499,malas_acessorios,72.97
2018-05-04,500,malas_acessorios,73.87
2018-05-05,501,malas_acessorios,72.06
2018-05-06,502,malas_acessorios,71.73
2018-05-07,503,malas_acessorios,71.46
2018-05-08,504,malas_acessorios,70.5
2018-05-10,506,malas_acessorios,67.32
2018-05-11,507,malas_acessorios,63.4
2018-05-12,508,malas_acessorios,65.22
2018-05-13,509,malas_acessorios,64.53
2018-05-14,510,malas_acessorios,63.4
2018-05-15,511,malas_acessorios,64.64
2018-05-16,512,malas_acessorios,66.8
2018-05-17,513,malas_acessorios,67.76
2018-05-18,514,malas_acessorios,69.31
2018-05-21,517,malas_acessorios,72.09
2018-05-22,518,malas_acessorios,73.95
2018-05-24,520,malas_acessorios,78.23
2018-05-25,521,malas_acessorios,77.27
2018-05-27,523,malas_acessorios,76.04
2018-05-28,524,malas_acessorios,77.83
2018-05-29,525,malas_acessorios,76.78
2018-06-01,528,malas_acessorios,59.61
2018-06-03,530,malas_acessorios,57.57
2018-06-04,531,malas_acessorios,57.81
2018-06-06,533,malas_acessorios,55.15
2018-06-07,534,malas_acessorios,53.03
2018-06-08,535,malas_acessorios,52.29
2018-06-09,536,malas_acessorios,51.85
2018-06-10,537,malas_acessorios,52.3
2018-06-11,538,malas_acessorios,52.9
2018-06-13,540,malas_acessorios,52.57
2018-06-14,541,malas_acessorios,55.3
2018-06-15,542,malas_acessorios,56.96
2018-06-17,544,malas_acessorios,57.05
2018-06-18,545,malas_acessorios,56.53
2018-06-19,546,malas_acessorios,60.06
2018-06-20,547,malas_acessorios,58.41
2018-06-21,548,malas_acessorios,58.06
2018-06-23,550,malas_acessorios,60.41
2018-06-24,551,malas_acessorios,59.2
2018-06-25,552,malas_acessorios,59.34
2018-06-27,554,malas_acessorios,59.26
2018-06-29,556,malas_acessorios,58.68
2018-07-03,560,malas_acessorios,43.14
2018-07-04,561,malas_acessorios,42.69
2018-07-05,562,malas_acessorios,42.7
2018-07-06,563,malas_acessorios,43.66
2018-07-07,564,malas_acessorios,45.78
2018-07-09,566,malas_acessorios,44.46
2018-07-10,567,malas_acessorios,44.16
2018-07-11,568,malas_acessorios,45.12
2018-07-12,569,malas_acessorios,44.2
2018-07-14,571,malas_acessorios,43.34
2018-07-15,572,malas_acessorios,44.93
2018-07-16,573,malas_acessorios,43.71
2018-07-17,574,malas_acessorios,44.19
2018-07-18,575,malas_acessorios,42.36
2018-07-19,576,malas_acessorios,43.59
2018-07-20,577,malas_acessorios,42.52
2018-07-21,578,malas_acessorios,44.48
2018-07-22,579,malas_acessorios,43.52
2018-07-23,580,malas_acessorios,42.87
2018-07-24,581,malas_acessorios,44.21
2018-07-25,582,malas_acessorios,43.49
2018-07-26,583,malas_acessorios,44.49
2018-07-27,584,malas_acessorios,42.68
2018-07-28,585,malas_acessorios,45.0
2018-07-29,586,malas_acessorios,40.86
2018-07-31,588,malas_acessorios,42.05
2018-08-01,589,malas_acessorios,32.89
2018-08-02,590,malas_acessorios,31.92
2018-08-03,591,malas_acessorios,33.77
2018-08-04,592,malas_acessorios,32.93
2018-08-05,593,malas_acessorios,32.86
2018-08-06,594,malas_acessorios,34.75
2018-08-07,595,malas_acessorios,37.1
2018-08-08,596,malas_acessorios,36.17
2018-08-09,597,malas_acessorios,40.57
2018-08-12,600,malas_acessorios,40.63
2018-08-13,601,malas_acessorios,37.41
2018-08-14,602,malas_acessorios,38.9
2018-08-15,603,malas_acessorios,36.31
2018-08-16,604,malas_acessorios,36.73
2018-08-17,605,malas_acessorios,36.39
2018-08-18,606,malas_acessorios,35.19
2018-08-19,607,malas_acessorios,36.79
2018-08-20,608,malas_acessorios,36.11
2018-08-21,609,malas_acessorios,35.23
2018-08-22,610,malas_acessorios,37.0
2018-08-23,611,malas_acessorios,36.77
2018-08-26,614,malas_acessorios,35.54
2018-08-27,615,malas_acessorios,36.02
2016-10-05,8,market_place,5.0
2016-10-06,9,market_place,7.44
2016-10-07,10,market_place,9.71
2016-10-10,13,market_place,10.06
2017-01-16,27,market_place,56.51
2017-01-18,29,market_place,55.95
2017-01-19,30,market_place,55.31
2017-01-24,35,market_place,56.27
2017-01-30,41,market_place,57.33
2017-01-31,42,market_place,55.75
2017-02-01,43,market_place,68.63
2017-02-06,48,market_place,66.83
2017-02-07,49,market_place,65.39
2017-02-08,50,market_place,67.77
2017-02-10,52,market_place,64.7
2017-02-11,53,market_place,66.3
2017-02-14,56,market_place,66.13
2017-02-16,58,market_place,63.07
2017-02-18,60,market_place,63.39
2017-02-19,61,market_place,65.23
2017-02-20,62,market_place,66.31
2017-02-21,63,market_place,68.08
2017-02-22,64,market_place,70.17
2017-02-24,66,market_place,73.85
2017-02-27,69,market_place,73.6
2017-03-01,71,market_place,75.01
2017-03-03,73,market_place,74.59
2017-03-05,75,market_place,77.18
2017-03-06,76,market_place,74.1
2017-03-07,77,market_place,72.71
2017-03-08,78,market_place,72.23
2017-03-09,79,market_place,74.44
2017-03-13,83,market_place,74.91
2017-03-16,86,market_place,71.95
2017-03-20,90,market_place,69.33
2017-03-24,94,market_place,72.19
2017-03-31,101,market_place,73.9
2017-04-03,104,market_place,69.27
2017-04-05,106,market_place,69.26
2017-04-06,107,market_place,68.26
2017-04-07,108,market_place,66.54
2017-04-08,109,market_place,62.38
2017-04-13,114,market_place,60.93
2017-04-18,119,market_place,59.06
2017-04-19,120,market_place,65.02
2017-04-23,124,market_place,63.84
2017-04-25,126,market_place,64.71
2017-04-26,127,market_place,62.64
2017-04-27,128,market_place,64.24
2017-04-29,130,market_place,65.45
2017-05-02,133,market_place,54.07
2017-05-03,134,market_place,56.15
2017-05-05,136,market_place,56.04
2017-05-07,138,market_place,56.87
2017-05-12,143,market_place,56.08
2017-05-14,145,market_place,56.89
2017-05-15,146,market_place,56.05
2017-05-16,147,market_place,58.76
2017-05-18,149,market_place,60.29
2017-05-21,152,market_place,60.22
2017-05-25,156,market_place,61.08
2017-05-29,160,market_place,61.95
2017-05-31,162,market_place,63.76
2017-06-01,163,market_place,49.39
2017-06-03,165,market_place,46.99
2017-06-07,169,market_place,47.61
2017-06-08,170,market_place,46.94
2017-06-10,172,market_place,46.48
2017-06-11,173,market_place,45.31
2017-06-13,175,market_place,45.33
2017-06-16,178,market_place,47.5
2017-06-22,184,market_place,47.56
2017-06-23,185,market_place,46.46
2017-06-27,189,market_place,43.49
2017-06-29,191,market_place,43.55
2017-07-03,195,market_place,26.31
2017-07-04,196,market_place,25.68
2017-07-07,199,market_place,25.82
2017-07-10,202,market_place,26.02
2017-07-15,207,market_place,26.48
2017-07-16,208,market_place,25.15
2017-07-20,212,market_place,24.03
2017-07-23,215,market_place,23.53
2017-07-24,216,market_place,25.52
2017-07-29,221,market_place,27.48
2017-07-31,223,market_place,28.24
2017-08-01,224,market_place,16.75
2017-08-04,227,market_place,17.35
2017-08-05,228,market_place,20.09
2017-08-07,230,market_place,21.25
2017-08-08,231,market_place,21.92
2017-08-11,234,market_place,24.11
2017-08-12,235,market_place,26.48
2017-08-15,238,market_place,27.84
2017-08-16,239,market_place,27.24
2017-08-17,240,market_place,28.37
2017-08-18,241,market_place,28.01
2017-08-22,245,market_place,25.85
2017-08-23,246,market_place,24.12
2017-08-24,247,market_place,23.24
2017-08-25,248,market_place,22.06
2017-08-31,254,market_place,22.33
2017-09-01,255,market_place,14.14
2017-09-04,258,market_place,12.33
2017-09-10,264,market_place,11.21
2017-09-11,265,market_place,8.07
2017-09-15,269,market_place,11.35
2017-09-17,271,market_place,11.67
2017-09-23,277,market_place,10.91
2017-09-24,278,market_place,12.08
2017-09-29,283,market_place,13.67
2017-10-05,289,market_place,15.8
2017-10-11,295,market_place,19.04
2017-10-13,297,market_place,20.19
2017-10-14,298,market_place,23.75
2017-10-16,300,market_place,26.37
2017-10-24,308,market_place,24.54
2017-10-26,310,market_place,25.29
2017-10-27,311,market_place,25.25
2017-11-01,316,market_place,35.14
2017-11-02,317,market_place,36.16
2017-11-10,325,market_place,37.68
2017-11-13,328,market_place,37.68
2017-11-16,331,market_place,39.32
2017-11-18,333,market_place,33.77
2017-11-24,339,market_place,34.98
2017-11-26,341,market_place,35.37
2017-11-27,342,market_place,37.08
2017-12-04,349,market_place,53.3
2017-12-06,351,market_place,53.54
2017-12-09,354,market_place,52.61
2017-12-10,355,market_place,55.63
2017-12-12,357,market_place,56.31
2017-12-14,359,market_place,56.16
2017-12-16,361,market_place,58.93
2017-12-18,363,market_place,56.8
2017-12-19,364,market_place,55.93
2017-12-21,366,market_place,54.96
2017-12-22,367,market_place,53.62
2017-12-27,372,market_place,53.81
2018-01-02,378,market_place,68.86
2018-01-03,379,market_place,65.9
2018-01-10,386,market_place,64.99
2018-01-11,387,market_place,64.04
2018-01-15,391,market_place,64.4
2018-01-17,393,market_place,64.58
2018-01-20,396,market_place,63.29
2018-01-21,397,market_place,63.33
2018-01-22,398,market_place,64.79
2018-01-30,406,market_place,66.38
2018-02-01,408,market_place,80.15
2018-02-05,412,market_place,81.65
2018-02-06,413,market_place,82.56
2018-02-07,414,market_place,82.1
2018-02-11,418,market_place,81.63
2018-02-12,419,market_place,81.58
2018-02-13,420,market_place,82.28
2018-02-14,421,market_place,84.33
2018-02-16,423,market_place,85.45
2018-02-18,425,market_place,83.52
2018-02-19,426,market_place,81.56
2018-02-20,427,market_place,79.52
2018-02-21,428,market_place,78.8
2018-02-22,429,market_place,80.4
2018-02-24,431,market_place,80.76
2018-03-01,436,market_place,83.42
2018-03-03,438,market_place,85.16
2018-03-04,439,market_place,83.92
2018-03-06,441,market_place,84.01
2018-03-07,442,market_place,84.9
2018-03-08,443,market_place,86.32
2018-03-11,446,market_place,87.6
2018-03-17,452,market_place,87.66
2018-03-20,455,market_place,87.02
2018-03-22,457,market_place,87.06
2018-03-23,458,market_place,89.35
2018-03-28,463,market_place,91.41
2018-03-30,465,market_place,92.42
2018-03-31,466,market_place,93.84
2018-04-02,468,market_place,91.91
2018-04-03,469,market_place,92.43
2018-04-09,475,market_place,93.62
2018-04-12,478,market_place,91.88
2018-04-13,479,market_place,91.78
2018-04-16,482,market_place,92.23
2018-04-21,487,market_place,95.0
2018-04-22,488,market_place,94.6
2018-04-23,489,market_place,93.3
2018-04-25,491,market_place,92.9
2018-04-27,493,market_place,91.76
2018-04-28,494,market_place,91.82
2018-04-30,496,market_place,89.61
2018-05-01,497,market_place,80.27
2018-05-04,500,market_place,79.89
2018-05-08,504,market_place,80.61
2018-05-10,506,market_place,77.84
2018-05-11,507,market_place,76.15
2018-05-13,509,market_place,78.49
2018-05-15,511,market_place,76.91
2018-05-19,515,market_place,75.67
2018-05-20,516,market_place,75.2
2018-05-27,523,market_place,75.65
2018-05-31,527,market_place,74.29
2018-06-07,534,market_place,58.67
2018-06-10,537,market_place,56.64
2018-06-13,540,market_place,56.45
2018-06-14,541,market_place,59.8
2018-06-24,551,market_place,59.08
2018-06-26,553,market_place,59.6
2018-07-14,571,market_place,45.26
2018-07-25,582,market_place,46.16
2018-07-26,583,market_place,48.45
2018-07-27,584,market_place,49.52
2018-08-05,593,market_place,38.88
2018-08-12,600,market_place,38.39
2018-08-13,601,market_place,38.47
2018-08-14,602,market_place,36.33
2018-08-16,604,market_place,36.32
2018-08-21,609,market_place,36.27
2018-08-22,610,market_place,36.22
2017-04-28,129,moveis_colchao_e_estofado,57.58
2017-05-11,142,moveis_colchao_e_estofado,47.81
2017-05-20,151,moveis_colchao_e_estofado,46.02
2017-05-31,162,moveis_colchao_e_estofado,47.22
2017-07-18,210,moveis_colchao_e_estofado,14.65
2017-08-16,239,moveis_colchao_e_estofado,6.3
2017-08-28,251,moveis_colchao_e_estofado,8.78
2017-09-16,270,moveis_colchao_e_estofado,5.0
2017-11-15,330,moveis_colchao_e_estofado,23.82
2017-11-27,342,moveis_colchao_e_estofado,23.42
2017-12-03,348,moveis_colchao_e_estofado,39.64
2017-12-06,351,moveis_colchao_e_estofado,40.46
2017-12-12,357,moveis_colchao_e_estofado,46.58
2017-12-13,358,moveis_colchao_e_estofado,47.68
2017-12-18,363,moveis_colchao_e_estofado,52.71
2017-12-19,364,moveis_colchao_e_estofado,51.56
2017-12-20,365,moveis_colchao_e_estofado,51.52
2018-01-05,381,moveis_colchao_e_estofado,67.63
2018-01-08,384,moveis_colchao_e_estofado,68.0
2018-01-11,387,moveis_colchao_e_estofado,69.13
2018-01-15,391,moveis_colchao_e_estofado,68.63
2018-01-18,394,moveis_colchao_e_estofado,69.22
2018-01-20,396,moveis_colchao_e_estofado,65.38
2018-01-21,397,moveis_colchao_e_estofado,64.87
2018-01-28,404,moveis_colchao_e_estofado,63.93
2018-02-07,414,moveis_colchao_e_estofado,77.4
2018-02-08,415,moveis_colchao_e_estofado,79.0
2018-02-21,428,moveis_colchao_e_estofado,80.79
2018-02-22,429,moveis_colchao_e_estofado,80.26
2018-02-23,430,moveis_colchao_e_estofado,81.23
2018-02-25,432,moveis_colchao_e_estofado,84.26
2018-03-03,438,moveis_colchao_e_estofado,87.96
2018-03-06,441,moveis_colchao_e_estofado,90.16
2018-03-18,453,moveis_colchao_e_estofado,92.42
2018-03-20,455,moveis_colchao_e_estofado,95.0
2018-07-03,560,moveis_colchao_e_estofado,48.95
2017-01-26,37,moveis_cozinha_area_de_servico_jantar_e_jardim,46.69
2017-02-19,61,moveis_cozinha_area_de_servico_jantar_e_jardim,58.56
2017-02-27,69,moveis_cozinha_area_de_servico_jantar_e_jardim,60.4
2017-03-08,78,moveis_cozinha_area_de_servico_jantar_e_jardim,66.69
2017-03-25,95,moveis_cozinha_area_de_servico_jantar_e_jardim,70.55
2017-04-06,107,moveis_cozinha_area_de_servico_jantar_e_jardim,65.53
2017-04-08,109,moveis_cozinha_area_de_servico_jantar_e_jardim,66.74
2017-04-09,110,moveis_cozinha_area_de_servico_jantar_e_jardim,67.41
2017-04-14,115,moveis_cozinha_area_de_servico_jantar_e_jardim,68.71
2017-04-16,117,moveis_cozinha_area_de_servico_jantar_e_jardim,70.16
2017-04-20,121,moveis_cozinha_area_de_servico_jantar_e_jardim,70.23
2017-04-24,125,moveis_cozinha_area_de_servico_jantar_e_jardim,69.43
2017-04-28,129,moveis_cozinha_area_de_servico_jantar_e_jardim,65.99
2017-05-02,133,moveis_cozinha_area_de_servico_jantar_e_jardim,55.87
2017-05-06,137,moveis_cozinha_area_de_servico_jantar_e_jardim,54.0
2017-05-15,146,moveis_cozinha_area_de_servico_jantar_e_jardim,53.65
2017-05-18,149,moveis_cozinha_area_de_servico_jantar_e_jardim,54.98
2017-05-25,156,moveis_cozinha_area_de_servico_jantar_e_jardim,54.5
2017-05-26,157,moveis_cozinha_area_de_servico_jantar_e_jardim,52.22
2017-06-04,166,moveis_cozinha_area_de_servico_jantar_e_jardim,37.55
2017-06-07,169,moveis_cozinha_area_de_servico_jantar_e_jardim,37.54
2017-06-23,185,moveis_cozinha_area_de_servico_jantar_e_jardim,38.21
2017-06-28,190,moveis_cozinha_area_de_servico_jantar_e_jardim,39.93
2017-07-12,204,moveis_cozinha_area_de_servico_jantar_e_jardim,23.07
2017-07-15,207,moveis_cozinha_area_de_servico_jantar_e_jardim,24.46
2017-07-18,210,moveis_cozinha_area_de_servico_jantar_e_jardim,25.4
2017-07-20,212,moveis_cozinha_area_de_servico_jantar_e_jardim,26.11
2017-07-21,213,moveis_cozinha_area_de_servico_jantar_e_jardim,27.63
2017-07-23,215,moveis_cozinha_area_de_servico_jantar_e_jardim,30.65
2017-07-24,216,moveis_cozinha_area_de_servico_jantar_e_jardim,29.04
2017-07-28,220,moveis_cozinha_area_de_servico_jantar_e_jardim,27.69
2017-07-31,223,moveis_cozinha_area_de_servico_jantar_e_jardim,30.17
2017-08-02,225,moveis_cozinha_area_de_servico_jantar_e_jardim,17.52
2017-08-08,231,moveis_cozinha_area_de_servico_jantar_e_jardim,16.82
2017-08-12,235,moveis_cozinha_area_de_servico_jantar_e_jardim,13.92
2017-08-13,236,moveis_cozinha_area_de_servico_jantar_e_jardim,13.85
2017-08-15,238,moveis_cozinha_area_de_servico_jantar_e_jardim,13.33
2017-08-16,239,moveis_cozinha_area_de_servico_jantar_e_jardim,9.98
2017-08-31,254,moveis_cozinha_area_de_servico_jantar_e_jardim,9.63
2017-09-03,257,moveis_cozinha_area_de_servico_jantar_e_jardim,5.0
2017-09-12,266,moveis_cozinha_area_de_servico_jantar_e_jardim,9.86
2017-09-13,267,moveis_cozinha_area_de_servico_jantar_e_jardim,7.29
2017-09-19,273,moveis_cozinha_area_de_servico_jantar_e_jardim,7.22
2017-09-24,278,moveis_cozinha_area_de_servico_jantar_e_jardim,6.91
2017-10-03,287,moveis_cozinha_area_de_servico_jantar_e_jardim,15.18
2017-10-05,289,moveis_cozinha_area_de_servico_jantar_e_jardim,14.48
2017-10-16,300,moveis_cozinha_area_de_servico_jantar_e_jardim,13.58
2017-10-20,304,moveis_cozinha_area_de_servico_jantar_e_jardim,16.49
2017-10-22,306,moveis_cozinha_area_de_servico_jantar_e_jardim,14.41
2017-10-24,308,moveis_cozinha_area_de_servico_jantar_e_jardim,15.97
2017-10-25,309,moveis_cozinha_area_de_servico_jantar_e_jardim,15.03
2017-10-28,312,moveis_cozinha_area_de_servico_jantar_e_jardim,16.6
2017-10-31,315,moveis_cozinha_area_de_servico_jantar_e_jardim,18.1
2017-11-02,317,moveis_cozinha_area_de_servico_jantar_e_jardim,32.42
2017-11-06,321,moveis_cozinha_area_de_servico_jantar_e_jardim,33.13
2017-11-07,322,moveis_cozinha_area_de_servico_jantar_e_jardim,35.25
2017-11-10,325,moveis_cozinha_area_de_servico_jantar_e_jardim,36.86
2017-11-12,327,moveis_cozinha_area_de_servico_jantar_e_jardim,37.27
2017-11-14,329,moveis_cozinha_area_de_servico_jantar_e_jardim,38.06
2017-11-16,331,moveis_cozinha_area_de_servico_jantar_e_jardim,38.42
2017-11-17,332,moveis_cozinha_area_de_servico_jantar_e_jardim,35.17
2017-11-19,334,moveis_cozinha_area_de_servico_jantar_e_jardim,34.2
2017-11-20,335,moveis_cozinha_area_de_servico_jantar_e_jardim,29.8
2017-11-21,336,moveis_cozinha_area_de_servico_jantar_e_jardim,29.4
2017-11-22,337,moveis_cozinha_area_de_servico_jantar_e_jardim,26.68
2017-11-23,338,moveis_cozinha_area_de_servico_jantar_e_jardim,26.74
2017-11-24,339,moveis_cozinha_area_de_servico_jantar_e_jardim,26.85
2017-11-26,341,moveis_cozinha_area_de_servico_jantar_e_jardim,27.3
2017-11-28,343,moveis_cozinha_area_de_servico_jantar_e_jardim,27.23
2017-11-29,344,moveis_cozinha_area_de_servico_jantar_e_jardim,27.73
2017-12-01,346,moveis_cozinha_area_de_servico_jantar_e_jardim,48.13
2017-12-02,347,moveis_cozinha_area_de_servico_jantar_e_jardim,49.69
2017-12-04,349,moveis_cozinha_area_de_servico_jantar_e_jardim,54.63
2017-12-06,351,moveis_cozinha_area_de_servico_jantar_e_jardim,54.52
2017-12-08,353,moveis_cozinha_area_de_servico_jantar_e_jardim,54.84
2017-12-10,355,moveis_cozinha_area_de_servico_jantar_e_jardim,54.59
2017-12-11,356,moveis_cozinha_area_de_servico_jantar_e_jardim,52.43
2017-12-14,359,moveis_cozinha_area_de_servico_jantar_e_jardim,50.72
2017-12-18,363,moveis_cozinha_area_de_servico_jantar_e_jardim,50.05
2017-12-21,366,moveis_cozinha_area_de_servico_jantar_e_jardim,48.08
2017-12-25,370,moveis_cozinha_area_de_servico_jantar_e_jardim,46.46
2017-12-26,371,moveis_cozinha_area_de_servico_jantar_e_jardim,46.32
2017-12-31,376,moveis_cozinha_area_de_servico_jantar_e_jardim,45.58
2018-01-03,379,moveis_cozinha_area_de_servico_jantar_e_jardim,62.15
2018-01-06,382,moveis_cozinha_area_de_servico_jantar_e_jardim,60.65
2018-01-07,383,moveis_cozinha_area_de_servico_jantar_e_jardim,59.44
2018-01-09,385,moveis_cozinha_area_de_servico_jantar_e_jardim,60.63
2018-01-10,386,moveis_cozinha_area_de_servico_jantar_e_jardim,60.51
2018-01-14,390,moveis_cozinha_area_de_servico_jantar_e_jardim,63.6
2018-01-17,393,moveis_cozinha_area_de_servico_jantar_e_jardim,63.58
2018-01-19,395,moveis_cozinha_area_de_servico_jantar_e_jardim,62.22
2018-01-23,399,moveis_cozinha_area_de_servico_jantar_e_jardim,59.21
2018-01-24,400,moveis_cozinha_area_de_servico_jantar_e_jardim,58.97
2018-01-26,402,moveis_cozinha_area_de_servico_jantar_e_jardim,57.59
2018-01-29,405,moveis_cozinha_area_de_servico_jantar_e_jardim,60.19
2018-01-31,407,moveis_cozinha_area_de_servico_jantar_e_jardim,59.65
2018-02-01,408,moveis_cozinha_area_de_servico_jantar_e_jardim,72.79
2018-02-02,409,moveis_cozinha_area_de_servico_jantar_e_jardim,73.6
2018-02-03,410,moveis_cozinha_area_de_servico_jantar_e_jardim,75.1
2018-02-06,413,moveis_cozinha_area_de_servico_jantar_e_jardim,76.94
2018-02-09,416,moveis_cozinha_area_de_servico_jantar_e_jardim,75.6
2018-02-10,417,moveis_cozinha_area_de_servico_jantar_e_jardim,76.79
2018-02-19,426,moveis_cozinha_area_de_servico_jantar_e_jardim,77.39
2018-02-20,427,moveis_cozinha_area_de_servico_jantar_e_jardim,77.76
2018-02-25,432,moveis_cozinha_area_de_servico_jantar_e_jardim,74.19
2018-02-26,433,moveis_cozinha_area_de_servico_jantar_e_jardim,77.2
2018-02-28,435,moveis_cozinha_area_de_servico_jantar_e_jardim,78.13
2018-03-01,436,moveis_cozinha_area_de_servico_jantar_e_jardim,83.52
2018-03-06,441,moveis_cozinha_area_de_servico_jantar_e_jardim,80.89
2018-03-13,448,moveis_cozinha_area_de_servico_jantar_e_jardim,80.98
2018-03-16,451,moveis_cozinha_area_de_servico_jantar_e_jardim,82.55
2018-03-18,453,moveis_cozinha_area_de_servico_jantar_e_jardim,84.54
2018-03-21,456,moveis_cozinha_area_de_servico_jantar_e_jardim,83.51
2018-03-22,457,moveis_cozinha_area_de_servico_jantar_e_jardim,86.7
2018-03-27,462,moveis_cozinha_area_de_servico_jantar_e_jardim,88.59
2018-03-31,466,moveis_cozinha_area_de_servico_jantar_e_jardim,88.62
2018-04-06,472,moveis_cozinha_area_de_servico_jantar_e_jardim,83.57
2018-04-12,478,moveis_cozinha_area_de_servico_jantar_e_jardim,82.5
2018-04-13,479,moveis_cozinha_area_de_servico_jantar_e_jardim,83.63
2018-04-14,480,moveis_cozinha_area_de_servico_jantar_e_jardim,84.18
2018-04-15,481,moveis_cozinha_area_de_servico_jantar_e_jardim,86.91
2018-04-16,482,moveis_cozinha_area_de_servico_jantar_e_jardim,87.22
2018-04-19,485,moveis_cozinha_area_de_servico_jantar_e_jardim,87.43
2018-04-21,487,moveis_cozinha_area_de_servico_jantar_e_jardim,85.81
2018-04-22,488,moveis_cozinha_area_de_servico_jantar_e_jardim,90.15
2018-04-23,489,moveis_cozinha_area_de_servico_jantar_e_jardim,90.47
2018-04-24,490,moveis_cozinha_area_de_servico_jantar_e_jardim,91.71
2018-04-26,492,moveis_cozinha_area_de_servico_jantar_e_jardim,93.47
2018-04-27,493,moveis_cozinha_area_de_servico_jantar_e_jardim,94.3
2018-04-29,495,moveis_cozinha_area_de_servico_jantar_e_jardim,95.0
2018-05-01,497,moveis_cozinha_area_de_servico_jantar_e_jardim,80.94
2018-05-03,499,moveis_cozinha_area_de_servico_jantar_e_jardim,79.06
2018-05-05,501,moveis_cozinha_area_de_servico_jantar_e_jardim,80.42
2018-05-09,505,moveis_cozinha_area_de_servico_jantar_e_jardim,79.52
2018-05-14,510,moveis_cozinha_area_de_servico_jantar_e_jardim,76.17
2018-05-15,511,moveis_cozinha_area_de_servico_jantar_e_jardim,73.8
2018-05-18,514,moveis_cozinha_area_de_servico_jantar_e_jardim,75.91
2018-05-21,517,moveis_cozinha_area_de_servico_jantar_e_jardim,75.28
2018-05-22,518,moveis_cozinha_area_de_servico_jantar_e_jardim,75.04
2018-05-24,520,moveis_cozinha_area_de_servico_jantar_e_jardim,72.29
2018-06-02,529,moveis_cozinha_area_de_servico_jantar_e_jardim,54.37
2018-06-05,532,moveis_cozinha_area_de_servico_jantar_e_jardim,55.21
2018-06-06,533,moveis_cozinha_area_de_servico_jantar_e_jardim,57.06
2018-06-07,534,moveis_cozinha_area_de_servico_jantar_e_jardim,58.66
2018-06-10,537,moveis_cozinha_area_de_servico_jantar_e_jardim,60.87
2018-06-13,540,moveis_cozinha_area_de_servico_jantar_e_jardim,62.84
2018-06-15,542,moveis_cozinha_area_de_servico_jantar_e_jardim,59.23
2018-06-19,546,moveis_cozinha_area_de_servico_jantar_e_jardim,60.94
2018-06-20,547,moveis_cozinha_area_de_servico_jantar_e_jardim,59.9
2018-06-21,548,moveis_cozinha_area_de_servico_jantar_e_jardim,63.31
2018-06-22,549,moveis_cozinha_area_de_servico_jantar_e_jardim,66.29
2018-06-23,550,moveis_cozinha_area_de_servico_jantar_e_jardim,65.28
2018-06-24,551,moveis_cozinha_area_de_servico_jantar_e_jardim,62.77
2018-06-25,552,moveis_cozinha_area_de_servico_jantar_e_jardim,60.34
2018-06-27,554,moveis_cozinha_area_de_servico_jantar_e_jardim,61.21
2018-06-29,556,moveis_cozinha_area_de_servico_jantar_e_jardim,60.44
2018-07-02,559,moveis_cozinha_area_de_servico_jantar_e_jardim,42.22
2018-07-03,560,moveis_cozinha_area_de_servico_jantar_e_jardim,41.15
2018-07-04,561,moveis_cozinha_area_de_servico_jantar_e_jardim,41.44
2018-07-05,562,moveis_cozinha_area_de_servico_jantar_e_jardim,38.07
2018-07-06,563,moveis_cozinha_area_de_servico_jantar_e_jardim,39.76
2018-07-09,566,moveis_cozinha_area_de_servico_jantar_e_jardim,42.27
2018-07-12,569,moveis_cozinha_area_de_servico_jantar_e_jardim,43.0
2018-07-18,575,moveis_cozinha_area_de_servico_jantar_e_jardim,44.88
2018-07-20,577,moveis_cozinha_area_de_servico_jantar_e_jardim,41.77
2018-07-21,578,moveis_cozinha_area_de_servico_jantar_e_jardim,40.37
2018-07-22,579,moveis_cozinha_area_de_servico_jantar_e_jardim,44.87
2018-07-24,581,moveis_cozinha_area_de_servico_jantar_e_jardim,44.0
2018-07-25,582,moveis_cozinha_area_de_servico_jantar_e_jardim,44.86
2018-07-27,584,moveis_cozinha_area_de_servico_jantar_e_jardim,44.35
2018-07-28,585,moveis_cozinha_area_de_servico_jantar_e_jardim,40.84
2018-07-30,587,moveis_cozinha_area_de_servico_jantar_e_jardim,41.64
2018-07-31,588,moveis_cozinha_area_de_servico_jantar_e_jardim,42.64
2018-08-01,589,moveis_cozinha_area_de_servico_jantar_e_jardim,33.46
2018-08-03,591,moveis_cozinha_area_de_servico_jantar_e_jardim,37.15
2018-08-04,592,moveis_cozinha_area_de_servico_jantar_e_jardim,38.65
2018-08-05,593,moveis_cozinha_area_de_servico_jantar_e_jardim,37.82
2018-08-08,596,moveis_cozinha_area_de_servico_jantar_e_jardim,38.19
2018-08-13,601,moveis_cozinha_area_de_servico_jantar_e_jardim,40.87
2018-08-14,602,moveis_cozinha_area_de_servico_jantar_e_jardim,44.97
2018-08-15,603,moveis_cozinha_area_de_servico_jantar_e_jardim,46.98
2018-08-17,605,moveis_cozinha_area_de_servico_jantar_e_jardim,46.65
2018-08-23,611,moveis_cozinha_area_de_servico_jantar_e_jardim,48.14
2018-08-24,612,moveis_cozinha_area_de_servico_jantar_e_jardim,46.87
2018-08-26,614,moveis_cozinha_area_de_servico_jantar_e_jardim,47.31
2018-08-29,617,moveis_cozinha_area_de_servico_jantar_e_jardim,45.08
2018-09-03,620,moveis_cozinha_area_de_servico_jantar_e_jardim,40.85
2016-09-04,1,moveis_decoracao,12.62
2016-10-03,6,moveis_decoracao,14.48
2016-10-04,7,moveis_decoracao,12.73
2016-10-05,8,moveis_decoracao,14.48
2016-10-06,9,moveis_decoracao,12.67
2016-10-07,10,moveis_decoracao,8.44
2016-10-08,11,moveis_decoracao,8.85
2016-10-09,12,moveis_decoracao,5.0
2016-10-10,13,moveis_decoracao,6.16
2017-01-07,18,moveis_decoracao,52.24
2017-01-08,19,moveis_decoracao,53.04
2017-01-09,20,moveis_decoracao,54.65
2017-01-10,21,moveis_decoracao,55.94
2017-01-11,22,moveis_decoracao,53.44
2017-01-12,23,moveis_decoracao,54.46
2017-01-13,24,moveis_decoracao,59.03
2017-01-14,25,moveis_decoracao,57.78
2017-01-15,26,moveis_decoracao,60.91
2017-01-16,27,moveis_decoracao,59.22
2017-01-17,28,moveis_decoracao,57.37
2017-01-18,29,moveis_decoracao,55.97
2017-01-19,30,moveis_decoracao,55.79
2017-01-20,31,moveis_decoracao,55.62
2017-01-21,32,moveis_decoracao,55.32
2017-01-22,33,moveis_decoracao,54.92
2017-01-23,34,moveis_decoracao,51.7
2017-01-24,35,moveis_decoracao,50.77
2017-01-25,36,moveis_decoracao,47.46
2017-01-26,37,moveis_decoracao,47.26
2017-01-27,38,moveis_decoracao,49.01
2017-01-28,39,moveis_decoracao,50.12
2017-01-29,40,moveis_decoracao,47.48
2017-01-30,41,moveis_decoracao,46.84
2017-01-31,42,moveis_decoracao,46.63
2017-02-01,43,moveis_decoracao,58.96
2017-02-02,44,moveis_decoracao,59.09
2017-02-03,45,moveis_decoracao,59.68
2017-02-04,46,moveis_decoracao,61.87
2017-02-05,47,moveis_decoracao,62.12
2017-02-06,48,moveis_decoracao,61.14
2017-02-07,49,moveis_decoracao,57.04
2017-02-08,50,moveis_decoracao,60.08
2017-02-09,51,moveis_decoracao,60.71
2017-02-10,52,moveis_decoracao,62.22
2017-02-11,53,moveis_decoracao,59.62
2017-02-12,54,moveis_decoracao,61.93
2017-02-13,55,moveis_decoracao,62.46
2017-02-14,56,moveis_decoracao,60.97
2017-02-15,57,moveis_decoracao,64.6
2017-02-16,58,moveis_decoracao,64.17
2017-02-17,59,moveis_decoracao,67.88
2017-02-18,60,moveis_decoracao,67.46
2017-02-19,61,moveis_decoracao,66.98
2017-02-20,62,moveis_decoracao,67.38
2017-02-21,63,moveis_decoracao,69.78
2017-02-22,64,moveis_decoracao,68.68
2017-02-23,65,moveis_decoracao,69.49
2017-02-24,66,moveis_decoracao,71.97
2017-02-25,67,moveis_decoracao,67.55
2017-02-26,68,moveis_decoracao,69.73
2017-02-27,69,moveis_decoracao,69.89
2017-02-28,70,moveis_decoracao,70.11
2017-03-01,71,moveis_decoracao,75.46
2017-03-02,72,moveis_decoracao,75.05
2017-03-03,73,moveis_decoracao,72.34
2017-03-04,74,moveis_decoracao,71.97
2017-03-05,75,moveis_decoracao,70.87
2017-03-06,76,moveis_decoracao,68.16
2017-03-07,77,moveis_decoracao,68.3
2017-03-08,78,moveis_decoracao,66.5
2017-03-09,79,moveis_decoracao,64.81
2017-03-10,80,moveis_decoracao,61.07
2017-03-11,81,moveis_decoracao,60.61
2017-03-12,82,moveis_decoracao,63.52
2017-03-13,83,moveis_decoracao,66.62
2017-03-14,84,moveis_decoracao,66.52
2017-03-15,85,moveis_decoracao,67.72
2017-03-16,86,moveis_decoracao,68.16
2017-03-17,87,moveis_decoracao,69.86
2017-03-18,88,moveis_decoracao,70.46
2017-03-19,89,moveis_decoracao,70.21
2017-03-20,90,moveis_decoracao,75.27
2017-03-21,91,moveis_decoracao,72.63
2017-03-22,92,moveis_decoracao,70.83
2017-03-23,93,moveis_decoracao,70.01
2017-03-24,94,moveis_decoracao,72.66
2017-03-25,95,moveis_decoracao,73.2
2017-03-26,96,moveis_decoracao,73.33
2017-03-27,97,moveis_decoracao,72.97
2017-03-28,98,moveis_decoracao,73.12
2017-03-29,99,moveis_decoracao,72.8
2017-03-30,100,moveis_decoracao,69.83
2017-03-31,101,moveis_decoracao,69.52
2017-04-01,102,moveis_decoracao,63.15
2017-04-02,103,moveis_decoracao,63.44
2017-04-03,104,moveis_decoracao,61.52
2017-04-04,105,moveis_decoracao,58.72
2017-04-05,106,moveis_decoracao,59.05
2017-04-06,107,moveis_decoracao,60.1
2017-04-07,108,moveis_decoracao,59.91
2017-04-08,109,moveis_decoracao,60.59
2017-04-09,110,moveis_decoracao,61.08
2017-04-10,111,moveis_decoracao,62.67
2017-04-11,112,moveis_decoracao,63.07
2017-04-12,113,moveis_decoracao,63.23
2017-04-13,114,moveis_decoracao,65.76
2017-04-14,115,moveis_decoracao,67.33
2017-04-15,116,moveis_decoracao,67.16
2017-04-16,117,moveis_decoracao,66.46
2017-04-17,118,moveis_decoracao,65.87
2017-04-18,119,moveis_decoracao,68.06
2017-04-19,120,moveis_decoracao,65.7
2017-04-20,121,moveis_decoracao,65.76
2017-04-21,122,moveis_decoracao,67.61
2017-04-22,123,moveis_decoracao,67.09
2017-04-23,124,moveis_decoracao,63.29
2017-04-24,125,moveis_decoracao,64.8
2017-04-25,126,moveis_decoracao,66.36
2017-04-26,127,moveis_decoracao,66.74
2017-04-27,128,moveis_decoracao,66.66
2017-04-28,129,moveis_decoracao,65.92
2017-04-29,130,moveis_decoracao,68.4
2017-04-30,131,moveis_decoracao,70.03
2017-05-01,132,moveis_decoracao,58.87
2017-05-02,133,moveis_decoracao,56.07
2017-05-03,134,moveis_decoracao,57.28
2017-05-04,135,moveis_decoracao,54.65
2017-05-05,136,moveis_decoracao,56.59
2017-05-06,137,moveis_decoracao,55.81
2017-05-07,138,moveis_decoracao,57.77
2017-05-08,139,moveis_decoracao,57.22
2017-05-09,140,moveis_decoracao,56.78
2017-05-10,141,moveis_decoracao,54.78
2017-05-11,142,moveis_decoracao,54.96
2017-05-12,143,moveis_decoracao,59.41
2017-05-13,144,moveis_decoracao,61.72
2017-05-14,145,moveis_decoracao,63.98
2017-05-15,146,moveis_decoracao,61.38
2017-05-16,147,moveis_decoracao,61.68
2017-05-17,148,moveis_decoracao,60.46
2017-05-18,149,moveis_decoracao,59.28
2017-05-19,150,moveis_decoracao,60.42
2017-05-20,151,moveis_decoracao,60.64
2017-05-21,152,moveis_decoracao,59.29
2017-05-22,153,moveis_decoracao,58.37
2017-05-23,154,moveis_decoracao,56.39
2017-05-24,155,moveis_decoracao,58.44
2017-05-25,156,moveis_decoracao,58.09
2017-05-26,157,moveis_decoracao,59.41
2017-05-27,158,moveis_decoracao,62.34
2017-05-28,159,moveis_decoracao,65.29
2017-05-29,160,moveis_decoracao,66.66
2017-05-30,161,moveis_decoracao,67.31
2017-05-31,162,moveis_decoracao,67.11
2017-06-01,163,moveis_decoracao,48.89
2017-06-02,164,moveis_decoracao,49.2
2017-06-03,165,moveis_decoracao,47.53
2017-06-04,166,moveis_decoracao,47.66
2017-06-05,167,moveis_decoracao,48.05
2017-06-06,168,moveis_decoracao,44.09
2017-06-07,169,moveis_decoracao,44.54
2017-06-08,170,moveis_decoracao,44.29
2017-06-09,171,moveis_decoracao,44.63
2017-06-10,172,moveis_decoracao,44.22
2017-06-11,173,moveis_decoracao,46.49
2017-06-12,174,moveis_decoracao,47.81
2017-06-13,175,moveis_decoracao,47.65
2017-06-14,176,moveis_decoracao,47.85
2017-06-15,177,moveis_decoracao,46.66
2017-06-16,178,moveis_decoracao,50.4
2017-06-17,179,moveis_decoracao,47.99
2017-06-18,180,moveis_decoracao,46.89
2017-06-19,181,moveis_decoracao,48.84
2017-06-20,182,moveis_decoracao,49.26
2017-06-21,183,moveis_decoracao,50.12
2017-06-22,184,moveis_decoracao,47.18
2017-06-23,185,moveis_decoracao,46.85
2017-06-24,186,moveis_decoracao,48.56
2017-06-25,187,moveis_decoracao,47.76
2017-06-26,188,moveis_decoracao,45.43
2017-06-27,189,moveis_decoracao,46.25
2017-06-28,190,moveis_decoracao,45.12
2017-06-29,191,moveis_decoracao,42.86
2017-06-30,192,moveis_decoracao,42.88
2017-07-01,193,moveis_decoracao,25.15
2017-07-02,194,moveis_decoracao,27.91
2017-07-03,195,moveis_decoracao,30.11
2017-07-04,196,moveis_decoracao,27.28
2017-07-05,197,moveis_decoracao,28.31
2017-07-06,198,moveis_decoracao,29.38
2017-07-07,199,moveis_decoracao,30.99
2017-07-08,200,moveis_decoracao,33.15
2017-07-09,201,moveis_decoracao,34.07
2017-07-10,202,moveis_decoracao,34.81
2017-07-11,203,moveis_decoracao,35.63
2017-07-12,204,moveis_decoracao,32.97
2017-07-13,205,moveis_decoracao,31.36
2017-07-14,206,moveis_decoracao,34.27
2017-07-15,207,moveis_decoracao,33.93
2017-07-16,208,moveis_decoracao,33.31
2017-07-17,209,moveis_decoracao,31.2
2017-07-18,210,moveis_decoracao,27.51
2017-07-19,211,moveis_decoracao,27.23
2017-07-20,212,moveis_decoracao,26.84
2017-07-21,213,moveis_decoracao,25.43
2017-07-22,214,moveis_decoracao,25.2
2017-07-23,215,moveis_decoracao,23.94
2017-07-24,216,moveis_decoracao,23.13
2017-07-25,217,moveis_decoracao,25.87
2017-07-26,218,moveis_decoracao,27.47
2017-07-27,219,moveis_decoracao,26.17
2017-07-28,220,moveis_decoracao,30.13
2017-07-29,221,moveis_decoracao,29.34
2017-07-30,222,moveis_decoracao,28.3
2017-07-31,223,moveis_decoracao,28.42
2017-08-01,224,moveis_decoracao,18.74
2017-08-02,225,moveis_decoracao,21.06
2017-08-03,226,moveis_decoracao,20.05
2017-08-04,227,moveis_decoracao,17.57
2017-08-05,228,moveis_decoracao,16.5
2017-08-06,229,moveis_decoracao,18.91
2017-08-07,230,moveis_decoracao,19.36
2017-08-08,231,moveis_decoracao,18.65
2017-08-09,232,moveis_decoracao,19.44
2017-08-10,233,moveis_decoracao,18.75
2017-08-11,234,moveis_decoracao,17.87
2017-08-12,235,moveis_decoracao,16.46
2017-08-13,236,moveis_decoracao,16.58
2017-08-14,237,moveis_decoracao,15.75
2017-08-15,238,moveis_decoracao,13.4
2017-08-16,239,moveis_decoracao,10.17
2017-08-17,240,moveis_decoracao,8.61
2017-08-18,241,moveis_decoracao,9.72
2017-08-19,242,moveis_decoracao,8.92
2017-08-20,243,moveis_decoracao,11.92
2017-08-21,244,moveis_decoracao,10.98
2017-08-22,245,moveis_decoracao,13.05
2017-08-23,246,moveis_decoracao,15.17
2017-08-24,247,moveis_decoracao,13.8
2017-08-25,248,moveis_decoracao,15.81
2017-08-26,249,moveis_decoracao,17.95
2017-08-27,250,moveis_decoracao,14.58
2017-08-28,251,moveis_decoracao,13.38
2017-08-29,252,moveis_decoracao,15.22
2017-08-30,253,moveis_decoracao,16.14
2017-08-31,254,moveis_decoracao,18.36
2017-09-01,255,moveis_decoracao,12.66
2017-09-02,256,moveis_decoracao,10.69
2017-09-03,257,moveis_decoracao,15.22
2017-09-04,258,moveis_decoracao,17.81
2017-09-05,259,moveis_decoracao,17.64
2017-09-06,260,moveis_decoracao,18.81
2017-09-07,261,moveis_decoracao,18.06
2017-09-08,262,moveis_decoracao,18.79
2017-09-09,263,moveis_decoracao,16.3
2017-09-10,264,moveis_decoracao,15.47
2017-09-11,265,moveis_decoracao,12.91
2017-09-12,266,moveis_decoracao,12.07
2017-09-13,267,moveis_decoracao,9.68
2017-09-14,268,moveis_decoracao,7.34
2017-09-15,269,moveis_decoracao,7.63
2017-09-16,270,moveis_decoracao,8.87
2017-09-17,271,moveis_decoracao,10.55
2017-09-18,272,moveis_decoracao,10.46
2017-09-19,273,moveis_decoracao,10.87
2017-09-20,274,moveis_decoracao,11.46
2017-09-21,275,moveis_decoracao,12.61
2017-09-22,276,moveis_decoracao,9.95
2017-09-23,277,moveis_decoracao,9.73
2017-09-24,278,moveis_decoracao,8.45
2017-09-25,279,moveis_decoracao,9.43
2017-09-26,280,moveis_decoracao,14.81
2017-09-27,281,moveis_decoracao,16.69
2017-09-28,282,moveis_decoracao,18.63
2017-09-29,283,moveis_decoracao,19.08
2017-09-30,284,moveis_decoracao,17.61
2017-10-01,285,moveis_decoracao,23.6
2017-10-02,286,moveis_decoracao,29.49
2017-10-03,287,moveis_decoracao,32.45
2017-10-04,288,moveis_decoracao,32.86
2017-10-05,289,moveis_decoracao,32.8
2017-10-06,290,moveis_decoracao,27.04
2017-10-07,291,moveis_decoracao,27.25
2017-10-08,292,moveis_decoracao,25.85
2017-10-09,293,moveis_decoracao,25.25
2017-10-10,294,moveis_decoracao,25.26
2017-10-11,295,moveis_decoracao,25.33
2017-10-12,296,moveis_decoracao,23.7
2017-10-13,297,moveis_decoracao,21.6
2017-10-14,298,moveis_decoracao,22.58
2017-10-15,299,moveis_decoracao,22.11
2017-10-16,300,moveis_decoracao,25.16
2017-10-17,301,moveis_decoracao,25.1
2017-10-18,302,moveis_decoracao,22.03
2017-10-19,303,moveis_decoracao,20.79
2017-10-20,304,moveis_decoracao,21.35
2017-10-21,305,moveis_decoracao,21.87
2017-10-22,306,moveis_decoracao,21.59
2017-10-23,307,moveis_decoracao,20.75
2017-10-24,308,moveis_decoracao,20.91
2017-10-25,309,moveis_decoracao,20.77
2017-10-26,310,moveis_decoracao,20.68
2017-10-27,311,moveis_decoracao,20.24
2017-10-28,312,moveis_decoracao,21.12
2017-10-29,313,moveis_decoracao,22.7
2017-10-30,314,moveis_decoracao,24.69
2017-10-31,315,moveis_decoracao,23.14
2017-11-01,316,moveis_decoracao,35.54
2017-11-02,317,moveis_decoracao,36.3
2017-11-03,318,moveis_decoracao,36.55
2017-11-04,319,moveis_decoracao,36.21
2017-11-05,320,moveis_decoracao,35.31
2017-11-06,321,moveis_decoracao,36.32
2017-11-07,322,moveis_decoracao,35.61
2017-11-08,323,moveis_decoracao,33.74
2017-11-09,324,moveis_decoracao,30.58
2017-11-10,325,moveis_decoracao,29.9
2017-11-11,326,moveis_decoracao,30.19
2017-11-12,327,moveis_decoracao,28.6
2017-11-13,328,moveis_decoracao,27.76
2017-11-14,329,moveis_decoracao,29.38
2017-11-15,330,moveis_decoracao,29.81
2017-11-16,331,moveis_decoracao,28.02
2017-11-17,332,moveis_decoracao,29.47
2017-11-18,333,moveis_decoracao,31.29
2017-11-19,334,moveis_decoracao,32.66
2017-11-20,335,moveis_decoracao,33.9
2017-11-21,336,moveis_decoracao,35.98
2017-11-22,337,moveis_decoracao,38.76
2017-11-23,338,moveis_decoracao,42.24
2017-11-24,339,moveis_decoracao,40.92
2017-11-25,340,moveis_decoracao,40.36
2017-11-26,341,moveis_decoracao,39.24
2017-11-27,342,moveis_decoracao,38.07
2017-11-28,343,moveis_decoracao,40.33
2017-11-29,344,moveis_decoracao,40.02
2017-11-30,345,moveis_decoracao,42.7
2017-12-01,346,moveis_decoracao,54.9
2017-12-02,347,moveis_decoracao,52.66
2017-12-03,348,moveis_decoracao,49.24
2017-12-04,349,moveis_decoracao,49.82
2017-12-05,350,moveis_decoracao,51.12
2017-12-06,351,moveis_decoracao,53.37
2017-12-07,352,moveis_decoracao,53.91
2017-12-08,353,moveis_decoracao,51.46
2017-12-09,354,moveis_decoracao,51.76
2017-12-10,355,moveis_decoracao,48.32
2017-12-11,356,moveis_decoracao,48.81
2017-12-12,357,moveis_decoracao,51.43
2017-12-13,358,moveis_decoracao,49.66
2017-12-14,359,moveis_decoracao,51.78
2017-12-15,360,moveis_decoracao,50.28
2017-12-16,361,moveis_decoracao,48.82
2017-12-17,362,moveis_decoracao,50.3
2017-12-18,363,moveis_decoracao,52.35
2017-12-19,364,moveis_decoracao,54.18
2017-12-20,365,moveis_decoracao,55.98
2017-12-21,366,moveis_decoracao,58.46
2017-12-22,367,moveis_decoracao,55.14
2017-12-23,368,moveis_decoracao,56.8
2017-12-24,369,moveis_decoracao,53.74
2017-12-25,370,moveis_decoracao,55.72
2017-12-26,371,moveis_decoracao,56.26
2017-12-27,372,moveis_decoracao,56.44
2017-12-28,373,moveis_decoracao,55.33
2017-12-29,374,moveis_decoracao,52.94
2017-12-30,375,moveis_decoracao,51.65
2017-12-31,376,moveis_decoracao,51.96
2018-01-01,377,moveis_decoracao,69.61
2018-01-02,378,moveis_decoracao,70.46
2018-01-03,379,moveis_decoracao,70.68
2018-01-04,380,moveis_decoracao,68.83
2018-01-05,381,moveis_decoracao,69.3
2018-01-06,382,moveis_decoracao,67.35
2018-01-07,383,moveis_decoracao,65.56
2018-01-08,384,moveis_decoracao,67.03
2018-01-09,385,moveis_decoracao,66.77
2018-01-10,386,moveis_decoracao,64.23
2018-01-11,387,moveis_decoracao,64.08
2018-01-12,388,moveis_decoracao,63.88
2018-01-13,389,moveis_decoracao,66.07
2018-01-14,390,moveis_decoracao,68.37
2018-01-15,391,moveis_decoracao,67.58
2018-01-16,392,moveis_decoracao,71.25
2018-01-17,393,moveis_decoracao,71.25
2018-01-18,394,moveis_decoracao,72.29
2018-01-19,395,moveis_decoracao,72.49
2018-01-20,396,moveis_decoracao,72.47
2018-01-21,397,moveis_decoracao,72.77
2018-01-22,398,moveis_decoracao,72.85
2018-01-23,399,moveis_decoracao,72.46
2018-01-24,400,moveis_decoracao,71.48
2018-01-25,401,moveis_decoracao,71.27
2018-01-26,402,moveis_decoracao,67.45
2018-01-27,403,moveis_decoracao,67.61
2018-01-28,404,moveis_decoracao,66.2
2018-01-29,405,moveis_decoracao,66.88
2018-01-30,406,moveis_decoracao,66.84
2018-01-31,407,moveis_decoracao,68.14
2018-02-01,408,moveis_decoracao,83.08
2018-02-02,409,moveis_decoracao,81.8
2018-02-03,410,moveis_decoracao,80.49
2018-02-04,411,moveis_decoracao,82.4
2018-02-05,412,moveis_decoracao,82.99
2018-02-06,413,moveis_decoracao,84.99
2018-02-07,414,moveis_decoracao,84.3
2018-02-08,415,moveis_decoracao,86.87
2018-02-09,416,moveis_decoracao,88.52
2018-02-10,417,moveis_decoracao,87.48
2018-02-11,418,moveis_decoracao,84.02
2018-02-12,419,moveis_decoracao,84.06
2018-02-13,420,moveis_decoracao,86.34
2018-02-14,421,moveis_decoracao,84.14
2018-02-15,422,moveis_decoracao,84.06
2018-02-16,423,moveis_decoracao,82.6
2018-02-17,424,moveis_decoracao,83.52
2018-02-18,425,moveis_decoracao,80.98
2018-02-19,426,moveis_decoracao,78.77
2018-02-20,427,moveis_decoracao,79.1
2018-02-21,428,moveis_decoracao,79.76
2018-02-22,429,moveis_decoracao,79.67
2018-02-23,430,moveis_decoracao,78.88
2018-02-24,431,moveis_decoracao,81.63
2018-02-25,432,moveis_decoracao,82.41
2018-02-26,433,moveis_decoracao,83.44
2018-02-27,434,moveis_decoracao,80.85
2018-02-28,435,moveis_decoracao,80.72
2018-03-01,436,moveis_decoracao,88.26
2018-03-02,437,moveis_decoracao,88.28
2018-03-03,438,moveis_decoracao,87.55
2018-03-04,439,moveis_decoracao,91.19
2018-03-05,440,moveis_decoracao,92.64
2018-03-06,441,moveis_decoracao,92.13
2018-03-07,442,moveis_decoracao,93.69
2018-03-08,443,moveis_decoracao,90.71
2018-03-09,444,moveis_decoracao,92.46
2018-03-10,445,moveis_decoracao,92.46
2018-03-11,446,moveis_decoracao,90.98
2018-03-12,447,moveis_decoracao,90.95
2018-03-13,448,moveis_decoracao,88.77
2018-03-14,449,moveis_decoracao,86.49
2018-03-15,450,moveis_decoracao,84.98
2018-03-16,451,moveis_decoracao,86.43
2018-03-17,452,moveis_decoracao,84.11
2018-03-18,453,moveis_decoracao,85.83
2018-03-19,454,moveis_decoracao,83.55
2018-03-20,455,moveis_decoracao,83.83
2018-03-21,456,moveis_decoracao,85.28
2018-03-22,457,moveis_decoracao,85.19
2018-03-23,458,moveis_decoracao,91.03
2018-03-24,459,moveis_decoracao,90.29
2018-03-25,460,moveis_decoracao,89.85
2018-03-26,461,moveis_decoracao,86.25
2018-03-27,462,moveis_decoracao,87.63
2018-03-28,463,moveis_decoracao,86.32
2018-03-29,464,moveis_decoracao,90.53
2018-03-30,465,moveis_decoracao,91.84
2018-03-31,466,moveis_decoracao,92.46
2018-04-01,467,moveis_decoracao,87.61
2018-04-02,468,moveis_decoracao,85.22
2018-04-03,469,moveis_decoracao,86.28
2018-04-04,470,moveis_decoracao,86.7
2018-04-05,471,moveis_decoracao,87.37
2018-04-06,472,moveis_decoracao,84.12
2018-04-07,473,moveis_decoracao,87.04
2018-04-08,474,moveis_decoracao,86.05
2018-04-09,475,moveis_decoracao,84.52
2018-04-10,476,moveis_decoracao,83.84
2018-04-11,477,moveis_decoracao,85.09
2018-04-12,478,moveis_decoracao,83.32
2018-04-13,479,moveis_decoracao,80.3
2018-04-14,480,moveis_decoracao,78.42
2018-04-15,481,moveis_decoracao,82.49
2018-04-16,482,moveis_decoracao,86.38
2018-04-17,483,moveis_decoracao,86.24
2018-04-18,484,moveis_decoracao,86.26
2018-04-19,485,moveis_decoracao,86.71
2018-04-20,486,moveis_decoracao,87.26
2018-04-21,487,moveis_decoracao,86.77
2018-04-22,488,moveis_decoracao,89.16
2018-04-23,489,moveis_decoracao,91.16
2018-04-24,490,moveis_decoracao,95.0
2018-04-25,491,moveis_decoracao,93.02
2018-04-26,492,moveis_decoracao,93.72
2018-04-27,493,moveis_decoracao,92.82
2018-04-28,494,moveis_decoracao,94.4
2018-04-29,495,moveis_decoracao,94.38
2018-04-30,496,moveis_decoracao,93.13
2018-05-01,497,moveis_decoracao,83.77
2018-05-02,498,moveis_decoracao,81.83
2018-05-03,499,moveis_decoracao,82.56
2018-05-04,500,moveis_decoracao,80.76
2018-05-05,501,moveis_decoracao,80.54
2018-05-06,502,moveis_decoracao,78.51
2018-05-07,503,moveis_decoracao,81.85
2018-05-08,504,moveis_decoracao,79.01
2018-05-09,505,moveis_decoracao,81.25
2018-05-10,506,moveis_decoracao,82.66
2018-05-11,507,moveis_decoracao,83.04
2018-05-12,508,moveis_decoracao,82.43
2018-05-13,509,moveis_decoracao,81.16
2018-05-14,510,moveis_decoracao,82.51
2018-05-15,511,moveis_decoracao,79.61
2018-05-16,512,moveis_decoracao,78.24
2018-05-17,513,moveis_decoracao,75.12
2018-05-18,514,moveis_decoracao,77.01
2018-05-19,515,moveis_decoracao,77.23
2018-05-20,516,moveis_decoracao,75.56
2018-05-21,517,moveis_decoracao,72.52
2018-05-22,518,moveis_decoracao,74.91
2018-05-23,519,moveis_decoracao,76.62
2018-05-24,520,moveis_decoracao,75.38
2018-05-25,521,moveis_decoracao,77.52
2018-05-26,522,moveis_decoracao,77.15
2018-05-27,523,moveis_decoracao,76.67
2018-05-28,524,moveis_decoracao,78.24
2018-05-29,525,moveis_decoracao,76.56
2018-05-30,526,moveis_decoracao,76.45
2018-05-31,527,moveis_decoracao,78.63
2018-06-01,528,moveis_decoracao,60.47
2018-06-02,529,moveis_decoracao,59.67
2018-06-03,530,moveis_decoracao,59.35
2018-06-04,531,moveis_decoracao,59.08
2018-06-05,532,moveis_decoracao,61.67
2018-06-06,533,moveis_decoracao,62.62
2018-06-07,534,moveis_decoracao,59.2
2018-06-08,535,moveis_decoracao,59.25
2018-06-09,536,moveis_decoracao,58.06
2018-06-10,537,moveis_decoracao,56.94
2018-06-11,538,moveis_decoracao,60.08
2018-06-12,539,moveis_decoracao,60.07
2018-06-13,540,moveis_decoracao,58.51
2018-06-14,541,moveis_decoracao,58.95
2018-06-15,542,moveis_decoracao,57.86
2018-06-16,543,moveis_decoracao,58.87
2018-06-17,544,moveis_decoracao,60.47
2018-06-18,545,moveis_decoracao,62.41
2018-06-19,546,moveis_decoracao,65.54
2018-06-20,547,moveis_decoracao,65.2
2018-06-21,548,moveis_decoracao,64.44
2018-06-22,549,moveis_decoracao,64.35
2018-06-23,550,moveis_decoracao,65.89
2018-06-24,551,moveis_decoracao,65.66
2018-06-25,552,moveis_decoracao,67.68
2018-06-26,553,moveis_decoracao,68.77
2018-06-27,554,moveis_decoracao,69.99
2018-06-28,555,moveis_decoracao,69.08
2018-06-29,556,moveis_decoracao,68.84
2018-06-30,557,moveis_decoracao,69.76
2018-07-01,558,moveis_decoracao,51.09
2018-07-02,559,moveis_decoracao,53.73
2018-07-03,560,moveis_decoracao,55.96
2018-07-04,561,moveis_decoracao,56.17
2018-07-05,562,moveis_decoracao,54.83
2018-07-06,563,moveis_decoracao,53.87
2018-07-07,564,moveis_decoracao,53.62
2018-07-08,565,moveis_decoracao,52.29
2018-07-09,566,moveis_decoracao,49.66
2018-07-10,567,moveis_decoracao,49.41
2018-07-11,568,moveis_decoracao,51.55
2018-07-12,569,moveis_decoracao,50.4
2018-07-13,570,moveis_decoracao,48.66
2018-07-14,571,moveis_decoracao,48.67
2018-07-15,572,moveis_decoracao,50.41
2018-07-16,573,moveis_decoracao,49.79
2018-07-17,574,moveis_decoracao,48.59
2018-07-18,575,moveis_decoracao,48.67
2018-07-19,576,moveis_decoracao,48.12
2018-07-20,577,moveis_decoracao,47.57
2018-07-21,578,moveis_decoracao,47.79
2018-07-22,579,moveis_decoracao,47.37
2018-07-23,580,moveis_decoracao,48.87
2018-07-24,581,moveis_decoracao,48.93
2018-07-25,582,moveis_decoracao,48.36
2018-07-26,583,moveis_decoracao,49.31
2018-07-27,584,moveis_decoracao,52.83
2018-07-28,585,moveis_decoracao,53.28
2018-07-29,586,moveis_decoracao,54.2
2018-07-30,587,moveis_decoracao,55.53
2018-07-31,588,moveis_decoracao,57.03
2018-08-01,589,moveis_decoracao,44.24
2018-08-02,590,moveis_decoracao,43.45
2018-08-03,591,moveis_decoracao,45.35
2018-08-04,592,moveis_decoracao,46.05
2018-08-05,593,moveis_decoracao,45.29
2018-08-06,594,moveis_decoracao,41.59
2018-08-07,595,moveis_decoracao,41.37
2018-08-08,596,moveis_decoracao,43.27
2018-08-09,597,moveis_decoracao,43.4
2018-08-10,598,moveis_decoracao,41.57
2018-08-11,599,moveis_decoracao,41.55
2018-08-12,600,moveis_decoracao,41.25
2018-08-13,601,moveis_decoracao,40.85
2018-08-14,602,moveis_decoracao,40.12
2018-08-15,603,moveis_decoracao,38.99
2018-08-16,604,moveis_decoracao,39.68
2018-08-17,605,moveis_decoracao,41.01
2018-08-18,606,moveis_decoracao,38.79
2018-08-19,607,moveis_decoracao,35.14
2018-08-20,608,moveis_decoracao,36.65
2018-08-21,609,moveis_decoracao,37.8
2018-08-22,610,moveis_decoracao,37.92
2018-08-23,611,moveis_decoracao,35.58
2018-08-24,612,moveis_decoracao,36.08
2018-08-25,613,moveis_decoracao,37.5
2018-08-26,614,moveis_decoracao,35.83
2018-08-28,616,moveis_decoracao,36.47
2016-10-04,7,moveis_escritorio,5.0
2016-10-05,8,moveis_escritorio,5.19
2016-10-07,10,moveis_escritorio,5.77
2016-10-08,11,moveis_escritorio,8.8
2016-10-09,12,moveis_escritorio,7.7
2016-10-10,13,moveis_escritorio,6.35
2017-01-27,38,moveis_escritorio,53.04
2017-01-28,39,moveis_escritorio,54.47
2017-01-31,42,moveis_escritorio,56.37
2017-02-01,43,moveis_escritorio,68.11
2017-02-02,44,moveis_escritorio,70.98
2017-02-03,45,moveis_escritorio,69.61
2017-02-04,46,moveis_escritorio,69.16
2017-02-05,47,moveis_escritorio,67.84
2017-02-07,49,moveis_escritorio,66.89
2017-02-08,50,moveis_escritorio,67.66
2017-02-09,51,moveis_escritorio,64.6
2017-02-10,52,moveis_escritorio,61.73
2017-02-11,53,moveis_escritorio,61.63
2017-02-12,54,moveis_escritorio,61.84
2017-02-13,55,moveis_escritorio,59.64
2017-02-14,56,moveis_escritorio,61.16
2017-02-16,58,moveis_escritorio,62.6
2017-02-28,70,moveis_escritorio,63.31
2017-03-01,71,moveis_escritorio,70.12
2017-03-06,76,moveis_escritorio,71.22
2017-03-07,77,moveis_escritorio,73.02
2017-03-08,78,moveis_escritorio,74.73
2017-03-09,79,moveis_escritorio,73.38
2017-03-10,80,moveis_escritorio,73.61
2017-03-11,81,moveis_escritorio,76.25
2017-03-13,83,moveis_escritorio,76.26
2017-03-14,84,moveis_escritorio,71.9
2017-03-16,86,moveis_escritorio,71.87
2017-03-17,87,moveis_escritorio,71.08
2017-03-18,88,moveis_escritorio,67.22
2017-03-19,89,moveis_escritorio,68.2
2017-03-20,90,moveis_escritorio,65.68
2017-03-21,91,moveis_escritorio,67.49
2017-03-22,92,moveis_escritorio,67.84
2017-03-23,93,moveis_escritorio,64.16
2017-03-25,95,moveis_escritorio,63.22
2017-03-26,96,moveis_escritorio,65.55
2017-03-27,97,moveis_escritorio,67.17
2017-03-28,98,moveis_escritorio,66.87
2017-03-29,99,moveis_escritorio,69.46
2017-03-30,100,moveis_escritorio,66.75
2017-03-31,101,moveis_escritorio,69.12
2017-04-01,102,moveis_escritorio,66.19
2017-04-02,103,moveis_escritorio,67.96
2017-04-03,104,moveis_escritorio,70.17
2017-04-04,105,moveis_escritorio,71.87
2017-04-06,107,moveis_escritorio,71.57
2017-04-07,108,moveis_escritorio,70.0
2017-04-08,109,moveis_escritorio,69.39
2017-04-13,114,moveis_escritorio,67.85
2017-04-18,119,moveis_escritorio,70.32
2017-04-19,120,moveis_escritorio,68.06
2017-04-20,121,moveis_escritorio,67.78
2017-04-21,122,moveis_escritorio,67.45
2017-04-22,123,moveis_escritorio,67.58
2017-04-23,124,moveis_escritorio,68.01
2017-04-24,125,moveis_escritorio,68.79
2017-04-25,126,moveis_escritorio,71.4
2017-04-26,127,moveis_escritorio,72.33
2017-04-27,128,moveis_escritorio,74.96
2017-04-28,129,moveis_escritorio,72.93
2017-04-29,130,moveis_escritorio,72.69
2017-04-30,131,moveis_escritorio,71.86
2017-05-01,132,moveis_escritorio,59.21
2017-05-03,134,moveis_escritorio,57.61
2017-05-04,135,moveis_escritorio,55.16
2017-05-05,136,moveis_escritorio,54.41
2017-05-06,137,moveis_escritorio,53.65
2017-05-07,138,moveis_escritorio,52.89
2017-05-08,139,moveis_escritorio,52.16
2017-05-09,140,moveis_escritorio,54.76
2017-05-10,141,moveis_escritorio,54.57
2017-05-11,142,moveis_escritorio,53.15
2017-05-12,143,moveis_escritorio,51.99
2017-05-13,144,moveis_escritorio,54.97
2017-05-14,145,moveis_escritorio,59.19
2017-05-15,146,moveis_escritorio,61.7
2017-05-16,147,moveis_escritorio,61.24
2017-05-18,149,moveis_escritorio,61.33
2017-05-21,152,moveis_escritorio,64.15
2017-05-24,155,moveis_escritorio,62.76
2017-05-25,156,moveis_escritorio,65.21
2017-05-28,159,moveis_escritorio,66.01
2017-05-29,160,moveis_escritorio,66.67
2017-05-30,161,moveis_escritorio,66.76
2017-05-31,162,moveis_escritorio,65.04
2017-06-01,163,moveis_escritorio,49.7
2017-06-02,164,moveis_escritorio,49.1
2017-06-06,168,moveis_escritorio,48.82
2017-06-07,169,moveis_escritorio,45.78
2017-06-08,170,moveis_escritorio,45.63
2017-06-11,173,moveis_escritorio,43.87
2017-06-12,174,moveis_escritorio,42.7
2017-06-13,175,moveis_escritorio,44.53
2017-06-14,176,moveis_escritorio,41.89
2017-06-16,178,moveis_escritorio,41.44
2017-06-17,179,moveis_escritorio,40.08
2017-06-18,180,moveis_escritorio,39.1
2017-06-19,181,moveis_escritorio,41.94
2017-06-22,184,moveis_escritorio,41.34
2017-06-23,185,moveis_escritorio,41.58
2017-06-24,186,moveis_escritorio,42.68
2017-06-25,187,moveis_escritorio,44.01
2017-06-26,188,moveis_escritorio,41.01
2017-06-27,189,moveis_escritorio,42.78
2017-06-28,190,moveis_escritorio,43.56
2017-06-29,191,moveis_escritorio,42.43
2017-06-30,192,moveis_escritorio,44.05
2017-07-01,193,moveis_escritorio,26.55
2017-07-02,194,moveis_escritorio,26.39
2017-07-04,196,moveis_escritorio,25.08
2017-07-05,197,moveis_escritorio,26.21
2017-07-06,198,moveis_escritorio,26.7
2017-07-07,199,moveis_escritorio,27.64
2017-07-08,200,moveis_escritorio,25.57
2017-07-09,201,moveis_escritorio,24.09
2017-07-10,202,moveis_escritorio,24.41
2017-07-11,203,moveis_escritorio,22.57
2017-07-12,204,moveis_escritorio,20.03
2017-07-13,205,moveis_escritorio,23.03
2017-07-14,206,moveis_escritorio,25.29
2017-07-15,207,moveis_escritorio,22.4
2017-07-16,208,moveis_escritorio,22.23
2017-07-17,209,moveis_escritorio,21.87
2017-07-18,210,moveis_escritorio,22.64
2017-07-19,211,moveis_escritorio,22.89
2017-07-20,212,moveis_escritorio,22.96
2017-07-21,213,moveis_escritorio,26.47
2017-07-22,214,moveis_escritorio,28.1
2017-07-23,215,moveis_escritorio,25.77
2017-07-24,216,moveis_escritorio,23.71
2017-07-25,217,moveis_escritorio,26.57
2017-07-26,218,moveis_escritorio,24.44
2017-07-27,219,moveis_escritorio,24.65
2017-07-28,220,moveis_escritorio,26.78
2017-07-29,221,moveis_escritorio,27.54
2017-07-30,222,moveis_escritorio,28.34
2017-07-31,223,moveis_escritorio,28.54
2017-08-01,224,moveis_escritorio,17.54
2017-08-02,225,moveis_escritorio,17.71
2017-08-04,227,moveis_escritorio,18.34
2017-08-05,228,moveis_escritorio,15.73
2017-08-07,230,moveis_escritorio,19.31
2017-08-08,231,moveis_escritorio,20.99
2017-08-09,232,moveis_escritorio,20.64
2017-08-10,233,moveis_escritorio,21.86
2017-08-11,234,moveis_escritorio,21.17
2017-08-12,235,moveis_escritorio,17.47
2017-08-13,236,moveis_escritorio,17.15
2017-08-14,237,moveis_escritorio,16.99
2017-08-15,238,moveis_escritorio,17.58
2017-08-16,239,moveis_escritorio,20.39
2017-08-17,240,moveis_escritorio,18.7
2017-08-19,242,moveis_escritorio,18.23
2017-08-21,244,moveis_escritorio,16.79
2017-08-22,245,moveis_escritorio,16.33
2017-08-23,246,moveis_escritorio,16.07
2017-08-24,247,moveis_escritorio,14.59
2017-08-28,251,moveis_escritorio,15.27
2017-08-29,252,moveis_escritorio,17.58
2017-08-30,253,moveis_escritorio,17.97
2017-08-31,254,moveis_escritorio,15.86
2017-09-01,255,moveis_escritorio,10.37
2017-09-03,257,moveis_escritorio,10.84
2017-09-05,259,moveis_escritorio,11.17
2017-09-06,260,moveis_escritorio,10.08
2017-09-07,261,moveis_escritorio,13.16
2017-09-09,263,moveis_escritorio,14.73
2017-09-10,264,moveis_escritorio,16.36
2017-09-11,265,moveis_escritorio,15.24
2017-09-12,266,moveis_escritorio,12.51
2017-09-13,267,moveis_escritorio,13.11
2017-09-15,269,moveis_escritorio,15.71
2017-09-16,270,moveis_escritorio,14.71
2017-09-17,271,moveis_escritorio,12.78
2017-09-18,272,moveis_escritorio,12.78
2017-09-19,273,moveis_escritorio,9.56
2017-09-22,276,moveis_escritorio,11.36
2017-09-23,277,moveis_escritorio,10.18
2017-09-27,281,moveis_escritorio,8.9
2017-09-28,282,moveis_escritorio,10.32
2017-09-29,283,moveis_escritorio,11.51
2017-10-01,285,moveis_escritorio,13.69
2017-10-02,286,moveis_escritorio,12.86
2017-10-03,287,moveis_escritorio,13.27
2017-10-04,288,moveis_escritorio,13.94
2017-10-05,289,moveis_escritorio,15.41
2017-10-07,291,moveis_escritorio,14.02
2017-10-09,293,moveis_escritorio,13.13
2017-10-11,295,moveis_escritorio,16.32
2017-10-12,296,moveis_escritorio,16.04
2017-10-13,297,moveis_escritorio,12.78
2017-10-14,298,moveis_escritorio,14.43
2017-10-15,299,moveis_escritorio,15.66
2017-10-16,300,moveis_escritorio,16.27
2017-10-17,301,moveis_escritorio,16.68
2017-10-18,302,moveis_escritorio,17.37
2017-10-19,303,moveis_escritorio,15.56
2017-10-20,304,moveis_escritorio,14.8
2017-10-21,305,moveis_escritorio,15.81
2017-10-22,306,moveis_escritorio,17.75
2017-10-23,307,moveis_escritorio,21.0
2017-10-24,308,moveis_escritorio,21.92
2017-10-25,309,moveis_escritorio,22.12
2017-10-26,310,moveis_escritorio,24.0
2017-10-27,311,moveis_escritorio,24.12
2017-10-28,312,moveis_escritorio,23.8
2017-10-29,313,moveis_escritorio,26.14
2017-10-30,314,moveis_escritorio,27.19
2017-10-31,315,moveis_escritorio,23.7
2017-11-02,317,moveis_escritorio,34.93
2017-11-03,318,moveis_escritorio,32.73
2017-11-04,319,moveis_escritorio,30.39
2017-11-05,320,moveis_escritorio,30.07
2017-11-06,321,moveis_escritorio,27.99
2017-11-07,322,moveis_escritorio,26.55
2017-11-08,323,moveis_escritorio,25.74
2017-11-09,324,moveis_escritorio,26.66
2017-11-10,325,moveis_escritorio,27.65
2017-11-11,326,moveis_escritorio,27.85
2017-11-12,327,moveis_escritorio,29.5
2017-11-13,328,moveis_escritorio,32.12
2017-11-14,329,moveis_escritorio,33.74
2017-11-15,330,moveis_escritorio,34.31
2017-11-16,331,moveis_escritorio,35.89
2017-11-17,332,moveis_escritorio,38.0
2017-11-18,333,moveis_escritorio,39.73
2017-11-19,334,moveis_escritorio,40.91
2017-11-20,335,moveis_escritorio,39.85
2017-11-21,336,moveis_escritorio,41.14
2017-11-23,338,moveis_escritorio,41.19
2017-11-24,339,moveis_escritorio,39.34
2017-11-27,342,moveis_escritorio,38.38
2017-11-28,343,moveis_escritorio,38.26
2017-11-29,344,moveis_escritorio,39.01
2017-11-30,345,moveis_escritorio,38.72
2017-12-01,346,moveis_escritorio,53.23
2017-12-03,348,moveis_escritorio,49.81
2017-12-04,349,moveis_escritorio,50.11
2017-12-05,350,moveis_escritorio,48.36
2017-12-06,351,moveis_escritorio,44.95
2017-12-07,352,moveis_escritorio,44.22
2017-12-08,353,moveis_escritorio,45.05
2017-12-10,355,moveis_escritorio,46.73
2017-12-11,356,moveis_escritorio,45.73
2017-12-12,357,moveis_escritorio,44.92
2017-12-13,358,moveis_escritorio,46.68
2017-12-14,359,moveis_escritorio,46.68
2017-12-20,365,moveis_escritorio,47.06
2017-12-21,366,moveis_escritorio,48.21
2017-12-25,370,moveis_escritorio,50.76
2017-12-28,373,moveis_escritorio,51.75
2017-12-30,375,moveis_escritorio,50.41
2018-01-03,379,moveis_escritorio,65.2
2018-01-04,380,moveis_escritorio,67.21
2018-01-05,381,moveis_escritorio,68.04
2018-01-06,382,moveis_escritorio,66.03
2018-01-07,383,moveis_escritorio,66.32
2018-01-08,384,moveis_escritorio,63.68
2018-01-09,385,moveis_escritorio,65.34
2018-01-10,386,moveis_escritorio,63.54
2018-01-11,387,moveis_escritorio,63.77
2018-01-12,388,moveis_escritorio,66.42
2018-01-13,389,moveis_escritorio,64.33
2018-01-14,390,moveis_escritorio,64.19
2018-01-15,391,moveis_escritorio,62.87
2018-01-16,392,moveis_escritorio,62.14
2018-01-17,393,moveis_escritorio,63.51
2018-01-18,394,moveis_escritorio,64.73
2018-01-19,395,moveis_escritorio,63.71
2018-01-20,396,moveis_escritorio,64.13
2018-01-21,397,moveis_escritorio,62.24
2018-01-22,398,moveis_escritorio,60.41
2018-01-23,399,moveis_escritorio,60.76
2018-01-24,400,moveis_escritorio,59.24
2018-01-25,401,moveis_escritorio,58.15
2018-01-26,402,moveis_escritorio,59.0
2018-01-27,403,moveis_escritorio,59.57
2018-01-28,404,moveis_escritorio,60.23
2018-01-29,405,moveis_escritorio,60.05
2018-01-30,406,moveis_escritorio,61.71
2018-01-31,407,moveis_escritorio,62.67
2018-02-01,408,moveis_escritorio,74.79
2018-02-02,409,moveis_escritorio,72.43
2018-02-03,410,moveis_escritorio,72.53
2018-02-04,411,moveis_escritorio,73.65
2018-02-05,412,moveis_escritorio,73.1
2018-02-06,413,moveis_escritorio,73.3
2018-02-07,414,moveis_escritorio,75.03
2018-02-08,415,moveis_escritorio,74.19
2018-02-09,416,moveis_escritorio,72.26
2018-02-10,417,moveis_escritorio,73.92
2018-02-11,418,moveis_escritorio,72.41
2018-02-14,421,moveis_escritorio,75.71
2018-02-16,423,moveis_escritorio,76.94
2018-02-19,426,moveis_escritorio,77.43
2018-02-23,430,moveis_escritorio,76.38
2018-02-24,431,moveis_escritorio,73.85
2018-02-25,432,moveis_escritorio,72.67
2018-02-26,433,moveis_escritorio,74.34
2018-02-27,434,moveis_escritorio,73.57
2018-02-28,435,moveis_escritorio,73.96
2018-03-01,436,moveis_escritorio,81.6
2018-03-02,437,moveis_escritorio,84.75
2018-03-03,438,moveis_escritorio,83.71
2018-03-04,439,moveis_escritorio,84.29
2018-03-05,440,moveis_escritorio,84.03
2018-03-06,441,moveis_escritorio,88.82
2018-03-07,442,moveis_escritorio,87.96
2018-03-08,443,moveis_escritorio,85.82
2018-03-09,444,moveis_escritorio,87.53
2018-03-10,445,moveis_escritorio,88.86
2018-03-11,446,moveis_escritorio,89.98
2018-03-12,447,moveis_escritorio,87.88
2018-03-13,448,moveis_escritorio,88.73
2018-03-14,449,moveis_escritorio,88.21
2018-03-15,450,moveis_escritorio,89.59
2018-03-16,451,moveis_escritorio,88.88
2018-03-17,452,moveis_escritorio,88.87
2018-03-18,453,moveis_escritorio,91.92
2018-03-19,454,moveis_escritorio,93.85
2018-03-20,455,moveis_escritorio,92.81
2018-03-21,456,moveis_escritorio,92.39
2018-03-22,457,moveis_escritorio,95.0
2018-03-23,458,moveis_escritorio,93.62
2018-03-24,459,moveis_escritorio,92.62
2018-03-25,460,moveis_escritorio,91.66
2018-03-26,461,moveis_escritorio,92.64
2018-03-27,462,moveis_escritorio,92.91
2018-03-28,463,moveis_escritorio,92.47
2018-03-29,464,moveis_escritorio,90.03
2018-03-30,465,moveis_escritorio,91.2
2018-03-31,466,moveis_escritorio,88.16
2018-04-01,467,moveis_escritorio,79.69
2018-04-02,468,moveis_escritorio,79.69
2018-04-03,469,moveis_escritorio,80.07
2018-04-04,470,moveis_escritorio,83.11
2018-04-09,475,moveis_escritorio,80.36
2018-04-11,477,moveis_escritorio,81.71
2018-04-12,478,moveis_escritorio,80.02
2018-04-13,479,moveis_escritorio,80.15
2018-04-14,480,moveis_escritorio,77.62
2018-04-15,481,moveis_escritorio,81.0
2018-04-16,482,moveis_escritorio,82.77
2018-04-17,483,moveis_escritorio,80.66
2018-04-18,484,moveis_escritorio,80.71
2018-04-19,485,moveis_escritorio,80.15
2018-04-20,486,moveis_escritorio,82.51
2018-04-21,487,moveis_escritorio,83.04
2018-04-22,488,moveis_escritorio,82.32
2018-04-23,489,moveis_escritorio,86.12
2018-04-24,490,moveis_escritorio,86.83
2018-04-25,491,moveis_escritorio,85.91
2018-04-26,492,moveis_escritorio,84.27
2018-04-27,493,moveis_escritorio,83.81
2018-04-28,494,moveis_escritorio,82.77
2018-04-29,495,moveis_escritorio,78.74
2018-05-01,497,moveis_escritorio,67.23
2018-05-02,498,moveis_escritorio,66.28
2018-05-03,499,moveis_escritorio,66.32
2018-05-04,500,moveis_escritorio,63.97
2018-05-05,501,moveis_escritorio,64.29
2018-05-06,502,moveis_escritorio,63.57
2018-05-07,503,moveis_escritorio,66.49
2018-05-08,504,moveis_escritorio,69.1
2018-05-09,505,moveis_escritorio,69.79
2018-05-10,506,moveis_escritorio,74.8
2018-05-11,507,moveis_escritorio,73.25
2018-05-12,508,moveis_escritorio,73.16
2018-05-14,510,moveis_escritorio,76.98
2018-05-15,511,moveis_escritorio,75.94
2018-05-16,512,moveis_escritorio,74.66
2018-05-17,513,moveis_escritorio,74.46
2018-05-18,514,moveis_escritorio,72.21
2018-05-19,515,moveis_escritorio,73.21
2018-05-20,516,moveis_escritorio,73.31
2018-05-21,517,moveis_escritorio,71.86
2018-05-22,518,moveis_escritorio,73.23
2018-05-23,519,moveis_escritorio,72.66
2018-05-24,520,moveis_escritorio,69.08
2018-05-25,521,moveis_escritorio,71.08
2018-05-26,522,moveis_escritorio,70.94
2018-05-27,523,moveis_escritorio,69.64
2018-05-28,524,moveis_escritorio,71.21
2018-05-29,525,moveis_escritorio,71.79
2018-05-30,526,moveis_escritorio,74.33
2018-05-31,527,moveis_escritorio,73.96
2018-06-01,528,moveis_escritorio,56.19
2018-06-02,529,moveis_escritorio,56.16
2018-06-04,531,moveis_escritorio,56.44
2018-06-05,532,moveis_escritorio,56.53
2018-06-06,533,moveis_escritorio,57.18
2018-06-07,534,moveis_escritorio,58.41
2018-06-09,536,moveis_escritorio,57.94
2018-06-11,538,moveis_escritorio,55.54
2018-06-13,540,moveis_escritorio,55.27
2018-06-14,541,moveis_escritorio,56.91
2018-06-15,542,moveis_escritorio,53.81
2018-06-16,543,moveis_escritorio,54.76
2018-06-18,545,moveis_escritorio,54.6
2018-06-19,546,moveis_escritorio,54.52
2018-06-20,547,moveis_escritorio,53.47
2018-06-21,548,moveis_escritorio,52.74
2018-06-22,549,moveis_escritorio,53.04
2018-06-23,550,moveis_escritorio,54.45
2018-06-24,551,moveis_escritorio,54.25
2018-06-25,552,moveis_escritorio,51.77
2018-06-26,553,moveis_escritorio,56.24
2018-06-27,554,moveis_escritorio,56.59
2018-06-28,555,moveis_escritorio,59.23
2018-06-29,556,moveis_escritorio,59.0
2018-06-30,557,moveis_escritorio,60.79
2018-07-03,560,moveis_escritorio,43.47
2018-07-04,561,moveis_escritorio,42.39
2018-07-05,562,moveis_escritorio,44.3
2018-07-06,563,moveis_escritorio,45.11
2018-07-07,564,moveis_escritorio,46.25
2018-07-08,565,moveis_escritorio,40.85
2018-07-09,566,moveis_escritorio,39.99
2018-07-10,567,moveis_escritorio,38.03
2018-07-11,568,moveis_escritorio,36.71
2018-07-12,569,moveis_escritorio,37.41
2018-07-14,571,moveis_escritorio,40.09
2018-07-15,572,moveis_escritorio,42.02
2018-07-16,573,moveis_escritorio,40.68
2018-07-17,574,moveis_escritorio,36.84
2018-07-18,575,moveis_escritorio,37.23
2018-07-19,576,moveis_escritorio,43.51
2018-07-20,577,moveis_escritorio,44.27
2018-07-21,578,moveis_escritorio,45.11
2018-07-22,579,moveis_escritorio,45.9
2018-07-24,581,moveis_escritorio,45.8
2018-07-25,582,moveis_escritorio,41.88
2018-07-27,584,moveis_escritorio,40.43
2018-07-30,587,moveis_escritorio,39.88
2018-07-31,588,moveis_escritorio,43.68
2018-08-01,589,moveis_escritorio,32.31
2018-08-02,590,moveis_escritorio,27.55
2018-08-03,591,moveis_escritorio,27.66
2018-08-06,594,moveis_escritorio,26.28
2018-08-07,595,moveis_escritorio,24.4
2018-08-10,598,moveis_escritorio,22.93
2018-08-11,599,moveis_escritorio,26.54
2018-08-12,600,moveis_escritorio,28.4
2018-08-13,601,moveis_escritorio,29.08
2018-08-15,603,moveis_escritorio,28.34
2018-08-23,611,moveis_escritorio,28.9
2018-08-28,616,moveis_escritorio,31.07
2017-01-05,16,moveis_quarto,53.06
2017-02-15,57,moveis_quarto,69.95
2017-04-15,116,moveis_quarto,69.15
2017-04-24,125,moveis_quarto,71.46
2017-04-25,126,moveis_quarto,69.27
2017-04-27,128,moveis_quarto,70.59
2017-05-08,139,moveis_quarto,53.82
2017-05-15,146,moveis_quarto,55.77
2017-05-19,150,moveis_quarto,57.37
2017-05-22,153,moveis_quarto,57.58
2017-05-30,161,moveis_quarto,57.5
2017-06-06,168,moveis_quarto,42.78
2017-06-14,176,moveis_quarto,41.0
2017-07-09,201,moveis_quarto,20.74
2017-07-17,209,moveis_quarto,21.65
2017-07-24,216,moveis_quarto,22.74
2017-07-26,218,moveis_quarto,27.6
2017-07-27,219,moveis_quarto,27.54
2017-08-12,235,moveis_quarto,12.78
2017-08-31,254,moveis_quarto,12.04
2017-09-10,264,moveis_quarto,8.87
2017-09-20,274,moveis_quarto,5.0
2017-09-26,280,moveis_quarto,8.67
2017-10-03,287,moveis_quarto,14.78
2017-10-06,290,moveis_quarto,17.37
2017-10-09,293,moveis_quarto,15.85
2017-10-30,314,moveis_quarto,15.01
2017-11-10,325,moveis_quarto,31.56
2017-11-17,332,moveis_quarto,31.39
2017-11-23,338,moveis_quarto,33.73
2017-12-29,374,moveis_quarto,52.01
2018-01-01,377,moveis_quarto,72.62
2018-01-07,383,moveis_quarto,72.78
2018-01-12,388,moveis_quarto,74.0
2018-01-13,389,moveis_quarto,73.32
2018-01-16,392,moveis_quarto,74.34
2018-02-07,414,moveis_quarto,89.0
2018-02-13,420,moveis_quarto,86.56
2018-02-17,424,moveis_quarto,87.22
2018-02-21,428,moveis_quarto,86.68
2018-02-26,433,moveis_quarto,88.3
2018-02-27,434,moveis_quarto,89.39
2018-02-28,435,moveis_quarto,87.86
2018-03-01,436,moveis_quarto,92.95
2018-03-05,440,moveis_quarto,92.78
2018-03-06,441,moveis_quarto,94.54
2018-03-14,449,moveis_quarto,92.01
2018-03-21,456,moveis_quarto,94.74
2018-03-23,458,moveis_quarto,95.0
2018-04-01,467,moveis_quarto,89.11
2018-04-03,469,moveis_quarto,88.25
2018-04-06,472,moveis_quarto,87.83
2018-04-09,475,moveis_quarto,89.76
2018-04-11,477,moveis_quarto,90.17
2018-04-21,487,moveis_quarto,89.92
2018-04-30,496,moveis_quarto,90.31
2018-05-07,503,moveis_quarto,78.63
2018-05-14,510,moveis_quarto,77.75
2018-05-16,512,moveis_quarto,80.04
2018-05-29,525,moveis_quarto,82.87
2018-06-06,533,moveis_quarto,61.31
2018-06-08,535,moveis_quarto,61.59
2018-06-11,538,moveis_quarto,63.48
2018-06-20,547,moveis_quarto,65.01
2018-06-21,548,moveis_quarto,64.37
2018-06-28,555,moveis_quarto,65.54
2018-07-18,575,moveis_quarto,49.02
2018-07-23,580,moveis_quarto,51.5
2018-07-25,582,moveis_quarto,51.39
2018-07-26,583,moveis_quarto,51.14
2018-07-27,584,moveis_quarto,54.95
2018-07-28,585,moveis_quarto,58.79
2018-08-02,590,moveis_quarto,46.42
2018-08-08,596,moveis_quarto,45.22
2018-08-10,598,moveis_quarto,48.77
2018-08-13,601,moveis_quarto,46.62
2018-08-16,604,moveis_quarto,46.63
2018-08-17,605,moveis_quarto,47.11
2018-08-18,606,moveis_quarto,43.63
2018-08-20,608,moveis_quarto,43.29
2018-08-25,613,moveis_quarto,43.5
2017-01-27,38,moveis_sala,53.74
2017-01-29,40,moveis_sala,55.26
2017-01-30,41,moveis_sala,54.31
2017-01-31,42,moveis_sala,51.89
2017-02-02,44,moveis_sala,63.24
2017-02-04,46,moveis_sala,62.45
2017-02-07,49,moveis_sala,61.09
2017-02-08,50,moveis_sala,61.57
2017-02-20,62,moveis_sala,63.24
2017-02-22,64,moveis_sala,62.17
2017-02-23,65,moveis_sala,61.7
2017-02-24,66,moveis_sala,58.76
2017-02-27,69,moveis_sala,58.8
2017-02-28,70,moveis_sala,60.7
2017-03-07,77,moveis_sala,67.85
2017-03-09,79,moveis_sala,66.47
2017-03-10,80,moveis_sala,67.1
2017-03-13,83,moveis_sala,67.93
2017-03-16,86,moveis_sala,67.72
2017-03-18,88,moveis_sala,69.56
2017-03-19,89,moveis_sala,72.03
2017-03-20,90,moveis_sala,74.63
2017-03-22,92,moveis_sala,75.55
2017-03-24,94,moveis_sala,76.99
2017-03-26,96,moveis_sala,78.9
2017-03-29,99,moveis_sala,79.63
2017-03-31,101,moveis_sala,81.5
2017-04-01,102,moveis_sala,76.08
2017-04-02,103,moveis_sala,75.88
2017-04-07,108,moveis_sala,75.84
2017-04-08,109,moveis_sala,73.9
2017-04-12,113,moveis_sala,72.66
2017-04-13,114,moveis_sala,71.35
2017-04-17,118,moveis_sala,71.25
2017-05-01,132,moveis_sala,57.6
2017-05-02,133,moveis_sala,58.88
2017-05-03,134,moveis_sala,58.11
2017-05-04,135,moveis_sala,58.22
2017-05-05,136,moveis_sala,60.7
2017-05-07,138,moveis_sala,59.33
2017-05-08,139,moveis_sala,57.74
2017-05-10,141,moveis_sala,59.89
2017-05-11,142,moveis_sala,59.95
2017-05-17,148,moveis_sala,58.86
2017-05-18,149,moveis_sala,55.0
2017-05-19,150,moveis_sala,54.68
2017-05-23,154,moveis_sala,51.98
2017-05-24,155,moveis_sala,50.19
2017-05-25,156,moveis_sala,49.34
2017-05-27,158,moveis_sala,50.73
2017-05-28,159,moveis_sala,51.53
2017-05-29,160,moveis_sala,49.61
2017-05-31,162,moveis_sala,49.25
2017-06-02,164,moveis_sala,30.5
2017-06-06,168,moveis_sala,33.59
2017-06-08,170,moveis_sala,32.18
2017-06-09,171,moveis_sala,34.29
2017-06-10,172,moveis_sala,33.4
2017-06-12,174,moveis_sala,34.32
2017-06-15,177,moveis_sala,34.15
2017-06-20,182,moveis_sala,36.36
2017-06-22,184,moveis_sala,38.53
2017-06-25,187,moveis_sala,38.73
2017-07-02,194,moveis_sala,20.05
2017-07-03,195,moveis_sala,17.09
2017-07-04,196,moveis_sala,22.44
2017-07-09,201,moveis_sala,22.71
2017-07-10,202,moveis_sala,26.43
2017-07-11,203,moveis_sala,23.17
2017-07-12,204,moveis_sala,24.0
2017-07-13,205,moveis_sala,25.66
2017-07-14,206,moveis_sala,23.86
2017-07-15,207,moveis_sala,23.73
2017-07-16,208,moveis_sala,24.18
2017-07-19,211,moveis_sala,23.84
2017-07-20,212,moveis_sala,19.43
2017-07-21,213,moveis_sala,20.95
2017-07-24,216,moveis_sala,19.55
2017-07-27,219,moveis_sala,21.05
2017-07-28,220,moveis_sala,20.52
2017-07-29,221,moveis_sala,18.86
2017-07-30,222,moveis_sala,16.7
2017-07-31,223,moveis_sala,18.41
2017-08-01,224,moveis_sala,8.26
2017-08-02,225,moveis_sala,9.67
2017-08-03,226,moveis_sala,9.74
2017-08-04,227,moveis_sala,11.48
2017-08-05,228,moveis_sala,13.24
2017-08-08,231,moveis_sala,13.05
2017-08-09,232,moveis_sala,12.73
2017-08-11,234,moveis_sala,11.99
2017-08-15,238,moveis_sala,13.44
2017-08-17,240,moveis_sala,13.34
2017-08-20,243,moveis_sala,9.58
2017-08-21,244,moveis_sala,11.79
2017-08-22,245,moveis_sala,10.98
2017-08-23,246,moveis_sala,6.5
2017-08-24,247,moveis_sala,5.0
2017-08-27,250,moveis_sala,8.33
2017-08-28,251,moveis_sala,8.28
2017-08-30,253,moveis_sala,7.95
2017-09-01,255,moveis_sala,5.12
2017-09-08,262,moveis_sala,5.13
2017-09-09,263,moveis_sala,8.34
2017-09-10,264,moveis_sala,8.31
2017-09-11,265,moveis_sala,10.52
2017-09-15,269,moveis_sala,11.41
2017-09-16,270,moveis_sala,12.32
2017-09-17,271,moveis_sala,10.39
2017-09-22,276,moveis_sala,10.33
2017-09-28,282,moveis_sala,10.22
2017-09-30,284,moveis_sala,8.37
2017-10-04,288,moveis_sala,14.25
2017-10-05,289,moveis_sala,12.61
2017-10-09,293,moveis_sala,12.57
2017-10-10,294,moveis_sala,12.11
2017-10-12,296,moveis_sala,13.27
2017-10-17,301,moveis_sala,12.83
2017-10-21,305,moveis_sala,12.28
2017-10-22,306,moveis_sala,12.53
2017-10-24,308,moveis_sala,17.24
2017-11-01,316,moveis_sala,32.72
2017-11-02,317,moveis_sala,33.37
2017-11-03,318,moveis_sala,33.23
2017-11-05,320,moveis_sala,33.17
2017-11-06,321,moveis_sala,34.75
2017-11-07,322,moveis_sala,34.52
2017-11-11,326,moveis_sala,36.03
2017-11-13,328,moveis_sala,35.97
2017-11-15,330,moveis_sala,34.71
2017-11-21,336,moveis_sala,31.5
2017-11-23,338,moveis_sala,29.61
2017-11-24,339,moveis_sala,29.59
2017-11-25,340,moveis_sala,27.39
2017-11-26,341,moveis_sala,27.44
2017-11-27,342,moveis_sala,23.67
2017-11-28,343,moveis_sala,28.27
2017-11-30,345,moveis_sala,24.53
2017-12-01,346,moveis_sala,44.25
2017-12-02,347,moveis_sala,47.39
2017-12-03,348,moveis_sala,48.49
2017-12-07,352,moveis_sala,51.43
2017-12-08,353,moveis_sala,50.34
2017-12-10,355,moveis_sala,54.12
2017-12-11,356,moveis_sala,56.02
2017-12-13,358,moveis_sala,58.51
2017-12-14,359,moveis_sala,54.95
2017-12-15,360,moveis_sala,57.02
2017-12-18,363,moveis_sala,55.83
2018-01-02,378,moveis_sala,75.2
2018-01-04,380,moveis_sala,75.73
2018-01-08,384,moveis_sala,73.38
2018-01-10,386,moveis_sala,73.75
2018-01-12,388,moveis_sala,71.74
2018-01-13,389,moveis_sala,70.52
2018-01-14,390,moveis_sala,70.45
2018-01-15,391,moveis_sala,71.59
2018-01-16,392,moveis_sala,71.09
2018-01-19,395,moveis_sala,71.32
2018-01-20,396,moveis_sala,71.46
2018-01-21,397,moveis_sala,69.05
2018-01-22,398,moveis_sala,68.64
2018-01-25,401,moveis_sala,68.3
2018-01-26,402,moveis_sala,68.17
2018-01-28,404,moveis_sala,70.58
2018-01-29,405,moveis_sala,71.95
2018-01-30,406,moveis_sala,72.37
2018-02-01,408,moveis_sala,88.73
2018-02-02,409,moveis_sala,91.43
2018-02-03,410,moveis_sala,88.81
2018-02-04,411,moveis_sala,89.32
2018-02-06,413,moveis_sala,89.85
2018-02-09,416,moveis_sala,90.38
2018-02-14,421,moveis_sala,91.97
2018-02-15,422,moveis_sala,90.07
2018-02-16,423,moveis_sala,90.76
2018-02-17,424,moveis_sala,87.61
2018-02-18,425,moveis_sala,87.29
2018-02-20,427,moveis_sala,84.28
2018-02-23,430,moveis_sala,85.54
2018-02-24,431,moveis_sala,87.02
2018-02-25,432,moveis_sala,88.27
2018-02-26,433,moveis_sala,89.49
2018-02-27,434,moveis_sala,87.27
2018-03-01,436,moveis_sala,89.95
2018-03-02,437,moveis_sala,89.0
2018-03-03,438,moveis_sala,93.27
2018-03-04,439,moveis_sala,91.26
2018-03-05,440,moveis_sala,94.94
2018-03-11,446,moveis_sala,95.0
2018-03-12,447,moveis_sala,92.16
2018-03-13,448,moveis_sala,90.98
2018-03-14,449,moveis_sala,90.35
2018-03-15,450,moveis_sala,91.28
2018-03-16,451,moveis_sala,91.92
2018-03-19,454,moveis_sala,88.83
2018-03-21,456,moveis_sala,85.26
2018-03-27,462,moveis_sala,87.1
2018-03-28,463,moveis_sala,85.47
2018-04-01,467,moveis_sala,79.71
2018-04-02,468,moveis_sala,82.05
2018-04-03,469,moveis_sala,85.3
2018-04-04,470,moveis_sala,85.97
2018-04-05,471,moveis_sala,86.51
2018-04-08,474,moveis_sala,89.86
2018-04-11,477,moveis_sala,91.05
2018-04-14,480,moveis_sala,92.07
2018-04-16,482,moveis_sala,91.64
2018-04-18,484,moveis_sala,90.01
2018-04-20,486,moveis_sala,90.27
2018-04-21,487,moveis_sala,87.14
2018-04-22,488,moveis_sala,88.53
2018-04-24,490,moveis_sala,86.75
2018-04-25,491,moveis_sala,89.34
2018-04-27,493,moveis_sala,88.2
2018-04-29,495,moveis_sala,90.51
2018-04-30,496,moveis_sala,90.27
2018-05-02,498,moveis_sala,77.02
2018-05-03,499,moveis_sala,79.85
2018-05-09,505,moveis_sala,81.54
2018-05-13,509,moveis_sala,85.76
2018-05-14,510,moveis_sala,82.63
2018-05-15,511,moveis_sala,83.42
2018-05-18,514,moveis_sala,79.0
2018-05-29,525,moveis_sala,79.83
2018-05-30,526,moveis_sala,80.71
2018-05-31,527,moveis_sala,83.86
2018-06-04,531,moveis_sala,65.04
2018-06-05,532,moveis_sala,63.14
2018-06-10,537,moveis_sala,59.9
2018-06-11,538,moveis_sala,60.42
2018-06-13,540,moveis_sala,58.51
2018-06-16,543,moveis_sala,58.84
2018-06-17,544,moveis_sala,60.94
2018-06-19,546,moveis_sala,60.22
2018-06-20,547,moveis_sala,58.86
2018-06-23,550,moveis_sala,56.88
2018-06-25,552,moveis_sala,53.12
2018-06-27,554,moveis_sala,54.37
2018-06-28,555,moveis_sala,53.75
2018-06-29,556,moveis_sala,53.44
2018-07-01,558,moveis_sala,36.26
2018-07-04,561,moveis_sala,33.79
2018-07-06,563,moveis_sala,33.08
2018-07-07,564,moveis_sala,32.5
2018-07-08,565,moveis_sala,34.29
2018-07-09,566,moveis_sala,34.51
2018-07-11,568,moveis_sala,38.6
2018-07-12,569,moveis_sala,40.4
2018-07-13,570,moveis_sala,43.59
2018-07-14,571,moveis_sala,43.76
2018-07-16,573,moveis_sala,45.67
2018-07-17,574,moveis_sala,47.05
2018-07-18,575,moveis_sala,50.46
2018-07-19,576,moveis_sala,49.38
2018-07-20,577,moveis_sala,49.13
2018-07-21,578,moveis_sala,46.81
2018-07-22,579,moveis_sala,47.31
2018-07-23,580,moveis_sala,48.42
2018-07-24,581,moveis_sala,48.39
2018-07-27,584,moveis_sala,47.08
2018-07-29,586,moveis_sala,47.11
2018-07-30,587,moveis_sala,48.61
2018-07-31,588,moveis_sala,49.24
2018-08-01,589,moveis_sala,37.71
2018-08-02,590,moveis_sala,36.07
2018-08-03,591,moveis_sala,37.61
2018-08-04,592,moveis_sala,35.55
2018-08-05,593,moveis_sala,32.12
2018-08-06,594,moveis_sala,32.05
2018-08-07,595,moveis_sala,31.86
2018-08-08,596,moveis_sala,30.18
2018-08-09,597,moveis_sala,33.79
2018-08-10,598,moveis_sala,29.85
2018-08-11,599,moveis_sala,29.92
2018-08-14,602,moveis_sala,31.36
2018-08-15,603,moveis_sala,33.17
2018-08-16,604,moveis_sala,34.56
2018-08-18,606,moveis_sala,35.25
2018-08-19,607,moveis_sala,36.53
2018-08-20,608,moveis_sala,37.75
2018-08-23,611,moveis_sala,38.45
2018-08-24,612,moveis_sala,33.35
2017-01-05,16,musica,8.81
2017-03-06,76,musica,44.79
2017-04-11,112,musica,44.74
2017-04-29,130,musica,45.34
2017-06-11,173,musica,45.37
2017-06-19,181,musica,64.95
2017-06-27,189,musica,80.03
2017-06-28,190,musica,24.3
2017-07-07,199,musica,10.38
2017-10-16,300,musica,10.01
2018-01-08,384,musica,5.0
2018-02-14,421,musica,5.91
2018-02-23,430,musica,12.08
2018-03-22,457,musica,12.75
2018-03-30,465,musica,12.94
2018-04-02,468,musica,13.9
2018-04-12,478,musica,14.82
2018-04-25,491,musica,30.63
2018-04-29,495,musica,29.84
2018-04-30,496,musica,30.7
2018-05-01,497,musica,30.46
2018-05-06,502,musica,30.73
2018-05-08,504,musica,50.51
2018-05-13,509,musica,51.64
2018-05-29,525,musica,52.92
2018-06-13,540,musica,73.46
2018-06-15,542,musica,73.54
2018-06-22,549,musica,73.33
2018-07-02,559,musica,89.64
2018-07-12,569,musica,88.99
2018-07-20,577,musica,89.8
2018-08-05,593,musica,91.39
2018-08-07,595,musica,93.09
2018-08-12,600,musica,92.57
2018-08-15,603,musica,93.85
2018-08-19,607,musica,95.0
2017-01-05,16,papelaria,55.96
2017-01-18,29,papelaria,56.25
2017-01-20,31,papelaria,57.17
2017-01-21,32,papelaria,55.5
2017-01-26,37,papelaria,54.68
2017-01-27,38,papelaria,54.43
2017-02-02,44,papelaria,67.92
2017-02-03,45,papelaria,70.27
2017-02-04,46,papelaria,70.54
2017-02-05,47,papelaria,70.22
2017-02-07,49,papelaria,69.3
2017-02-08,50,papelaria,68.32
2017-02-09,51,papelaria,70.23
2017-02-10,52,papelaria,71.89
2017-02-11,53,papelaria,74.57
2017-02-12,54,papelaria,78.46
2017-02-13,55,papelaria,76.67
2017-02-17,59,papelaria,76.54
2017-02-23,65,papelaria,77.21
2017-03-01,71,papelaria,83.43
2017-03-03,73,papelaria,83.51
2017-03-04,74,papelaria,84.25
2017-03-05,75,papelaria,85.62
2017-03-07,77,papelaria,83.95
2017-03-08,78,papelaria,83.97
2017-03-09,79,papelaria,82.4
2017-03-10,80,papelaria,85.17
2017-03-11,81,papelaria,85.57
2017-03-12,82,papelaria,85.6
2017-03-13,83,papelaria,87.03
2017-03-14,84,papelaria,85.27
2017-03-15,85,papelaria,84.08
2017-03-17,87,papelaria,80.86
2017-03-19,89,papelaria,82.16
2017-03-20,90,papelaria,81.21
2017-03-22,92,papelaria,83.55
2017-03-25,95,papelaria,81.69
2017-03-27,97,papelaria,79.01
2017-03-28,98,papelaria,78.98
2017-03-29,99,papelaria,76.74
2017-03-30,100,papelaria,78.65
2017-03-31,101,papelaria,79.29
2017-04-01,102,papelaria,73.93
2017-04-02,103,papelaria,72.72
2017-04-03,104,papelaria,72.57
2017-04-04,105,papelaria,70.53
2017-04-05,106,papelaria,71.17
2017-04-06,107,papelaria,72.18
2017-04-10,111,papelaria,72.94
2017-04-11,112,papelaria,73.34
2017-04-12,113,papelaria,75.62
2017-04-13,114,papelaria,75.91
2017-04-15,116,papelaria,75.68
2017-04-16,117,papelaria,79.32
2017-04-17,118,papelaria,79.86
2017-04-19,120,papelaria,81.6
2017-04-20,121,papelaria,82.68
2017-04-21,122,papelaria,84.07
2017-04-24,125,papelaria,83.69
2017-04-25,126,papelaria,82.04
2017-04-26,127,papelaria,79.61
2017-04-27,128,papelaria,77.7
2017-04-29,130,papelaria,78.24
2017-05-01,132,papelaria,61.05
2017-05-02,133,papelaria,61.02
2017-05-03,134,papelaria,60.2
2017-05-05,136,papelaria,60.1
2017-05-07,138,papelaria,59.7
2017-05-08,139,papelaria,58.25
2017-05-09,140,papelaria,59.39
2017-05-10,141,papelaria,60.16
2017-05-11,142,papelaria,63.33
2017-05-12,143,papelaria,62.1
2017-05-14,145,papelaria,61.09
2017-05-15,146,papelaria,59.71
2017-05-16,147,papelaria,60.69
2017-05-17,148,papelaria,61.69
2017-05-18,149,papelaria,60.15
2017-05-19,150,papelaria,61.38
2017-05-20,151,papelaria,64.17
2017-05-21,152,papelaria,63.55
2017-05-22,153,papelaria,64.06
2017-05-24,155,papelaria,66.91
2017-05-25,156,papelaria,67.76
2017-05-26,157,papelaria,68.51
2017-05-27,158,papelaria,67.23
2017-05-29,160,papelaria,65.82
2017-05-30,161,papelaria,68.27
2017-05-31,162,papelaria,68.44
2017-06-01,163,papelaria,44.78
2017-06-02,164,papelaria,42.56
2017-06-04,166,papelaria,37.88
2017-06-05,167,papelaria,36.84
2017-06-06,168,papelaria,38.39
2017-06-08,170,papelaria,39.05
2017-06-10,172,papelaria,37.79
2017-06-11,173,papelaria,38.58
2017-06-12,174,papelaria,38.36
2017-06-13,175,papelaria,36.22
2017-06-14,176,papelaria,38.19
2017-06-15,177,papelaria,39.95
2017-06-18,180,papelaria,45.21
2017-06-19,181,papelaria,47.24
2017-06-20,182,papelaria,47.71
2017-06-23,185,papelaria,46.43
2017-06-24,186,papelaria,48.88
2017-06-25,187,papelaria,47.45
2017-06-26,188,papelaria,45.55
2017-06-27,189,papelaria,44.43
2017-06-28,190,papelaria,46.53
2017-06-30,192,papelaria,45.74
2017-07-01,193,papelaria,26.11
2017-07-02,194,papelaria,20.91
2017-07-03,195,papelaria,20.44
2017-07-04,196,papelaria,18.25
2017-07-05,197,papelaria,18.56
2017-07-06,198,papelaria,19.88
2017-07-07,199,papelaria,20.56
2017-07-08,200,papelaria,24.15
2017-07-09,201,papelaria,22.77
2017-07-10,202,papelaria,23.73
2017-07-11,203,papelaria,24.69
2017-07-12,204,papelaria,23.69
2017-07-13,205,papelaria,22.93
2017-07-14,206,papelaria,26.12
2017-07-15,207,papelaria,24.48
2017-07-16,208,papelaria,25.75
2017-07-17,209,papelaria,24.69
2017-07-18,210,papelaria,23.18
2017-07-19,211,papelaria,21.99
2017-07-20,212,papelaria,23.92
2017-07-21,213,papelaria,22.6
2017-07-23,215,papelaria,26.12
2017-07-24,216,papelaria,26.68
2017-07-25,217,papelaria,27.58
2017-07-26,218,papelaria,28.34
2017-07-27,219,papelaria,29.94
2017-07-28,220,papelaria,32.05
2017-07-30,222,papelaria,32.29
2017-07-31,223,papelaria,34.11
2017-08-01,224,papelaria,18.88
2017-08-02,225,papelaria,17.27
2017-08-03,226,papelaria,17.94
2017-08-04,227,papelaria,19.08
2017-08-05,228,papelaria,17.49
2017-08-06,229,papelaria,16.02
2017-08-07,230,papelaria,14.58
2017-08-08,231,papelaria,12.16
2017-08-09,232,papelaria,10.1
2017-08-10,233,papelaria,9.37
2017-08-11,234,papelaria,7.91
2017-08-12,235,papelaria,10.42
2017-08-13,236,papelaria,9.94
2017-08-14,237,papelaria,8.67
2017-08-15,238,papelaria,11.02
2017-08-16,239,papelaria,11.22
2017-08-17,240,papelaria,10.29
2017-08-18,241,papelaria,14.18
2017-08-20,243,papelaria,16.33
2017-08-21,244,papelaria,18.85
2017-08-22,245,papelaria,20.59
2017-08-24,247,papelaria,21.34
2017-08-25,248,papelaria,19.8
2017-08-26,249,papelaria,17.97
2017-08-27,250,papelaria,15.99
2017-08-30,253,papelaria,15.77
2017-08-31,254,papelaria,14.13
2017-09-01,255,papelaria,7.22
2017-09-02,256,papelaria,8.8
2017-09-03,257,papelaria,7.35
2017-09-04,258,papelaria,6.63
2017-09-05,259,papelaria,5.0
2017-09-06,260,papelaria,6.09
2017-09-07,261,papelaria,7.07
2017-09-08,262,papelaria,5.51
2017-09-09,263,papelaria,6.81
2017-09-10,264,papelaria,6.78
2017-09-11,265,papelaria,8.38
2017-09-12,266,papelaria,5.58
2017-09-13,267,papelaria,5.45
2017-09-15,269,papelaria,8.94
2017-09-17,271,papelaria,8.21
2017-09-18,272,papelaria,8.95
2017-09-19,273,papelaria,8.63
2017-09-20,274,papelaria,9.02
2017-09-21,275,papelaria,10.99
2017-09-22,276,papelaria,12.0
2017-09-23,277,papelaria,10.96
2017-09-24,278,papelaria,10.67
2017-09-25,279,papelaria,11.89
2017-09-26,280,papelaria,11.08
2017-09-27,281,papelaria,13.86
2017-09-28,282,papelaria,15.08
2017-09-29,283,papelaria,15.24
2017-09-30,284,papelaria,17.46
2017-10-01,285,papelaria,21.03
2017-10-02,286,papelaria,18.49
2017-10-03,287,papelaria,16.89
2017-10-04,288,papelaria,20.32
2017-10-05,289,papelaria,21.04
2017-10-06,290,papelaria,17.54
2017-10-09,293,papelaria,17.12
2017-10-10,294,papelaria,16.41
2017-10-11,295,papelaria,18.95
2017-10-12,296,papelaria,17.75
2017-10-13,297,papelaria,17.77
2017-10-14,298,papelaria,21.26
2017-10-15,299,papelaria,22.31
2017-10-16,300,papelaria,21.22
2017-10-17,301,papelaria,19.26
2017-10-18,302,papelaria,23.5
2017-10-19,303,papelaria,22.34
2017-10-20,304,papelaria,21.05
2017-10-21,305,papelaria,19.13
2017-10-22,306,papelaria,20.17
2017-10-23,307,papelaria,20.35
2017-10-24,308,papelaria,17.54
2017-10-25,309,papelaria,20.46
2017-10-26,310,papelaria,20.89
2017-10-27,311,papelaria,22.39
2017-10-28,312,papelaria,20.14
2017-10-29,313,papelaria,20.37
2017-10-30,314,papelaria,21.42
2017-10-31,315,papelaria,23.74
2017-11-01,316,papelaria,36.38
2017-11-02,317,papelaria,36.44
2017-11-03,318,papelaria,37.67
2017-11-04,319,papelaria,35.55
2017-11-05,320,papelaria,34.13
2017-11-06,321,papelaria,35.16
2017-11-07,322,papelaria,34.23
2017-11-08,323,papelaria,33.82
2017-11-09,324,papelaria,33.65
2017-11-10,325,papelaria,31.89
2017-11-11,326,papelaria,32.89
2017-11-12,327,papelaria,31.52
2017-11-13,328,papelaria,33.95
2017-11-14,329,papelaria,32.67
2017-11-15,330,papelaria,33.98
2017-11-16,331,papelaria,31.42
2017-11-17,332,papelaria,33.1
2017-11-18,333,papelaria,33.55
2017-11-19,334,papelaria,33.8
2017-11-20,335,papelaria,35.86
2017-11-21,336,papelaria,34.1
2017-11-22,337,papelaria,35.33
2017-11-23,338,papelaria,32.54
2017-11-24,339,papelaria,33.8
2017-11-25,340,papelaria,32.05
2017-11-26,341,papelaria,32.24
2017-11-27,342,papelaria,31.63
2017-11-28,343,papelaria,34.07
2017-11-29,344,papelaria,34.45
2017-11-30,345,papelaria,35.1
2017-12-01,346,papelaria,53.75
2017-12-02,347,papelaria,52.51
2017-12-03,348,papelaria,55.58
2017-12-04,349,papelaria,56.05
2017-12-05,350,papelaria,56.81
2017-12-06,351,papelaria,58.34
2017-12-07,352,papelaria,58.1
2017-12-08,353,papelaria,53.17
2017-12-09,354,papelaria,54.3
2017-12-10,355,papelaria,53.61
2017-12-11,356,papelaria,55.77
2017-12-12,357,papelaria,56.87
2017-12-13,358,papelaria,54.57
2017-12-14,359,papelaria,55.14
2017-12-15,360,papelaria,57.13
2017-12-16,361,papelaria,58.71
2017-12-17,362,papelaria,59.07
2017-12-18,363,papelaria,61.5
2017-12-19,364,papelaria,59.38
2017-12-20,365,papelaria,58.69
2017-12-21,366,papelaria,54.3
2017-12-22,367,papelaria,54.81
2017-12-23,368,papelaria,55.95
2017-12-25,370,papelaria,55.66
2017-12-26,371,papelaria,54.77
2017-12-27,372,papelaria,54.68
2017-12-28,373,papelaria,55.92
2017-12-29,374,papelaria,55.38
2017-12-30,375,papelaria,55.59
2017-12-31,376,papelaria,53.78
2018-01-01,377,papelaria,74.03
2018-01-02,378,papelaria,71.75
2018-01-03,379,papelaria,72.44
2018-01-04,380,papelaria,73.45
2018-01-05,381,papelaria,72.16
2018-01-06,382,papelaria,69.95
2018-01-07,383,papelaria,68.87
2018-01-08,384,papelaria,70.86
2018-01-09,385,papelaria,73.79
2018-01-10,386,papelaria,72.77
2018-01-11,387,papelaria,71.68
2018-01-12,388,papelaria,72.68
2018-01-13,389,papelaria,69.47
2018-01-14,390,papelaria,67.14
2018-01-15,391,papelaria,68.9
2018-01-16,392,papelaria,68.82
2018-01-17,393,papelaria,66.82
2018-01-18,394,papelaria,69.46
2018-01-19,395,papelaria,67.75
2018-01-20,396,papelaria,70.14
2018-01-21,397,papelaria,69.16
2018-01-22,398,papelaria,69.9
2018-01-23,399,papelaria,71.56
2018-01-24,400,papelaria,69.76
2018-01-25,401,papelaria,67.84
2018-01-26,402,papelaria,69.29
2018-01-27,403,papelaria,73.9
2018-01-28,404,papelaria,70.66
2018-01-29,405,papelaria,71.8
2018-01-30,406,papelaria,71.49
2018-01-31,407,papelaria,72.86
2018-02-01,408,papelaria,86.77
2018-02-02,409,papelaria,89.2
2018-02-03,410,papelaria,93.42
2018-02-04,411,papelaria,93.47
2018-02-05,412,papelaria,92.38
2018-02-06,413,papelaria,90.24
2018-02-07,414,papelaria,89.47
2018-02-08,415,papelaria,88.57
2018-02-09,416,papelaria,89.89
2018-02-10,417,papelaria,91.36
2018-02-11,418,papelaria,92.18
2018-02-12,419,papelaria,89.62
2018-02-13,420,papelaria,86.17
2018-02-14,421,papelaria,88.08
2018-02-15,422,papelaria,90.67
2018-02-16,423,papelaria,89.73
2018-02-17,424,papelaria,91.01
2018-02-18,425,papelaria,91.45
2018-02-19,426,papelaria,90.67
2018-02-20,427,papelaria,89.41
2018-02-21,428,papelaria,86.04
2018-02-22,429,papelaria,83.52
2018-02-23,430,papelaria,83.9
2018-02-24,431,papelaria,82.96
2018-02-25,432,papelaria,81.97
2018-02-26,433,papelaria,82.5
2018-02-27,434,papelaria,80.96
2018-02-28,435,papelaria,78.93
2018-03-01,436,papelaria,84.26
2018-03-02,437,papelaria,86.07
2018-03-03,438,papelaria,88.72
2018-03-04,439,papelaria,92.54
2018-03-05,440,papelaria,92.11
2018-03-06,441,papelaria,92.2
2018-03-07,442,papelaria,93.35
2018-03-08,443,papelaria,95.0
2018-03-09,444,papelaria,93.71
2018-03-10,445,papelaria,94.84
2018-03-11,446,papelaria,94.5
2018-03-12,447,papelaria,91.77
2018-03-13,448,papelaria,87.39
2018-03-14,449,papelaria,86.77
2018-03-15,450,papelaria,87.71
2018-03-16,451,papelaria,87.19
2018-03-17,452,papelaria,84.22
2018-03-18,453,papelaria,82.62
2018-03-19,454,papelaria,84.66
2018-03-20,455,papelaria,83.62
2018-03-21,456,papelaria,82.9
2018-03-22,457,papelaria,81.64
2018-03-23,458,papelaria,85.11
2018-03-24,459,papelaria,81.28
2018-03-25,460,papelaria,81.98
2018-03-26,461,papelaria,84.25
2018-03-27,462,papelaria,83.37
2018-03-28,463,papelaria,84.52
2018-03-29,464,papelaria,86.09
2018-03-30,465,papelaria,82.96
2018-03-31,466,papelaria,83.09
2018-04-01,467,papelaria,76.99
2018-04-02,468,papelaria,76.47
2018-04-03,469,papelaria,80.25
2018-04-04,470,papelaria,77.42
2018-04-05,471,papelaria,78.77
2018-04-06,472,papelaria,80.58
2018-04-09,475,papelaria,78.57
2018-04-10,476,papelaria,79.02
2018-04-11,477,papelaria,81.04
2018-04-12,478,papelaria,79.67
2018-04-13,479,papelaria,80.47
2018-04-14,480,papelaria,83.03
2018-04-15,481,papelaria,83.51
2018-04-16,482,papelaria,87.67
2018-04-17,483,papelaria,85.58
2018-04-18,484,papelaria,86.0
2018-04-19,485,papelaria,87.26
2018-04-20,486,papelaria,85.74
2018-04-21,487,papelaria,88.27
2018-04-22,488,papelaria,89.13
2018-04-23,489,papelaria,92.12
2018-04-24,490,papelaria,90.16
2018-04-25,491,papelaria,89.91
2018-04-26,492,papelaria,87.16
2018-04-27,493,papelaria,85.04
2018-04-28,494,papelaria,85.75
2018-04-29,495,papelaria,85.29
2018-04-30,496,papelaria,85.74
2018-05-01,497,papelaria,71.43
2018-05-02,498,papelaria,70.34
2018-05-03,499,papelaria,69.34
2018-05-04,500,papelaria,68.74
2018-05-05,501,papelaria,67.76
2018-05-06,502,papelaria,71.43
2018-05-07,503,papelaria,73.47
2018-05-08,504,papelaria,74.52
2018-05-09,505,papelaria,75.49
2018-05-11,507,papelaria,71.61
2018-05-12,508,papelaria,74.46
2018-05-13,509,papelaria,74.46
2018-05-14,510,papelaria,75.91
2018-05-15,511,papelaria,75.23
2018-05-16,512,papelaria,78.95
2018-05-17,513,papelaria,79.18
2018-05-18,514,papelaria,78.02
2018-05-19,515,papelaria,75.47
2018-05-20,516,papelaria,75.3
2018-05-21,517,papelaria,79.64
2018-05-22,518,papelaria,78.33
2018-05-23,519,papelaria,79.01
2018-05-24,520,papelaria,77.81
2018-05-25,521,papelaria,78.86
2018-05-26,522,papelaria,77.71
2018-05-27,523,papelaria,76.43
2018-05-28,524,papelaria,76.43
2018-05-29,525,papelaria,77.49
2018-05-30,526,papelaria,76.71
2018-06-01,528,papelaria,59.32
2018-06-02,529,papelaria,62.64
2018-06-03,530,papelaria,63.55
2018-06-04,531,papelaria,65.58
2018-06-05,532,papelaria,64.66
2018-06-06,533,papelaria,62.93
2018-06-07,534,papelaria,62.45
2018-06-08,535,papelaria,63.26
2018-06-09,536,papelaria,65.67
2018-06-10,537,papelaria,65.82
2018-06-11,538,papelaria,65.47
2018-06-12,539,papelaria,59.67
2018-06-13,540,papelaria,60.75
2018-06-14,541,papelaria,61.24
2018-06-15,542,papelaria,61.57
2018-06-16,543,papelaria,58.47
2018-06-17,544,papelaria,58.42
2018-06-18,545,papelaria,58.74
2018-06-19,546,papelaria,56.5
2018-06-20,547,papelaria,59.58
2018-06-21,548,papelaria,58.36
2018-06-22,549,papelaria,59.81
2018-06-23,550,papelaria,57.75
2018-06-24,551,papelaria,56.56
2018-06-25,552,papelaria,57.92
2018-06-26,553,papelaria,60.54
2018-06-27,554,papelaria,61.65
2018-06-28,555,papelaria,62.28
2018-06-29,556,papelaria,61.43
2018-07-01,558,papelaria,40.2
2018-07-02,559,papelaria,40.11
2018-07-03,560,papelaria,38.09
2018-07-04,561,papelaria,39.97
2018-07-05,562,papelaria,39.78
2018-07-06,563,papelaria,39.45
2018-07-07,564,papelaria,40.86
2018-07-08,565,papelaria,40.39
2018-07-09,566,papelaria,39.68
2018-07-10,567,papelaria,39.73
2018-07-11,568,papelaria,39.11
2018-07-12,569,papelaria,39.02
2018-07-13,570,papelaria,42.31
2018-07-14,571,papelaria,41.08
2018-07-15,572,papelaria,42.22
2018-07-16,573,papelaria,41.15
2018-07-17,574,papelaria,40.81
2018-07-18,575,papelaria,40.5
2018-07-19,576,papelaria,41.67
2018-07-20,577,papelaria,42.83
2018-07-21,578,papelaria,45.62
2018-07-22,579,papelaria,43.67
2018-07-23,580,papelaria,45.21
2018-07-24,581,papelaria,48.21
2018-07-25,582,papelaria,46.5
2018-07-26,583,papelaria,47.71
2018-07-27,584,papelaria,46.3
2018-07-28,585,papelaria,43.64
2018-07-29,586,papelaria,41.74
2018-07-30,587,papelaria,39.89
2018-07-31,588,papelaria,38.56
2018-08-01,589,papelaria,27.33
2018-08-02,590,papelaria,24.84
2018-08-03,591,papelaria,22.87
2018-08-04,592,papelaria,22.54
2018-08-05,593,papelaria,22.98
2018-08-06,594,papelaria,25.08
2018-08-07,595,papelaria,30.79
2018-08-08,596,papelaria,33.28
2018-08-09,597,papelaria,34.35
2018-08-10,598,papelaria,34.04
2018-08-11,599,papelaria,35.72
2018-08-12,600,papelaria,37.15
2018-08-13,601,papelaria,36.54
2018-08-14,602,papelaria,38.61
2018-08-15,603,papelaria,36.11
2018-08-16,604,papelaria,34.94
2018-08-17,605,papelaria,32.6
2018-08-18,606,papelaria,30.79
2018-08-19,607,papelaria,30.24
2018-08-20,608,papelaria,30.92
2018-08-21,609,papelaria,29.48
2018-08-22,610,papelaria,30.63
2018-08-23,611,papelaria,30.01
2018-08-25,613,papelaria,29.45
2018-08-26,614,papelaria,31.86
2018-08-27,615,papelaria,30.98
2017-04-17,118,pc_gamer,49.57
2017-04-24,125,pc_gamer,65.01
2017-05-25,156,pc_gamer,42.6
2017-06-15,177,pc_gamer,21.76
2018-02-20,427,pc_gamer,95.0
2018-07-28,585,pc_gamer,7.07
2018-07-30,587,pc_gamer,23.33
2018-08-18,606,pc_gamer,5.0
2017-01-30,41,pcs,69.7
2017-02-21,63,pcs,70.79
2017-08-28,251,pcs,71.22
2017-08-29,252,pcs,78.27
2017-08-30,253,pcs,79.75
2017-08-31,254,pcs,79.41
2017-09-01,255,pcs,81.06
2017-09-02,256,pcs,81.7
2017-09-03,257,pcs,80.69
2017-09-04,258,pcs,81.66
2017-09-05,259,pcs,82.64
2017-09-06,260,pcs,82.81
2017-09-07,261,pcs,83.12
2017-09-12,266,pcs,81.94
2017-09-14,268,pcs,81.78
2017-09-15,269,pcs,82.53
2017-09-16,270,pcs,83.04
2017-09-17,271,pcs,83.71
2017-09-18,272,pcs,85.03
2017-09-25,279,pcs,86.55
2017-09-27,281,pcs,80.64
2017-09-28,282,pcs,80.75
2017-09-30,284,pcs,80.97
2017-10-01,285,pcs,81.56
2017-10-02,286,pcs,80.75
2017-10-03,287,pcs,80.06
2017-10-05,289,pcs,80.26
2017-10-07,291,pcs,79.65
2017-10-09,293,pcs,80.61
2017-10-10,294,pcs,80.59
2017-10-11,295,pcs,80.52
2017-10-15,299,pcs,81.17
2017-10-16,300,pcs,80.95
2017-10-22,306,pcs,82.01
2017-10-23,307,pcs,82.89
2017-10-24,308,pcs,83.09
2017-10-26,310,pcs,82.24
2017-10-27,311,pcs,82.6
2017-10-29,313,pcs,65.5
2017-10-30,314,pcs,64.58
2017-10-31,315,pcs,64.79
2017-11-01,316,pcs,63.76
2017-11-02,317,pcs,64.45
2017-11-03,318,pcs,41.72
2017-11-04,319,pcs,40.99
2017-11-09,324,pcs,42.1
2017-12-04,349,pcs,42.69
2017-12-06,351,pcs,42.37
2017-12-07,352,pcs,43.07
2017-12-11,356,pcs,43.68
2017-12-12,357,pcs,43.93
2017-12-15,360,pcs,44.32
2017-12-16,361,pcs,43.72
2017-12-18,363,pcs,43.57
2017-12-20,365,pcs,44.26
2017-12-23,368,pcs,42.71
2017-12-26,371,pcs,20.47
2017-12-28,373,pcs,20.51
2017-12-31,376,pcs,19.63
2018-01-02,378,pcs,20.7
2018-01-03,379,pcs,20.26
2018-01-04,380,pcs,19.39
2018-01-06,382,pcs,20.34
2018-01-07,383,pcs,19.95
2018-01-08,384,pcs,20.16
2018-01-09,385,pcs,20.94
2018-01-10,386,pcs,20.94
2018-01-11,387,pcs,21.36
2018-01-12,388,pcs,6.29
2018-01-15,391,pcs,5.0
2018-01-27,403,pcs,6.07
2018-04-04,470,pcs,7.86
2018-04-08,474,pcs,7.27
2018-04-09,475,pcs,7.05
2018-04-10,476,pcs,7.89
2018-04-13,479,pcs,7.69
2018-04-15,481,pcs,7.4
2018-04-17,483,pcs,25.15
2018-04-18,484,pcs,24.53
2018-04-19,485,pcs,24.53
2018-05-03,499,pcs,25.41
2018-05-10,506,pcs,24.94
2018-05-11,507,pcs,25.3
2018-05-22,518,pcs,48.96
2018-05-25,521,pcs,48.91
2018-05-31,527,pcs,50.7
2018-06-01,528,pcs,50.29
2018-06-06,533,pcs,50.43
2018-06-11,538,pcs,50.98
2018-06-19,546,pcs,74.84
2018-06-22,549,pcs,74.49
2018-06-30,557,pcs,75.46
2018-07-01,558,pcs,75.1
2018-07-04,561,pcs,76.08
2018-07-11,568,pcs,75.06
2018-07-15,572,pcs,73.54
2018-07-25,582,pcs,91.15
2018-07-26,583,pcs,91.92
2018-07-31,588,pcs,91.52
2018-08-06,594,pcs,91.74
2018-08-08,596,pcs,92.27
2018-08-09,597,pcs,91.76
2018-08-10,598,pcs,92.04
2018-08-11,599,pcs,91.03
2018-08-14,602,pcs,92.8
2018-08-20,608,pcs,93.63
2018-08-21,609,pcs,95.0
2018-08-22,610,pcs,94.52
2016-10-04,7,perfumaria,13.89
2016-10-05,8,perfumaria,16.13
2016-10-06,9,perfumaria,15.42
2016-10-07,10,perfumaria,14.93
2016-10-08,11,perfumaria,8.27
2016-10-09,12,perfumaria,5.92
2016-10-10,13,perfumaria,5.32
2017-01-17,28,perfumaria,50.08
2017-01-24,35,perfumaria,50.75
2017-01-25,36,perfumaria,51.8
2017-01-26,37,perfumaria,49.54
2017-01-27,38,perfumaria,49.75
2017-01-28,39,perfumaria,53.44
2017-01-29,40,perfumaria,54.3
2017-01-30,41,perfumaria,53.13
2017-01-31,42,perfumaria,54.07
2017-02-01,43,perfumaria,64.9
2017-02-02,44,perfumaria,65.91
2017-02-03,45,perfumaria,63.53
2017-02-04,46,perfumaria,61.33
2017-02-05,47,perfumaria,62.04
2017-02-06,48,perfumaria,58.21
2017-02-07,49,perfumaria,56.95
2017-02-08,50,perfumaria,57.02
2017-02-09,51,perfumaria,59.78
2017-02-10,52,perfumaria,61.28
2017-02-11,53,perfumaria,60.63
2017-02-12,54,perfumaria,60.08
2017-02-13,55,perfumaria,59.89
2017-02-14,56,perfumaria,59.24
2017-02-15,57,perfumaria,59.75
2017-02-17,59,perfumaria,60.41
2017-02-18,60,perfumaria,59.28
2017-02-20,62,perfumaria,59.01
2017-02-22,64,perfumaria,60.16
2017-02-23,65,perfumaria,58.44
2017-02-24,66,perfumaria,60.56
2017-02-25,67,perfumaria,63.38
2017-02-27,69,perfumaria,63.49
2017-02-28,70,perfumaria,65.54
2017-03-01,71,perfumaria,70.92
2017-03-02,72,perfumaria,73.12
2017-03-03,73,perfumaria,73.83
2017-03-04,74,perfumaria,75.55
2017-03-05,75,perfumaria,72.69
2017-03-06,76,perfumaria,72.39
2017-03-07,77,perfumaria,71.14
2017-03-08,78,perfumaria,71.52
2017-03-09,79,perfumaria,70.68
2017-03-10,80,perfumaria,68.36
2017-03-11,81,perfumaria,65.09
2017-03-12,82,perfumaria,64.57
2017-03-13,83,perfumaria,64.82
2017-03-14,84,perfumaria,65.42
2017-03-15,85,perfumaria,67.88
2017-03-16,86,perfumaria,67.2
2017-03-17,87,perfumaria,67.01
2017-03-18,88,perfumaria,65.99
2017-03-19,89,perfumaria,66.8
2017-03-20,90,perfumaria,69.32
2017-03-21,91,perfumaria,70.47
2017-03-22,92,perfumaria,68.66
2017-03-23,93,perfumaria,68.17
2017-03-24,94,perfumaria,65.71
2017-03-25,95,perfumaria,64.25
2017-03-27,97,perfumaria,66.24
2017-03-28,98,perfumaria,67.91
2017-03-29,99,perfumaria,64.35
2017-03-30,100,perfumaria,64.63
2017-03-31,101,perfumaria,62.52
2017-04-01,102,perfumaria,57.58
2017-04-02,103,perfumaria,58.99
2017-04-03,104,perfumaria,58.74
2017-04-04,105,perfumaria,61.68
2017-04-05,106,perfumaria,63.88
2017-04-06,107,perfumaria,65.14
2017-04-07,108,perfumaria,63.96
2017-04-08,109,perfumaria,64.79
2017-04-09,110,perfumaria,64.97
2017-04-10,111,perfumaria,65.56
2017-04-11,112,perfumaria,65.66
2017-04-12,113,perfumaria,64.12
2017-04-13,114,perfumaria,64.8
2017-04-14,115,perfumaria,62.67
2017-04-15,116,perfumaria,62.11
2017-04-16,117,perfumaria,61.53
2017-04-17,118,perfumaria,63.54
2017-04-18,119,perfumaria,63.24
2017-04-19,120,perfumaria,63.68
2017-04-20,121,perfumaria,63.03
2017-04-21,122,perfumaria,62.34
2017-04-22,123,perfumaria,63.31
2017-04-23,124,perfumaria,64.73
2017-04-24,125,perfumaria,64.82
2017-04-25,126,perfumaria,65.96
2017-04-26,127,perfumaria,65.87
2017-04-27,128,perfumaria,64.09
2017-04-28,129,perfumaria,67.12
2017-04-29,130,perfumaria,67.23
2017-04-30,131,perfumaria,67.03
2017-05-01,132,perfumaria,58.9
2017-05-02,133,perfumaria,59.8
2017-05-03,134,perfumaria,58.57
2017-05-04,135,perfumaria,58.04
2017-05-05,136,perfumaria,57.62
2017-05-06,137,perfumaria,57.64
2017-05-07,138,perfumaria,58.95
2017-05-08,139,perfumaria,56.96
2017-05-09,140,perfumaria,57.49
2017-05-10,141,perfumaria,59.81
2017-05-11,142,perfumaria,56.77
2017-05-12,143,perfumaria,54.77
2017-05-13,144,perfumaria,55.52
2017-05-14,145,perfumaria,54.69
2017-05-15,146,perfumaria,53.49
2017-05-16,147,perfumaria,52.37
2017-05-17,148,perfumaria,53.14
2017-05-18,149,perfumaria,53.34
2017-05-19,150,perfumaria,53.73
2017-05-20,151,perfumaria,52.04
2017-05-21,152,perfumaria,54.14
2017-05-22,153,perfumaria,58.46
2017-05-23,154,perfumaria,56.5
2017-05-24,155,perfumaria,58.84
2017-05-25,156,perfumaria,62.08
2017-05-26,157,perfumaria,62.76
2017-05-27,158,perfumaria,61.4
2017-05-28,159,perfumaria,62.9
2017-05-29,160,perfumaria,61.65
2017-05-30,161,perfumaria,60.25
2017-05-31,162,perfumaria,60.47
2017-06-01,163,perfumaria,39.21
2017-06-02,164,perfumaria,40.06
2017-06-03,165,perfumaria,41.24
2017-06-04,166,perfumaria,37.49
2017-06-05,167,perfumaria,36.62
2017-06-06,168,perfumaria,37.68
2017-06-07,169,perfumaria,35.72
2017-06-08,170,perfumaria,34.23
2017-06-09,171,perfumaria,36.72
2017-06-10,172,perfumaria,35.16
2017-06-11,173,perfumaria,36.15
2017-06-12,174,perfumaria,37.5
2017-06-13,175,perfumaria,36.64
2017-06-14,176,perfumaria,36.69
2017-06-15,177,perfumaria,37.24
2017-06-16,178,perfumaria,36.8
2017-06-17,179,perfumaria,39.36
2017-06-18,180,perfumaria,40.56
2017-06-19,181,perfumaria,41.09
2017-06-20,182,perfumaria,42.06
2017-06-21,183,perfumaria,44.72
2017-06-22,184,perfumaria,44.04
2017-06-23,185,perfumaria,42.41
2017-06-25,187,perfumaria,42.34
2017-06-26,188,perfumaria,43.17
2017-06-27,189,perfumaria,44.88
2017-06-28,190,perfumaria,42.89
2017-06-29,191,perfumaria,44.28
2017-06-30,192,perfumaria,43.13
2017-07-01,193,perfumaria,26.29
2017-07-02,194,perfumaria,27.13
2017-07-03,195,perfumaria,28.07
2017-07-04,196,perfumaria,27.73
2017-07-05,197,perfumaria,27.65
2017-07-06,198,perfumaria,28.82
2017-07-07,199,perfumaria,26.82
2017-07-08,200,perfumaria,26.07
2017-07-09,201,perfumaria,24.13
2017-07-10,202,perfumaria,25.45
2017-07-11,203,perfumaria,26.59
2017-07-12,204,perfumaria,24.81
2017-07-13,205,perfumaria,26.97
2017-07-14,206,perfumaria,29.55
2017-07-15,207,perfumaria,30.01
2017-07-16,208,perfumaria,27.53
2017-07-17,209,perfumaria,26.22
2017-07-18,210,perfumaria,28.1
2017-07-19,211,perfumaria,28.56
2017-07-20,212,perfumaria,29.8
2017-07-21,213,perfumaria,30.44
2017-07-22,214,perfumaria,31.25
2017-07-23,215,perfumaria,26.83
2017-07-24,216,perfumaria,25.05
2017-07-25,217,perfumaria,26.94
2017-07-26,218,perfumaria,27.31
2017-07-27,219,perfumaria,29.93
2017-07-28,220,perfumaria,30.16
2017-07-29,221,perfumaria,30.88
2017-07-30,222,perfumaria,28.02
2017-07-31,223,perfumaria,26.17
2017-08-01,224,perfumaria,13.72
2017-08-02,225,perfumaria,16.49
2017-08-03,226,perfumaria,16.28
2017-08-04,227,perfumaria,14.48
2017-08-05,228,perfumaria,15.28
2017-08-06,229,perfumaria,14.77
2017-08-07,230,perfumaria,13.13
2017-08-08,231,perfumaria,11.51
2017-08-09,232,perfumaria,13.26
2017-08-10,233,perfumaria,11.57
2017-08-11,234,perfumaria,12.97
2017-08-12,235,perfumaria,11.57
2017-08-13,236,perfumaria,10.81
2017-08-14,237,perfumaria,10.6
2017-08-15,238,perfumaria,11.07
2017-08-16,239,perfumaria,9.66
2017-08-17,240,perfumaria,10.86
2017-08-18,241,perfumaria,13.43
2017-08-19,242,perfumaria,12.42
2017-08-20,243,perfumaria,13.18
2017-08-21,244,perfumaria,11.3
2017-08-22,245,perfumaria,13.28
2017-08-23,246,perfumaria,17.3
2017-08-24,247,perfumaria,15.47
2017-08-25,248,perfumaria,16.4
2017-08-26,249,perfumaria,17.41
2017-08-27,250,perfumaria,18.58
2017-08-28,251,perfumaria,17.05
2017-08-29,252,perfumaria,15.19
2017-08-30,253,perfumaria,17.11
2017-08-31,254,perfumaria,16.38
2017-09-01,255,perfumaria,8.62
2017-09-02,256,perfumaria,5.0
2017-09-03,257,perfumaria,8.27
2017-09-04,258,perfumaria,7.16
2017-09-05,259,perfumaria,7.87
2017-09-06,260,perfumaria,7.61
2017-09-07,261,perfumaria,7.83
2017-09-08,262,perfumaria,9.96
2017-09-09,263,perfumaria,8.68
2017-09-10,264,perfumaria,9.63
2017-09-11,265,perfumaria,10.2
2017-09-12,266,perfumaria,12.35
2017-09-13,267,perfumaria,12.99
2017-09-14,268,perfumaria,11.87
2017-09-15,269,perfumaria,12.54
2017-09-16,270,perfumaria,11.92
2017-09-17,271,perfumaria,12.78
2017-09-18,272,perfumaria,10.84
2017-09-19,273,perfumaria,9.31
2017-09-20,274,perfumaria,9.8
2017-09-21,275,perfumaria,12.01
2017-09-22,276,perfumaria,10.77
2017-09-23,277,perfumaria,11.55
2017-09-24,278,perfumaria,13.51
2017-09-25,279,perfumaria,10.89
2017-09-26,280,perfumaria,10.84
2017-09-27,281,perfumaria,13.64
2017-09-28,282,perfumaria,14.25
2017-09-29,283,perfumaria,17.17
2017-09-30,284,perfumaria,16.65
2017-10-01,285,perfumaria,20.99
2017-10-02,286,perfumaria,23.42
2017-10-03,287,perfumaria,20.96
2017-10-04,288,perfumaria,21.48
2017-10-05,289,perfumaria,25.37
2017-10-06,290,perfumaria,25.47
2017-10-07,291,perfumaria,23.46
2017-10-08,292,perfumaria,24.31
2017-10-09,293,perfumaria,23.75
2017-10-10,294,perfumaria,23.98
2017-10-11,295,perfumaria,24.15
2017-10-12,296,perfumaria,24.13
2017-10-13,297,perfumaria,24.52
2017-10-14,298,perfumaria,25.09
2017-10-15,299,perfumaria,24.3
2017-10-16,300,perfumaria,25.31
2017-10-17,301,perfumaria,23.77
2017-10-18,302,perfumaria,23.8
2017-10-19,303,perfumaria,22.84
2017-10-20,304,perfumaria,24.28
2017-10-21,305,perfumaria,21.87
2017-10-22,306,perfumaria,21.28
2017-10-23,307,perfumaria,20.15
2017-10-24,308,perfumaria,19.33
2017-10-25,309,perfumaria,17.54
2017-10-26,310,perfumaria,18.19
2017-10-27,311,perfumaria,20.28
2017-10-28,312,perfumaria,22.84
2017-10-29,313,perfumaria,25.68
2017-10-30,314,perfumaria,24.75
2017-10-31,315,perfumaria,24.87
2017-11-01,316,perfumaria,34.77
2017-11-02,317,perfumaria,33.59
2017-11-03,318,perfumaria,31.31
2017-11-04,319,perfumaria,31.43
2017-11-05,320,perfumaria,29.17
2017-11-06,321,perfumaria,27.61
2017-11-07,322,perfumaria,26.51
2017-11-08,323,perfumaria,24.4
2017-11-09,324,perfumaria,22.91
2017-11-10,325,perfumaria,24.32
2017-11-11,326,perfumaria,24.56
2017-11-12,327,perfumaria,26.85
2017-11-13,328,perfumaria,29.88
2017-11-14,329,perfumaria,29.52
2017-11-15,330,perfumaria,32.43
2017-11-16,331,perfumaria,34.46
2017-11-17,332,perfumaria,33.2
2017-11-18,333,perfumaria,32.27
2017-11-19,334,perfumaria,33.64
2017-11-20,335,perfumaria,35.17
2017-11-21,336,perfumaria,35.73
2017-11-22,337,perfumaria,37.23
2017-11-23,338,perfumaria,37.12
2017-11-24,339,perfumaria,36.56
2017-11-25,340,perfumaria,33.62
2017-11-26,341,perfumaria,32.79
2017-11-27,342,perfumaria,33.75
2017-11-28,343,perfumaria,34.32
2017-11-29,344,perfumaria,34.01
2017-11-30,345,perfumaria,32.57
2017-12-01,346,perfumaria,47.65
2017-12-02,347,perfumaria,47.53
2017-12-03,348,perfumaria,45.52
2017-12-04,349,perfumaria,43.11
2017-12-05,350,perfumaria,43.97
2017-12-06,351,perfumaria,42.24
2017-12-07,352,perfumaria,44.18
2017-12-08,353,perfumaria,44.36
2017-12-09,354,perfumaria,43.5
2017-12-10,355,perfumaria,44.27
2017-12-11,356,perfumaria,45.43
2017-12-12,357,perfumaria,43.6
2017-12-13,358,perfumaria,44.86
2017-12-14,359,perfumaria,47.06
2017-12-15,360,perfumaria,45.36
2017-12-16,361,perfumaria,48.44
2017-12-17,362,perfumaria,47.13
2017-12-18,363,perfumaria,47.58
2017-12-19,364,perfumaria,48.98
2017-12-20,365,perfumaria,49.04
2017-12-21,366,perfumaria,51.09
2017-12-22,367,perfumaria,51.18
2017-12-23,368,perfumaria,51.06
2017-12-24,369,perfumaria,51.77
2017-12-25,370,perfumaria,53.38
2017-12-26,371,perfumaria,51.52
2017-12-27,372,perfumaria,50.86
2017-12-28,373,perfumaria,52.14
2017-12-29,374,perfumaria,52.8
2017-12-30,375,perfumaria,50.38
2017-12-31,376,perfumaria,47.58
2018-01-01,377,perfumaria,64.45
2018-01-02,378,perfumaria,66.3
2018-01-03,379,perfumaria,65.93
2018-01-04,380,perfumaria,65.97
2018-01-05,381,perfumaria,65.17
2018-01-06,382,perfumaria,64.55
2018-01-07,383,perfumaria,63.93
2018-01-08,384,perfumaria,65.1
2018-01-09,385,perfumaria,67.57
2018-01-10,386,perfumaria,68.3
2018-01-11,387,perfumaria,72.19
2018-01-12,388,perfumaria,70.1
2018-01-13,389,perfumaria,70.49
2018-01-14,390,perfumaria,72.53
2018-01-15,391,perfumaria,72.67
2018-01-16,392,perfumaria,75.44
2018-01-17,393,perfumaria,74.21
2018-01-18,394,perfumaria,74.31
2018-01-19,395,perfumaria,74.05
2018-01-20,396,perfumaria,76.67
2018-01-21,397,perfumaria,75.69
2018-01-22,398,perfumaria,74.26
2018-01-23,399,perfumaria,76.59
2018-01-24,400,perfumaria,73.19
2018-01-25,401,perfumaria,72.53
2018-01-26,402,perfumaria,69.57
2018-01-27,403,perfumaria,71.31
2018-01-28,404,perfumaria,69.65
2018-01-29,405,perfumaria,69.26
2018-01-30,406,perfumaria,67.91
2018-01-31,407,perfumaria,66.36
2018-02-01,408,perfumaria,80.59
2018-02-02,409,perfumaria,80.42
2018-02-03,410,perfumaria,84.43
2018-02-04,411,perfumaria,85.75
2018-02-05,412,perfumaria,86.15
2018-02-06,413,perfumaria,86.34
2018-02-07,414,perfumaria,84.95
2018-02-08,415,perfumaria,84.38
2018-02-09,416,perfumaria,85.49
2018-02-10,417,perfumaria,84.66
2018-02-11,418,perfumaria,82.42
2018-02-12,419,perfumaria,79.31
2018-02-13,420,perfumaria,77.2
2018-02-14,421,perfumaria,78.68
2018-02-15,422,perfumaria,80.76
2018-02-16,423,perfumaria,80.2
2018-02-17,424,perfumaria,84.12
2018-02-18,425,perfumaria,84.88
2018-02-19,426,perfumaria,83.54
2018-02-20,427,perfumaria,80.6
2018-02-21,428,perfumaria,81.59
2018-02-22,429,perfumaria,84.52
2018-02-23,430,perfumaria,86.43
2018-02-24,431,perfumaria,84.07
2018-02-25,432,perfumaria,83.31
2018-02-26,433,perfumaria,84.51
2018-02-27,434,perfumaria,82.12
2018-02-28,435,perfumaria,79.51
2018-03-01,436,perfumaria,84.42
2018-03-02,437,perfumaria,88.55
2018-03-03,438,perfumaria,88.0
2018-03-04,439,perfumaria,86.7
2018-03-05,440,perfumaria,83.42
2018-03-06,441,perfumaria,81.35
2018-03-07,442,perfumaria,82.09
2018-03-08,443,perfumaria,80.86
2018-03-09,444,perfumaria,82.86
2018-03-10,445,perfumaria,86.77
2018-03-11,446,perfumaria,86.09
2018-03-12,447,perfumaria,85.11
2018-03-13,448,perfumaria,87.02
2018-03-14,449,perfumaria,88.57
2018-03-15,450,perfumaria,90.44
2018-03-16,451,perfumaria,95.0
2018-03-17,452,perfumaria,93.43
2018-03-18,453,perfumaria,92.27
2018-03-19,454,perfumaria,90.29
2018-03-20,455,perfumaria,89.55
2018-03-21,456,perfumaria,88.57
2018-03-22,457,perfumaria,87.09
2018-03-23,458,perfumaria,87.0
2018-03-24,459,perfumaria,85.37
2018-03-25,460,perfumaria,84.83
2018-03-26,461,perfumaria,83.09
2018-03-27,462,perfumaria,85.38
2018-03-28,463,perfumaria,88.2
2018-03-29,464,perfumaria,86.82
2018-03-30,465,perfumaria,85.97
2018-03-31,466,perfumaria,88.54
2018-04-01,467,perfumaria,86.6
2018-04-02,468,perfumaria,86.05
2018-04-03,469,perfumaria,85.21
2018-04-04,470,perfumaria,84.64
2018-04-05,471,perfumaria,84.5
2018-04-06,472,perfumaria,83.03
2018-04-07,473,perfumaria,83.63
2018-04-08,474,perfumaria,84.36
2018-04-09,475,perfumaria,83.82
2018-04-10,476,perfumaria,82.7
2018-04-11,477,perfumaria,83.28
2018-04-12,478,perfumaria,81.61
2018-04-13,479,perfumaria,84.85
2018-04-14,480,perfumaria,85.53
2018-04-15,481,perfumaria,85.32
2018-04-16,482,perfumaria,83.07
2018-04-17,483,perfumaria,81.91
2018-04-18,484,perfumaria,82.6
2018-04-19,485,perfumaria,84.12
2018-04-20,486,perfumaria,83.21
2018-04-21,487,perfumaria,81.61
2018-04-22,488,perfumaria,82.84
2018-04-23,489,perfumaria,80.99
2018-04-24,490,perfumaria,80.44
2018-04-25,491,perfumaria,79.52
2018-04-26,492,perfumaria,84.88
2018-04-27,493,perfumaria,82.4
2018-04-28,494,perfumaria,82.88
2018-04-29,495,perfumaria,80.56
2018-04-30,496,perfumaria,79.27
2018-05-01,497,perfumaria,67.88
2018-05-02,498,perfumaria,68.75
2018-05-03,499,perfumaria,70.47
2018-05-04,500,perfumaria,71.84
2018-05-05,501,perfumaria,73.59
2018-05-06,502,perfumaria,69.14
2018-05-07,503,perfumaria,72.71
2018-05-08,504,perfumaria,73.68
2018-05-09,505,perfumaria,74.38
2018-05-10,506,perfumaria,76.93
2018-05-11,507,perfumaria,77.04
2018-05-12,508,perfumaria,76.46
2018-05-13,509,perfumaria,75.92
2018-05-14,510,perfumaria,76.5
2018-05-15,511,perfumaria,76.51
2018-05-16,512,perfumaria,77.39
2018-05-17,513,perfumaria,77.44
2018-05-18,514,perfumaria,77.5
2018-05-19,515,perfumaria,79.18
2018-05-20,516,perfumaria,77.19
2018-05-21,517,perfumaria,77.49
2018-05-22,518,perfumaria,78.83
2018-05-23,519,perfumaria,74.56
2018-05-24,520,perfumaria,73.91
2018-05-25,521,perfumaria,73.69
2018-05-26,522,perfumaria,73.82
2018-05-27,523,perfumaria,70.92
2018-05-28,524,perfumaria,69.66
2018-05-29,525,perfumaria,71.33
2018-05-30,526,perfumaria,72.84
2018-05-31,527,perfumaria,73.65
2018-06-01,528,perfumaria,55.53
2018-06-02,529,perfumaria,59.89
2018-06-03,530,perfumaria,59.64
2018-06-04,531,perfumaria,60.64
2018-06-05,532,perfumaria,60.97
2018-06-06,533,perfumaria,62.93
2018-06-07,534,perfumaria,60.02
2018-06-08,535,perfumaria,56.63
2018-06-09,536,perfumaria,57.75
2018-06-10,537,perfumaria,54.12
2018-06-11,538,perfumaria,54.51
2018-06-12,539,perfumaria,53.57
2018-06-13,540,perfumaria,52.61
2018-06-14,541,perfumaria,51.39
2018-06-15,542,perfumaria,51.77
2018-06-16,543,perfumaria,52.28
2018-06-17,544,perfumaria,54.3
2018-06-18,545,perfumaria,55.4
2018-06-19,546,perfumaria,54.04
2018-06-20,547,perfumaria,53.64
2018-06-21,548,perfumaria,54.52
2018-06-22,549,perfumaria,55.79
2018-06-24,551,perfumaria,58.1
2018-06-25,552,perfumaria,57.94
2018-06-26,553,perfumaria,56.13
2018-06-27,554,perfumaria,54.98
2018-06-28,555,perfumaria,57.22
2018-06-29,556,perfumaria,58.17
2018-06-30,557,perfumaria,59.48
2018-07-02,559,perfumaria,47.57
2018-07-03,560,perfumaria,46.54
2018-07-04,561,perfumaria,45.19
2018-07-05,562,perfumaria,46.0
2018-07-07,564,perfumaria,46.88
2018-07-08,565,perfumaria,46.92
2018-07-09,566,perfumaria,46.13
2018-07-10,567,perfumaria,44.02
2018-07-11,568,perfumaria,44.32
2018-07-12,569,perfumaria,42.93
2018-07-13,570,perfumaria,41.92
2018-07-14,571,perfumaria,41.98
2018-07-15,572,perfumaria,39.7
2018-07-16,573,perfumaria,38.13
2018-07-17,574,perfumaria,38.61
2018-07-18,575,perfumaria,40.85
2018-07-19,576,perfumaria,40.91
2018-07-20,577,perfumaria,41.16
2018-07-21,578,perfumaria,41.27
2018-07-22,579,perfumaria,44.28
2018-07-23,580,perfumaria,44.02
2018-07-24,581,perfumaria,45.5
2018-07-25,582,perfumaria,47.76
2018-07-26,583,perfumaria,45.55
2018-07-27,584,perfumaria,46.61
2018-07-28,585,perfumaria,47.15
2018-07-29,586,perfumaria,48.9
2018-07-30,587,perfumaria,49.69
2018-07-31,588,perfumaria,49.98
2018-08-01,589,perfumaria,37.32
2018-08-02,590,perfumaria,39.34
2018-08-03,591,perfumaria,40.09
2018-08-04,592,perfumaria,40.62
2018-08-05,593,perfumaria,40.96
2018-08-06,594,perfumaria,40.03
2018-08-07,595,perfumaria,39.28
2018-08-08,596,perfumaria,39.34
2018-08-09,597,perfumaria,41.28
2018-08-10,598,perfumaria,40.48
2018-08-11,599,perfumaria,42.02
2018-08-12,600,perfumaria,37.94
2018-08-13,601,perfumaria,37.29
2018-08-14,602,perfumaria,36.29
2018-08-15,603,perfumaria,35.62
2018-08-16,604,perfumaria,35.24
2018-08-17,605,perfumaria,33.19
2018-08-18,606,perfumaria,32.18
2018-08-19,607,perfumaria,30.62
2018-08-20,608,perfumaria,32.17
2018-08-21,609,perfumaria,27.8
2018-08-22,610,perfumaria,31.13
2018-08-23,611,perfumaria,30.79
2018-08-24,612,perfumaria,33.08
2018-08-25,613,perfumaria,34.95
2018-08-26,614,perfumaria,33.62
2018-08-27,615,perfumaria,33.97
2016-10-06,9,pet_shop,9.09
2016-10-07,10,pet_shop,5.11
2016-10-10,13,pet_shop,5.0
2017-01-05,16,pet_shop,49.33
2017-01-09,20,pet_shop,49.49
2017-01-16,27,pet_shop,50.87
2017-01-18,29,pet_shop,48.68
2017-01-22,33,pet_shop,48.58
2017-01-23,34,pet_shop,50.26
2017-01-27,38,pet_shop,50.6
2017-01-29,40,pet_shop,51.1
2017-02-01,43,pet_shop,67.11
2017-02-04,46,pet_shop,67.86
2017-02-05,47,pet_shop,67.69
2017-02-06,48,pet_shop,66.08
2017-02-07,49,pet_shop,66.4
2017-02-08,50,pet_shop,69.0
2017-02-09,51,pet_shop,69.63
2017-02-10,52,pet_shop,68.05
2017-02-11,53,pet_shop,68.08
2017-02-12,54,pet_shop,68.76
2017-02-13,55,pet_shop,67.63
2017-02-14,56,pet_shop,66.52
2017-02-15,57,pet_shop,66.98
2017-02-16,58,pet_shop,69.0
2017-02-19,61,pet_shop,68.32
2017-02-20,62,pet_shop,66.93
2017-02-21,63,pet_shop,65.81
2017-02-22,64,pet_shop,65.8
2017-02-24,66,pet_shop,65.53
2017-02-25,67,pet_shop,63.98
2017-02-26,68,pet_shop,66.44
2017-02-27,69,pet_shop,65.87
2017-02-28,70,pet_shop,66.09
2017-03-01,71,pet_shop,70.63
2017-03-02,72,pet_shop,70.51
2017-03-03,73,pet_shop,71.33
2017-03-04,74,pet_shop,74.24
2017-03-06,76,pet_shop,76.03
2017-03-13,83,pet_shop,77.73
2017-03-14,84,pet_shop,78.63
2017-03-15,85,pet_shop,74.82
2017-03-16,86,pet_shop,74.78
2017-03-17,87,pet_shop,74.27
2017-03-18,88,pet_shop,73.34
2017-03-19,89,pet_shop,73.65
2017-03-20,90,pet_shop,72.58
2017-03-21,91,pet_shop,69.2
2017-03-22,92,pet_shop,69.24
2017-03-23,93,pet_shop,69.38
2017-03-24,94,pet_shop,70.46
2017-03-25,95,pet_shop,73.92
2017-03-26,96,pet_shop,74.64
2017-03-27,97,pet_shop,73.33
2017-03-29,99,pet_shop,72.52
2017-03-30,100,pet_shop,73.72
2017-03-31,101,pet_shop,74.35
2017-04-02,103,pet_shop,71.43
2017-04-04,105,pet_shop,72.46
2017-04-05,106,pet_shop,71.75
2017-04-06,107,pet_shop,70.87
2017-04-07,108,pet_shop,68.2
2017-04-08,109,pet_shop,68.35
2017-04-09,110,pet_shop,68.78
2017-04-11,112,pet_shop,68.21
2017-04-12,113,pet_shop,68.65
2017-04-13,114,pet_shop,70.9
2017-04-14,115,pet_shop,70.86
2017-04-15,116,pet_shop,70.09
2017-04-16,117,pet_shop,69.88
2017-04-17,118,pet_shop,68.89
2017-04-18,119,pet_shop,68.68
2017-04-19,120,pet_shop,66.17
2017-04-20,121,pet_shop,66.96
2017-04-23,124,pet_shop,68.23
2017-04-24,125,pet_shop,67.67
2017-04-25,126,pet_shop,67.09
2017-04-26,127,pet_shop,66.32
2017-04-28,129,pet_shop,67.02
2017-04-29,130,pet_shop,66.54
2017-04-30,131,pet_shop,68.6
2017-05-01,132,pet_shop,58.52
2017-05-02,133,pet_shop,62.83
2017-05-03,134,pet_shop,63.4
2017-05-04,135,pet_shop,63.12
2017-05-05,136,pet_shop,62.1
2017-05-06,137,pet_shop,59.64
2017-05-07,138,pet_shop,58.79
2017-05-09,140,pet_shop,57.14
2017-05-10,141,pet_shop,57.84
2017-05-11,142,pet_shop,55.11
2017-05-12,143,pet_shop,55.3
2017-05-13,144,pet_shop,54.1
2017-05-14,145,pet_shop,53.64
2017-05-15,146,pet_shop,56.42
2017-05-16,147,pet_shop,56.15
2017-05-17,148,pet_shop,57.75
2017-05-20,151,pet_shop,58.34
2017-05-21,152,pet_shop,60.55
2017-05-22,153,pet_shop,57.49
2017-05-23,154,pet_shop,56.47
2017-05-24,155,pet_shop,56.18
2017-05-25,156,pet_shop,56.56
2017-05-27,158,pet_shop,56.99
2017-05-28,159,pet_shop,52.98
2017-05-29,160,pet_shop,53.02
2017-05-30,161,pet_shop,55.24
2017-05-31,162,pet_shop,55.2
2017-06-01,163,pet_shop,37.23
2017-06-02,164,pet_shop,41.7
2017-06-04,166,pet_shop,44.67
2017-06-05,167,pet_shop,46.37
2017-06-06,168,pet_shop,43.46
2017-06-07,169,pet_shop,41.45
2017-06-08,170,pet_shop,43.27
2017-06-09,171,pet_shop,45.14
2017-06-10,172,pet_shop,43.65
2017-06-11,173,pet_shop,46.2
2017-06-12,174,pet_shop,45.32
2017-06-13,175,pet_shop,44.65
2017-06-14,176,pet_shop,42.21
2017-06-15,177,pet_shop,41.78
2017-06-16,178,pet_shop,42.4
2017-06-17,179,pet_shop,43.31
2017-06-19,181,pet_shop,42.49
2017-06-22,184,pet_shop,40.44
2017-06-23,185,pet_shop,40.11
2017-06-25,187,pet_shop,37.5
2017-06-26,188,pet_shop,40.55
2017-06-27,189,pet_shop,40.35
2017-06-29,191,pet_shop,43.71
2017-06-30,192,pet_shop,43.19
2017-07-01,193,pet_shop,28.63
2017-07-02,194,pet_shop,31.31
2017-07-03,195,pet_shop,31.35
2017-07-04,196,pet_shop,31.36
2017-07-05,197,pet_shop,31.61
2017-07-06,198,pet_shop,30.9
2017-07-08,200,pet_shop,32.94
2017-07-09,201,pet_shop,33.97
2017-07-10,202,pet_shop,34.59
2017-07-11,203,pet_shop,34.29
2017-07-12,204,pet_shop,34.39
2017-07-13,205,pet_shop,32.24
2017-07-14,206,pet_shop,34.09
2017-07-15,207,pet_shop,34.48
2017-07-16,208,pet_shop,31.29
2017-07-17,209,pet_shop,32.1
2017-07-18,210,pet_shop,27.52
2017-07-19,211,pet_shop,27.61
2017-07-20,212,pet_shop,27.26
2017-07-21,213,pet_shop,25.58
2017-07-22,214,pet_shop,26.52
2017-07-23,215,pet_shop,28.25
2017-07-25,217,pet_shop,25.41
2017-07-26,218,pet_shop,26.44
2017-07-28,220,pet_shop,28.83
2017-07-29,221,pet_shop,30.72
2017-07-30,222,pet_shop,31.05
2017-07-31,223,pet_shop,29.24
2017-08-01,224,pet_shop,14.76
2017-08-02,225,pet_shop,17.05
2017-08-03,226,pet_shop,15.32
2017-08-04,227,pet_shop,13.62
2017-08-07,230,pet_shop,15.29
2017-08-08,231,pet_shop,18.22
2017-08-09,232,pet_shop,18.48
2017-08-10,233,pet_shop,16.42
2017-08-11,234,pet_shop,18.62
2017-08-12,235,pet_shop,18.63
2017-08-13,236,pet_shop,17.83
2017-08-14,237,pet_shop,19.97
2017-08-15,238,pet_shop,19.87
2017-08-16,239,pet_shop,20.12
2017-08-17,240,pet_shop,20.62
2017-08-18,241,pet_shop,20.32
2017-08-20,243,pet_shop,18.88
2017-08-21,244,pet_shop,20.5
2017-08-22,245,pet_shop,22.35
2017-08-24,247,pet_shop,22.73
2017-08-25,248,pet_shop,23.0
2017-08-26,249,pet_shop,19.69
2017-08-27,250,pet_shop,20.41
2017-08-28,251,pet_shop,22.5
2017-08-29,252,pet_shop,21.96
2017-08-30,253,pet_shop,20.95
2017-08-31,254,pet_shop,21.3
2017-09-02,256,pet_shop,15.09
2017-09-03,257,pet_shop,12.11
2017-09-04,258,pet_shop,13.72
2017-09-05,259,pet_shop,15.32
2017-09-07,261,pet_shop,16.46
2017-09-08,262,pet_shop,16.61
2017-09-09,263,pet_shop,16.4
2017-09-10,264,pet_shop,16.14
2017-09-11,265,pet_shop,16.04
2017-09-12,266,pet_shop,16.82
2017-09-14,268,pet_shop,20.94
2017-09-15,269,pet_shop,20.62
2017-09-16,270,pet_shop,17.93
2017-09-17,271,pet_shop,18.56
2017-09-18,272,pet_shop,18.37
2017-09-19,273,pet_shop,18.49
2017-09-20,274,pet_shop,17.51
2017-09-21,275,pet_shop,17.0
2017-09-22,276,pet_shop,18.16
2017-09-24,278,pet_shop,20.26
2017-09-26,280,pet_shop,19.58
2017-09-27,281,pet_shop,19.96
2017-09-28,282,pet_shop,21.56
2017-09-29,283,pet_shop,21.21
2017-09-30,284,pet_shop,22.51
2017-10-01,285,pet_shop,27.79
2017-10-03,287,pet_shop,27.81
2017-10-04,288,pet_shop,27.37
2017-10-05,289,pet_shop,27.62
2017-10-06,290,pet_shop,27.28
2017-10-07,291,pet_shop,25.01
2017-10-08,292,pet_shop,26.18
2017-10-09,293,pet_shop,23.96
2017-10-10,294,pet_shop,25.03
2017-10-11,295,pet_shop,22.01
2017-10-12,296,pet_shop,20.44
2017-10-13,297,pet_shop,20.56
2017-10-15,299,pet_shop,23.65
2017-10-16,300,pet_shop,21.73
2017-10-17,301,pet_shop,21.88
2017-10-18,302,pet_shop,22.63
2017-10-20,304,pet_shop,22.17
2017-10-21,305,pet_shop,24.12
2017-10-22,306,pet_shop,22.71
2017-10-23,307,pet_shop,22.51
2017-10-24,308,pet_shop,21.92
2017-10-25,309,pet_shop,21.99
2017-10-26,310,pet_shop,20.52
2017-10-27,311,pet_shop,20.27
2017-10-28,312,pet_shop,19.19
2017-10-29,313,pet_shop,18.26
2017-10-30,314,pet_shop,17.78
2017-10-31,315,pet_shop,17.37
2017-11-01,316,pet_shop,29.23
2017-11-05,320,pet_shop,31.76
2017-11-06,321,pet_shop,32.52
2017-11-08,323,pet_shop,31.07
2017-11-09,324,pet_shop,29.77
2017-11-11,326,pet_shop,33.09
2017-11-12,327,pet_shop,32.19
2017-11-14,329,pet_shop,32.66
2017-11-15,330,pet_shop,33.92
2017-11-16,331,pet_shop,34.77
2017-11-17,332,pet_shop,35.44
2017-11-18,333,pet_shop,34.51
2017-11-19,334,pet_shop,35.07
2017-11-20,335,pet_shop,36.42
2017-11-21,336,pet_shop,37.77
2017-11-22,337,pet_shop,35.04
2017-11-23,338,pet_shop,37.7
2017-11-24,339,pet_shop,38.34
2017-11-25,340,pet_shop,37.77
2017-11-26,341,pet_shop,38.67
2017-11-27,342,pet_shop,39.25
2017-11-28,343,pet_shop,41.72
2017-11-29,344,pet_shop,39.41
2017-11-30,345,pet_shop,40.47
2017-12-01,346,pet_shop,57.42
2017-12-02,347,pet_shop,56.14
2017-12-03,348,pet_shop,55.25
2017-12-04,349,pet_shop,56.58
2017-12-05,350,pet_shop,55.68
2017-12-06,351,pet_shop,55.0
2017-12-07,352,pet_shop,54.95
2017-12-08,353,pet_shop,51.86
2017-12-09,354,pet_shop,53.84
2017-12-11,356,pet_shop,53.18
2017-12-12,357,pet_shop,51.59
2017-12-13,358,pet_shop,51.65
2017-12-14,359,pet_shop,51.26
2017-12-15,360,pet_shop,51.02
2017-12-16,361,pet_shop,52.83
2017-12-17,362,pet_shop,51.34
2017-12-18,363,pet_shop,51.14
2017-12-20,365,pet_shop,51.48
2017-12-21,366,pet_shop,49.8
2017-12-22,367,pet_shop,49.07
2017-12-23,368,pet_shop,51.41
2017-12-26,371,pet_shop,53.29
2017-12-27,372,pet_shop,53.51
2017-12-28,373,pet_shop,52.12
2017-12-29,374,pet_shop,50.96
2017-12-30,375,pet_shop,52.17
2017-12-31,376,pet_shop,50.19
2018-01-01,377,pet_shop,66.63
2018-01-02,378,pet_shop,68.35
2018-01-03,379,pet_shop,67.24
2018-01-04,380,pet_shop,64.98
2018-01-05,381,pet_shop,64.74
2018-01-06,382,pet_shop,64.82
2018-01-07,383,pet_shop,65.01
2018-01-08,384,pet_shop,64.45
2018-01-09,385,pet_shop,66.25
2018-01-10,386,pet_shop,66.58
2018-01-11,387,pet_shop,67.35
2018-01-12,388,pet_shop,67.09
2018-01-13,389,pet_shop,68.8
2018-01-14,390,pet_shop,70.39
2018-01-15,391,pet_shop,68.34
2018-01-16,392,pet_shop,68.38
2018-01-17,393,pet_shop,70.22
2018-01-19,395,pet_shop,73.45
2018-01-20,396,pet_shop,71.49
2018-01-21,397,pet_shop,72.59
2018-01-22,398,pet_shop,74.97
2018-01-23,399,pet_shop,76.96
2018-01-24,400,pet_shop,76.24
2018-01-25,401,pet_shop,75.03
2018-01-26,402,pet_shop,77.85
2018-01-27,403,pet_shop,76.72
2018-01-28,404,pet_shop,76.66
2018-01-29,405,pet_shop,75.02
2018-01-30,406,pet_shop,75.85
2018-01-31,407,pet_shop,75.56
2018-02-01,408,pet_shop,83.82
2018-02-02,409,pet_shop,84.27
2018-02-03,410,pet_shop,84.77
2018-02-05,412,pet_shop,85.08
2018-02-06,413,pet_shop,83.91
2018-02-07,414,pet_shop,85.4
2018-02-08,415,pet_shop,82.95
2018-02-09,416,pet_shop,81.94
2018-02-10,417,pet_shop,80.65
2018-02-11,418,pet_shop,82.02
2018-02-12,419,pet_shop,81.78
2018-02-13,420,pet_shop,78.02
2018-02-14,421,pet_shop,76.05
2018-02-15,422,pet_shop,74.85
2018-02-16,423,pet_shop,76.62
2018-02-17,424,pet_shop,76.47
2018-02-18,425,pet_shop,78.35
2018-02-19,426,pet_shop,79.71
2018-02-20,427,pet_shop,80.57
2018-02-22,429,pet_shop,79.54
2018-02-23,430,pet_shop,81.89
2018-02-24,431,pet_shop,84.21
2018-02-25,432,pet_shop,88.26
2018-02-26,433,pet_shop,90.8
2018-02-27,434,pet_shop,88.51
2018-02-28,435,pet_shop,87.96
2018-03-01,436,pet_shop,90.8
2018-03-02,437,pet_shop,91.67
2018-03-03,438,pet_shop,91.18
2018-03-04,439,pet_shop,90.38
2018-03-05,440,pet_shop,89.59
2018-03-06,441,pet_shop,89.36
2018-03-08,443,pet_shop,88.11
2018-03-09,444,pet_shop,89.67
2018-03-10,445,pet_shop,91.55
2018-03-11,446,pet_shop,92.23
2018-03-12,447,pet_shop,91.48
2018-03-13,448,pet_shop,89.51
2018-03-14,449,pet_shop,90.89
2018-03-15,450,pet_shop,90.51
2018-03-16,451,pet_shop,92.73
2018-03-17,452,pet_shop,92.92
2018-03-18,453,pet_shop,92.69
2018-03-19,454,pet_shop,89.72
2018-03-20,455,pet_shop,89.29
2018-03-21,456,pet_shop,87.94
2018-03-22,457,pet_shop,92.24
2018-03-23,458,pet_shop,94.46
2018-03-24,459,pet_shop,94.84
2018-03-25,460,pet_shop,94.64
2018-03-26,461,pet_shop,92.41
2018-03-27,462,pet_shop,93.88
2018-03-28,463,pet_shop,94.59
2018-03-29,464,pet_shop,94.25
2018-03-30,465,pet_shop,92.95
2018-03-31,466,pet_shop,93.85
2018-04-01,467,pet_shop,86.39
2018-04-02,468,pet_shop,86.7
2018-04-03,469,pet_shop,83.32
2018-04-04,470,pet_shop,85.81
2018-04-05,471,pet_shop,84.09
2018-04-06,472,pet_shop,81.58
2018-04-07,473,pet_shop,78.56
2018-04-08,474,pet_shop,79.15
2018-04-09,475,pet_shop,81.77
2018-04-10,476,pet_shop,82.68
2018-04-11,477,pet_shop,82.04
2018-04-12,478,pet_shop,81.49
2018-04-13,479,pet_shop,85.29
2018-04-14,480,pet_shop,84.7
2018-04-15,481,pet_shop,88.7
2018-04-16,482,pet_shop,90.88
2018-04-17,483,pet_shop,94.13
2018-04-18,484,pet_shop,93.89
2018-04-19,485,pet_shop,92.9
2018-04-20,486,pet_shop,92.9
2018-04-21,487,pet_shop,95.0
2018-04-22,488,pet_shop,93.04
2018-04-23,489,pet_shop,91.8
2018-04-24,490,pet_shop,90.76
2018-04-25,491,pet_shop,85.87
2018-04-26,492,pet_shop,86.14
2018-04-27,493,pet_shop,83.61
2018-04-28,494,pet_shop,84.75
2018-04-29,495,pet_shop,84.46
2018-04-30,496,pet_shop,84.65
2018-05-01,497,pet_shop,72.19
2018-05-02,498,pet_shop,73.38
2018-05-03,499,pet_shop,73.85
2018-05-04,500,pet_shop,75.75
2018-05-05,501,pet_shop,80.41
2018-05-06,502,pet_shop,79.56
2018-05-07,503,pet_shop,81.48
2018-05-08,504,pet_shop,80.34
2018-05-09,505,pet_shop,80.52
2018-05-10,506,pet_shop,80.99
2018-05-11,507,pet_shop,81.15
2018-05-12,508,pet_shop,81.54
2018-05-13,509,pet_shop,80.69
2018-05-14,510,pet_shop,80.68
2018-05-15,511,pet_shop,79.77
2018-05-16,512,pet_shop,80.61
2018-05-17,513,pet_shop,80.74
2018-05-18,514,pet_shop,80.64
2018-05-19,515,pet_shop,79.46
2018-05-20,516,pet_shop,79.43
2018-05-21,517,pet_shop,82.63
2018-05-22,518,pet_shop,81.64
2018-05-23,519,pet_shop,82.58
2018-05-24,520,pet_shop,81.19
2018-05-25,521,pet_shop,79.01
2018-05-26,522,pet_shop,77.21
2018-05-27,523,pet_shop,74.66
2018-05-28,524,pet_shop,77.56
2018-05-29,525,pet_shop,75.7
2018-05-30,526,pet_shop,74.74
2018-05-31,527,pet_shop,70.5
2018-06-01,528,pet_shop,54.11
2018-06-02,529,pet_shop,55.27
2018-06-03,530,pet_shop,56.22
2018-06-04,531,pet_shop,56.29
2018-06-05,532,pet_shop,56.46
2018-06-06,533,pet_shop,58.08
2018-06-07,534,pet_shop,56.48
2018-06-08,535,pet_shop,59.39
2018-06-09,536,pet_shop,62.01
2018-06-10,537,pet_shop,61.2
2018-06-11,538,pet_shop,62.27
2018-06-12,539,pet_shop,60.32
2018-06-13,540,pet_shop,61.26
2018-06-14,541,pet_shop,62.89
2018-06-15,542,pet_shop,64.35
2018-06-16,543,pet_shop,65.73
2018-06-17,544,pet_shop,64.73
2018-06-18,545,pet_shop,66.02
2018-06-19,546,pet_shop,64.78
2018-06-20,547,pet_shop,68.2
2018-06-21,548,pet_shop,69.8
2018-06-22,549,pet_shop,70.73
2018-06-23,550,pet_shop,71.43
2018-06-24,551,pet_shop,71.51
2018-06-25,552,pet_shop,70.61
2018-06-26,553,pet_shop,70.26
2018-06-27,554,pet_shop,71.39
2018-06-28,555,pet_shop,69.4
2018-06-29,556,pet_shop,70.45
2018-06-30,557,pet_shop,69.78
2018-07-01,558,pet_shop,52.65
2018-07-02,559,pet_shop,52.67
2018-07-03,560,pet_shop,54.51
2018-07-04,561,pet_shop,52.78
2018-07-05,562,pet_shop,52.1
2018-07-06,563,pet_shop,50.53
2018-07-07,564,pet_shop,50.34
2018-07-08,565,pet_shop,51.31
2018-07-09,566,pet_shop,48.89
2018-07-10,567,pet_shop,47.96
2018-07-11,568,pet_shop,48.07
2018-07-12,569,pet_shop,47.08
2018-07-13,570,pet_shop,43.97
2018-07-14,571,pet_shop,46.7
2018-07-15,572,pet_shop,48.56
2018-07-16,573,pet_shop,51.3
2018-07-17,574,pet_shop,52.93
2018-07-18,575,pet_shop,53.03
2018-07-19,576,pet_shop,53.45
2018-07-20,577,pet_shop,53.24
2018-07-21,578,pet_shop,52.67
2018-07-22,579,pet_shop,52.7
2018-07-23,580,pet_shop,53.26
2018-07-24,581,pet_shop,52.41
2018-07-25,582,pet_shop,52.5
2018-07-26,583,pet_shop,50.14
2018-07-27,584,pet_shop,50.61
2018-07-28,585,pet_shop,49.83
2018-07-29,586,pet_shop,48.77
2018-07-30,587,pet_shop,49.23
2018-07-31,588,pet_shop,52.69
2018-08-01,589,pet_shop,41.35
2018-08-02,590,pet_shop,40.15
2018-08-03,591,pet_shop,39.58
2018-08-04,592,pet_shop,38.63
2018-08-05,593,pet_shop,39.14
2018-08-06,594,pet_shop,37.68
2018-08-07,595,pet_shop,39.52
2018-08-08,596,pet_shop,41.26
2018-08-09,597,pet_shop,40.52
2018-08-10,598,pet_shop,37.23
2018-08-11,599,pet_shop,37.09
2018-08-12,600,pet_shop,37.6
2018-08-13,601,pet_shop,39.47
2018-08-14,602,pet_shop,39.53
2018-08-15,603,pet_shop,40.41
2018-08-16,604,pet_shop,42.41
2018-08-17,605,pet_shop,42.23
2018-08-18,606,pet_shop,42.6
2018-08-19,607,pet_shop,46.3
2018-08-20,608,pet_shop,47.35
2018-08-21,609,pet_shop,45.71
2018-08-22,610,pet_shop,46.69
2018-08-23,611,pet_shop,43.29
2018-08-24,612,pet_shop,44.06
2018-08-26,614,pet_shop,42.19
2017-06-30,192,portateis_casa_forno_e_cafe,37.86
2017-08-11,234,portateis_casa_forno_e_cafe,5.0
2017-08-13,236,portateis_casa_forno_e_cafe,7.4
2017-09-05,259,portateis_casa_forno_e_cafe,5.11
2018-01-13,389,portateis_casa_forno_e_cafe,59.94
2018-02-08,415,portateis_casa_forno_e_cafe,74.54
2018-02-09,416,portateis_casa_forno_e_cafe,74.64
2018-02-17,424,portateis_casa_forno_e_cafe,76.7
2018-02-19,426,portateis_casa_forno_e_cafe,77.95
2018-02-26,433,portateis_casa_forno_e_cafe,74.61
2018-03-01,436,portateis_casa_forno_e_cafe,80.13
2018-03-11,446,portateis_casa_forno_e_cafe,81.42
2018-03-18,453,portateis_casa_forno_e_cafe,81.59
2018-03-20,455,portateis_casa_forno_e_cafe,80.92
2018-03-29,464,portateis_casa_forno_e_cafe,82.56
2018-03-31,466,portateis_casa_forno_e_cafe,84.2
2018-04-05,471,portateis_casa_forno_e_cafe,77.83
2018-04-06,472,portateis_casa_forno_e_cafe,80.41
2018-04-09,475,portateis_casa_forno_e_cafe,82.48
2018-04-10,476,portateis_casa_forno_e_cafe,84.89
2018-04-12,478,portateis_casa_forno_e_cafe,87.49
2018-04-16,482,portateis_casa_forno_e_cafe,88.48
2018-04-19,485,portateis_casa_forno_e_cafe,89.1
2018-04-20,486,portateis_casa_forno_e_cafe,90.95
2018-04-24,490,portateis_casa_forno_e_cafe,93.67
2018-04-30,496,portateis_casa_forno_e_cafe,95.0
2018-05-07,503,portateis_casa_forno_e_cafe,84.26
2018-05-11,507,portateis_casa_forno_e_cafe,82.41
2018-05-13,509,portateis_casa_forno_e_cafe,81.54
2018-05-16,512,portateis_casa_forno_e_cafe,85.82
2018-05-17,513,portateis_casa_forno_e_cafe,85.94
2018-05-24,520,portateis_casa_forno_e_cafe,86.18
2018-05-25,521,portateis_casa_forno_e_cafe,84.37
2018-06-12,539,portateis_casa_forno_e_cafe,65.67
2018-06-14,541,portateis_casa_forno_e_cafe,63.69
2018-07-03,560,portateis_casa_forno_e_cafe,43.81
2018-07-07,564,portateis_casa_forno_e_cafe,45.46
2018-07-16,573,portateis_casa_forno_e_cafe,45.99
2018-07-18,575,portateis_casa_forno_e_cafe,46.19
2018-07-20,577,portateis_casa_forno_e_cafe,44.91
2018-07-22,579,portateis_casa_forno_e_cafe,45.13
2018-07-24,581,portateis_casa_forno_e_cafe,47.33
2018-07-25,582,portateis_casa_forno_e_cafe,51.83
2018-07-27,584,portateis_casa_forno_e_cafe,50.17
2018-07-29,586,portateis_casa_forno_e_cafe,51.14
2018-08-01,589,portateis_casa_forno_e_cafe,39.32
2018-08-02,590,portateis_casa_forno_e_cafe,38.75
2018-08-04,592,portateis_casa_forno_e_cafe,41.19
2018-08-05,593,portateis_casa_forno_e_cafe,42.09
2018-08-08,596,portateis_casa_forno_e_cafe,43.42
2018-08-09,597,portateis_casa_forno_e_cafe,45.55
2018-08-14,602,portateis_casa_forno_e_cafe,45.16
2018-08-15,603,portateis_casa_forno_e_cafe,44.61
2018-08-17,605,portateis_casa_forno_e_cafe,46.49
2018-08-18,606,portateis_casa_forno_e_cafe,46.27
2018-08-19,607,portateis_casa_forno_e_cafe,46.22
2018-08-20,608,portateis_casa_forno_e_cafe,47.3
2018-08-22,610,portateis_casa_forno_e_cafe,46.84
2018-08-23,611,portateis_casa_forno_e_cafe,47.97
2018-05-08,504,portateis_cozinha_e_preparadores_de_alimentos,79.32
2018-05-09,505,portateis_cozinha_e_preparadores_de_alimentos,95.0
2018-07-20,577,portateis_cozinha_e_preparadores_de_alimentos,5.0
2018-07-22,579,portateis_cozinha_e_preparadores_de_alimentos,11.01
2018-07-23,580,portateis_cozinha_e_preparadores_de_alimentos,21.66
2018-07-27,584,portateis_cozinha_e_preparadores_de_alimentos,31.43
2018-08-05,593,portateis_cozinha_e_preparadores_de_alimentos,10.35
2018-08-06,594,portateis_cozinha_e_preparadores_de_alimentos,19.37
2018-08-10,598,portateis_cozinha_e_preparadores_de_alimentos,28.02
2018-08-17,605,portateis_cozinha_e_preparadores_de_alimentos,32.77
2018-08-27,615,portateis_cozinha_e_preparadores_de_alimentos,52.53
2016-10-03,6,relogios_presentes,26.91
2016-10-06,9,relogios_presentes,26.07
2016-10-08,11,relogios_presentes,25.67
2017-01-07,18,relogios_presentes,25.4
2017-01-10,21,relogios_presentes,25.66
2017-01-11,22,relogios_presentes,25.35
2017-01-13,24,relogios_presentes,25.09
2017-01-17,28,relogios_presentes,25.16
2017-01-18,29,relogios_presentes,24.95
2017-01-26,37,relogios_presentes,25.61
2017-01-27,38,relogios_presentes,12.37
2017-01-29,40,relogios_presentes,12.88
2017-01-31,42,relogios_presentes,12.79
2017-02-01,43,relogios_presentes,13.08
2017-02-02,44,relogios_presentes,13.37
2017-02-03,45,relogios_presentes,13.63
2017-02-04,46,relogios_presentes,14.58
2017-02-05,47,relogios_presentes,14.67
2017-02-06,48,relogios_presentes,14.63
2017-02-07,49,relogios_presentes,14.02
2017-02-08,50,relogios_presentes,14.82
2017-02-10,52,relogios_presentes,14.66
2017-02-16,58,relogios_presentes,14.65
2017-02-17,59,relogios_presentes,14.32
2017-02-19,61,relogios_presentes,13.18
2017-02-20,62,relogios_presentes,13.83
2017-02-22,64,relogios_presentes,12.36
2017-02-24,66,relogios_presentes,11.01
2017-02-25,67,relogios_presentes,11.32
2017-02-26,68,relogios_presentes,6.85
2017-02-27,69,relogios_presentes,6.0
2017-02-28,70,relogios_presentes,6.38
2017-03-01,71,relogios_presentes,5.0
2017-03-02,72,relogios_presentes,5.37
2017-03-03,73,relogios_presentes,6.32
2017-03-04,74,relogios_presentes,5.83
2017-03-06,76,relogios_presentes,7.09
2017-03-07,77,relogios_presentes,8.21
2017-03-08,78,relogios_presentes,7.99
2017-03-09,79,relogios_presentes,6.95
2017-03-10,80,relogios_presentes,8.24
2017-03-11,81,relogios_presentes,8.73
2017-03-12,82,relogios_presentes,9.31
2017-03-13,83,relogios_presentes,8.87
2017-03-14,84,relogios_presentes,8.68
2017-03-15,85,relogios_presentes,9.2
2017-03-16,86,relogios_presentes,8.26
2017-03-17,87,relogios_presentes,7.85
2017-03-18,88,relogios_presentes,7.1
2017-03-19,89,relogios_presentes,7.83
2017-03-20,90,relogios_presentes,6.67
2017-03-21,91,relogios_presentes,6.2
2017-03-22,92,relogios_presentes,6.53
2017-03-23,93,relogios_presentes,6.38
2017-03-24,94,relogios_presentes,6.78
2017-03-25,95,relogios_presentes,6.53
2017-03-26,96,relogios_presentes,7.76
2017-03-27,97,relogios_presentes,7.93
2017-03-28,98,relogios_presentes,13.44
2017-03-29,99,relogios_presentes,13.54
2017-03-31,101,relogios_presentes,14.0
2017-04-01,102,relogios_presentes,13.03
2017-04-02,103,relogios_presentes,13.5
2017-04-03,104,relogios_presentes,13.99
2017-04-04,105,relogios_presentes,13.77
2017-04-05,106,relogios_presentes,13.53
2017-04-06,107,relogios_presentes,12.17
2017-04-07,108,relogios_presentes,12.08
2017-04-08,109,relogios_presentes,13.15
2017-04-09,110,relogios_presentes,13.24
2017-04-10,111,relogios_presentes,12.91
2017-04-12,113,relogios_presentes,13.91
2017-04-13,114,relogios_presentes,13.91
2017-04-14,115,relogios_presentes,14.1
2017-04-16,117,relogios_presentes,13.99
2017-04-17,118,relogios_presentes,14.27
2017-04-19,120,relogios_presentes,16.18
2017-04-20,121,relogios_presentes,16.85
2017-04-21,122,relogios_presentes,17.12
2017-04-22,123,relogios_presentes,16.85
2017-04-23,124,relogios_presentes,17.76
2017-04-24,125,relogios_presentes,17.43
2017-04-25,126,relogios_presentes,17.45
2017-04-26,127,relogios_presentes,17.51
2017-04-27,128,relogios_presentes,17.41
2017-04-28,129,relogios_presentes,30.84
2017-04-29,130,relogios_presentes,30.52
2017-04-30,131,relogios_presentes,29.79
2017-05-02,133,relogios_presentes,29.51
2017-05-03,134,relogios_presentes,29.22
2017-05-04,135,relogios_presentes,29.36
2017-05-05,136,relogios_presentes,30.18
2017-05-06,137,relogios_presentes,30.01
2017-05-07,138,relogios_presentes,29.53
2017-05-08,139,relogios_presentes,29.56
2017-05-09,140,relogios_presentes,29.49
2017-05-10,141,relogios_presentes,29.09
2017-05-11,142,relogios_presentes,29.99
2017-05-12,143,relogios_presentes,30.15
2017-05-14,145,relogios_presentes,30.88
2017-05-15,146,relogios_presentes,29.66
2017-05-16,147,relogios_presentes,29.0
2017-05-17,148,relogios_presentes,28.99
2017-05-18,149,relogios_presentes,28.73
2017-05-19,150,relogios_presentes,28.46
2017-05-20,151,relogios_presentes,29.48
2017-05-21,152,relogios_presentes,29.66
2017-05-22,153,relogios_presentes,28.76
2017-05-23,154,relogios_presentes,28.27
2017-05-24,155,relogios_presentes,27.69
2017-05-25,156,relogios_presentes,27.6
2017-05-26,157,relogios_presentes,27.51
2017-05-27,158,relogios_presentes,28.36
2017-05-28,159,relogios_presentes,28.73
2017-05-29,160,relogios_presentes,46.7
2017-05-30,161,relogios_presentes,46.33
2017-05-31,162,relogios_presentes,46.09
2017-06-01,163,relogios_presentes,45.66
2017-06-02,164,relogios_presentes,45.19
2017-06-03,165,relogios_presentes,45.97
2017-06-04,166,relogios_presentes,46.66
2017-06-05,167,relogios_presentes,47.84
2017-06-06,168,relogios_presentes,46.75
2017-06-07,169,relogios_presentes,46.91
2017-06-08,170,relogios_presentes,47.71
2017-06-09,171,relogios_presentes,46.52
2017-06-10,172,relogios_presentes,47.07
2017-06-11,173,relogios_presentes,48.13
2017-06-12,174,relogios_presentes,48.42
2017-06-13,175,relogios_presentes,48.4
2017-06-14,176,relogios_presentes,47.94
2017-06-15,177,relogios_presentes,46.72
2017-06-16,178,relogios_presentes,47.15
2017-06-17,179,relogios_presentes,47.67
2017-06-18,180,relogios_presentes,48.72
2017-06-19,181,relogios_presentes,49.78
2017-06-20,182,relogios_presentes,49.43
2017-06-22,184,relogios_presentes,49.37
2017-06-23,185,relogios_presentes,49.27
2017-06-24,186,relogios_presentes,48.65
2017-06-25,187,relogios_presentes,49.0
2017-06-26,188,relogios_presentes,48.88
2017-06-27,189,relogios_presentes,48.83
2017-06-28,190,relogios_presentes,67.58
2017-06-29,191,relogios_presentes,67.25
2017-06-30,192,relogios_presentes,66.52
2017-07-01,193,relogios_presentes,66.5
2017-07-02,194,relogios_presentes,66.03
2017-07-03,195,relogios_presentes,66.03
2017-07-04,196,relogios_presentes,66.97
2017-07-05,197,relogios_presentes,67.27
2017-07-06,198,relogios_presentes,69.0
2017-07-07,199,relogios_presentes,69.61
2017-07-08,200,relogios_presentes,69.0
2017-07-09,201,relogios_presentes,68.96
2017-07-10,202,relogios_presentes,69.31
2017-07-11,203,relogios_presentes,68.86
2017-07-12,204,relogios_presentes,69.84
2017-07-13,205,relogios_presentes,70.34
2017-07-14,206,relogios_presentes,69.8
2017-07-15,207,relogios_presentes,69.66
2017-07-16,208,relogios_presentes,69.13
2017-07-17,209,relogios_presentes,69.0
2017-07-18,210,relogios_presentes,68.29
2017-07-19,211,relogios_presentes,68.12
2017-07-20,212,relogios_presentes,68.16
2017-07-21,213,relogios_presentes,69.18
2017-07-22,214,relogios_presentes,69.09
2017-07-23,215,relogios_presentes,69.25
2017-07-24,216,relogios_presentes,68.89
2017-07-25,217,relogios_presentes,68.44
2017-07-26,218,relogios_presentes,68.41
2017-07-27,219,relogios_presentes,67.8
2017-07-28,220,relogios_presentes,67.8
2017-07-29,221,relogios_presentes,81.5
2017-07-30,222,relogios_presentes,81.36
2017-07-31,223,relogios_presentes,81.69
2017-08-01,224,relogios_presentes,81.39
2017-08-02,225,relogios_presentes,80.9
2017-08-03,226,relogios_presentes,81.26
2017-08-04,227,relogios_presentes,82.34
2017-08-05,228,relogios_presentes,82.03
2017-08-06,229,relogios_presentes,82.14
2017-08-07,230,relogios_presentes,82.49
2017-08-08,231,relogios_presentes,82.24
2017-08-09,232,relogios_presentes,82.08
2017-08-10,233,relogios_presentes,81.76
2017-08-11,234,relogios_presentes,80.86
2017-08-12,235,relogios_presentes,80.75
2017-08-13,236,relogios_presentes,81.21
2017-08-14,237,relogios_presentes,80.68
2017-08-15,238,relogios_presentes,80.23
2017-08-16,239,relogios_presentes,80.73
2017-08-17,240,relogios_presentes,80.72
2017-08-18,241,relogios_presentes,80.76
2017-08-19,242,relogios_presentes,81.51
2017-08-20,243,relogios_presentes,81.29
2017-08-21,244,relogios_presentes,81.82
2017-08-22,245,relogios_presentes,82.44
2017-08-23,246,relogios_presentes,82.23
2017-08-24,247,relogios_presentes,82.43
2017-08-25,248,relogios_presentes,83.46
2017-08-26,249,relogios_presentes,83.69
2017-08-27,250,relogios_presentes,84.61
2017-08-28,251,relogios_presentes,84.73
2017-08-29,252,relogios_presentes,89.78
2017-08-30,253,relogios_presentes,89.69
2017-08-31,254,relogios_presentes,89.48
2017-09-01,255,relogios_presentes,89.11
2017-09-02,256,relogios_presentes,89.21
2017-09-03,257,relogios_presentes,89.16
2017-09-04,258,relogios_presentes,88.45
2017-09-05,259,relogios_presentes,87.65
2017-09-06,260,relogios_presentes,87.47
2017-09-07,261,relogios_presentes,86.82
2017-09-08,262,relogios_presentes,87.14
2017-09-09,263,relogios_presentes,86.97
2017-09-10,264,relogios_presentes,87.64
2017-09-11,265,relogios_presentes,87.78
2017-09-12,266,relogios_presentes,87.96
2017-09-13,267,relogios_presentes,87.1
2017-09-14,268,relogios_presentes,87.55
2017-09-15,269,relogios_presentes,88.05
2017-09-16,270,relogios_presentes,87.5
2017-09-17,271,relogios_presentes,87.78
2017-09-18,272,relogios_presentes,87.01
2017-09-19,273,relogios_presentes,86.56
2017-09-20,274,relogios_presentes,87.24
2017-09-21,275,relogios_presentes,87.68
2017-09-22,276,relogios_presentes,87.64
2017-09-23,277,relogios_presentes,88.19
2017-09-24,278,relogios_presentes,87.77
2017-09-25,279,relogios_presentes,87.99
2017-09-26,280,relogios_presentes,89.08
2017-09-27,281,relogios_presentes,89.19
2017-09-28,282,relogios_presentes,83.91
2017-09-29,283,relogios_presentes,85.2
2017-09-30,284,relogios_presentes,83.66
2017-10-01,285,relogios_presentes,82.58
2017-10-02,286,relogios_presentes,82.3
2017-10-03,287,relogios_presentes,81.73
2017-10-04,288,relogios_presentes,82.34
2017-10-05,289,relogios_presentes,82.41
2017-10-06,290,relogios_presentes,81.4
2017-10-07,291,relogios_presentes,82.25
2017-10-08,292,relogios_presentes,83.41
2017-10-09,293,relogios_presentes,82.7
2017-10-10,294,relogios_presentes,83.32
2017-10-11,295,relogios_presentes,84.8
2017-10-12,296,relogios_presentes,85.25
2017-10-13,297,relogios_presentes,86.09
2017-10-14,298,relogios_presentes,86.22
2017-10-15,299,relogios_presentes,86.0
2017-10-16,300,relogios_presentes,86.06
2017-10-17,301,relogios_presentes,85.55
2017-10-18,302,relogios_presentes,85.4
2017-10-19,303,relogios_presentes,84.59
2017-10-20,304,relogios_presentes,84.69
2017-10-21,305,relogios_presentes,84.32
2017-10-22,306,relogios_presentes,83.8
2017-10-23,307,relogios_presentes,84.4
2017-10-24,308,relogios_presentes,84.45
2017-10-25,309,relogios_presentes,84.31
2017-10-26,310,relogios_presentes,84.31
2017-10-27,311,relogios_presentes,84.17
2017-10-28,312,relogios_presentes,84.92
2017-10-29,313,relogios_presentes,73.11
2017-10-30,314,relogios_presentes,73.32
2017-10-31,315,relogios_presentes,72.46
2017-11-01,316,relogios_presentes,72.77
2017-11-02,317,relogios_presentes,72.22
2017-11-03,318,relogios_presentes,71.06
2017-11-04,319,relogios_presentes,71.15
2017-11-05,320,relogios_presentes,72.02
2017-11-06,321,relogios_presentes,71.37
2017-11-07,322,relogios_presentes,70.58
2017-11-08,323,relogios_presentes,70.39
2017-11-09,324,relogios_presentes,70.11
2017-11-10,325,relogios_presentes,71.16
2017-11-11,326,relogios_presentes,70.82
2017-11-12,327,relogios_presentes,70.94
2017-11-13,328,relogios_presentes,71.38
2017-11-14,329,relogios_presentes,71.23
2017-11-15,330,relogios_presentes,70.4
2017-11-16,331,relogios_presentes,71.53
2017-11-17,332,relogios_presentes,71.57
2017-11-18,333,relogios_presentes,70.96
2017-11-19,334,relogios_presentes,70.63
2017-11-20,335,relogios_presentes,70.08
2017-11-21,336,relogios_presentes,70.6
2017-11-22,337,relogios_presentes,70.33
2017-11-23,338,relogios_presentes,71.33
2017-11-24,339,relogios_presentes,70.79
2017-11-25,340,relogios_presentes,70.11
2017-11-26,341,relogios_presentes,69.5
2017-11-27,342,relogios_presentes,69.46
2017-11-28,343,relogios_presentes,50.54
2017-11-29,344,relogios_presentes,50.73
2017-11-30,345,relogios_presentes,51.0
2017-12-01,346,relogios_presentes,51.05
2017-12-02,347,relogios_presentes,51.34
2017-12-03,348,relogios_presentes,50.88
2017-12-04,349,relogios_presentes,51.41
2017-12-05,350,relogios_presentes,52.25
2017-12-06,351,relogios_presentes,52.97
2017-12-07,352,relogios_presentes,52.08
2017-12-08,353,relogios_presentes,51.62
2017-12-09,354,relogios_presentes,51.89
2017-12-10,355,relogios_presentes,51.91
2017-12-11,356,relogios_presentes,51.84
2017-12-12,357,relogios_presentes,52.08
2017-12-13,358,relogios_presentes,50.86
2017-12-14,359,relogios_presentes,51.22
2017-12-15,360,relogios_presentes,51.7
2017-12-16,361,relogios_presentes,50.77
2017-12-17,362,relogios_presentes,51.78
2017-12-18,363,relogios_presentes,52.7
2017-12-19,364,relogios_presentes,54.29
2017-12-20,365,relogios_presentes,52.93
2017-12-21,366,relogios_presentes,53.45
2017-12-22,367,relogios_presentes,52.92
2017-12-23,368,relogios_presentes,53.13
2017-12-24,369,relogios_presentes,52.78
2017-12-25,370,relogios_presentes,52.64
2017-12-26,371,relogios_presentes,53.72
2017-12-27,372,relogios_presentes,54.13
2017-12-28,373,relogios_presentes,54.84
2017-12-29,374,relogios_presentes,34.56
2017-12-30,375,relogios_presentes,36.06
2017-12-31,376,relogios_presentes,35.65
2018-01-01,377,relogios_presentes,35.56
2018-01-02,378,relogios_presentes,36.21
2018-01-03,379,relogios_presentes,36.15
2018-01-04,380,relogios_presentes,36.07
2018-01-05,381,relogios_presentes,35.31
2018-01-06,382,relogios_presentes,34.12
2018-01-07,383,relogios_presentes,33.73
2018-01-08,384,relogios_presentes,34.46
2018-01-09,385,relogios_presentes,33.9
2018-01-10,386,relogios_presentes,34.36
2018-01-11,387,relogios_presentes,34.56
2018-01-12,388,relogios_presentes,34.55
2018-01-13,389,relogios_presentes,35.18
2018-01-14,390,relogios_presentes,35.13
2018-01-15,391,relogios_presentes,35.52
2018-01-16,392,relogios_presentes,34.88
2018-01-17,393,relogios_presentes,34.7
2018-01-18,394,relogios_presentes,33.64
2018-01-19,395,relogios_presentes,33.21
2018-01-20,396,relogios_presentes,32.03
2018-01-21,397,relogios_presentes,31.71
2018-01-22,398,relogios_presentes,31.63
2018-01-23,399,relogios_presentes,31.14
2018-01-24,400,relogios_presentes,31.52
2018-01-25,401,relogios_presentes,31.61
2018-01-26,402,relogios_presentes,31.91
2018-01-27,403,relogios_presentes,31.97
2018-01-28,404,relogios_presentes,32.95
2018-01-29,405,relogios_presentes,19.82
2018-01-30,406,relogios_presentes,20.41
2018-01-31,407,relogios_presentes,20.98
2018-02-01,408,relogios_presentes,21.59
2018-02-02,409,relogios_presentes,21.14
2018-02-03,410,relogios_presentes,20.76
2018-02-04,411,relogios_presentes,21.35
2018-02-05,412,relogios_presentes,22.85
2018-02-06,413,relogios_presentes,23.22
2018-02-07,414,relogios_presentes,23.34
2018-02-08,415,relogios_presentes,24.25
2018-02-09,416,relogios_presentes,25.16
2018-02-10,417,relogios_presentes,25.04
2018-02-11,418,relogios_presentes,24.3
2018-02-12,419,relogios_presentes,24.9
2018-02-13,420,relogios_presentes,26.41
2018-02-14,421,relogios_presentes,25.07
2018-02-15,422,relogios_presentes,24.26
2018-02-16,423,relogios_presentes,23.28
2018-02-17,424,relogios_presentes,23.12
2018-02-18,425,relogios_presentes,21.88
2018-02-19,426,relogios_presentes,21.0
2018-02-20,427,relogios_presentes,20.22
2018-02-21,428,relogios_presentes,20.95
2018-02-22,429,relogios_presentes,21.64
2018-02-23,430,relogios_presentes,20.12
2018-02-24,431,relogios_presentes,20.78
2018-02-25,432,relogios_presentes,20.95
2018-02-26,433,relogios_presentes,16.72
2018-02-27,434,relogios_presentes,16.67
2018-02-28,435,relogios_presentes,17.58
2018-03-01,436,relogios_presentes,18.2
2018-03-02,437,relogios_presentes,18.73
2018-03-03,438,relogios_presentes,18.34
2018-03-04,439,relogios_presentes,18.23
2018-03-05,440,relogios_presentes,17.79
2018-03-06,441,relogios_presentes,17.0
2018-03-07,442,relogios_presentes,17.2
2018-03-08,443,relogios_presentes,17.37
2018-03-09,444,relogios_presentes,17.09
2018-03-10,445,relogios_presentes,16.52
2018-03-11,446,relogios_presentes,15.66
2018-03-12,447,relogios_presentes,15.66
2018-03-13,448,relogios_presentes,16.13
2018-03-14,449,relogios_presentes,15.23
2018-03-15,450,relogios_presentes,15.77
2018-03-16,451,relogios_presentes,16.27
2018-03-17,452,relogios_presentes,15.55
2018-03-18,453,relogios_presentes,15.74
2018-03-19,454,relogios_presentes,15.86
2018-03-20,455,relogios_presentes,16.22
2018-03-21,456,relogios_presentes,15.92
2018-03-22,457,relogios_presentes,16.0
2018-03-23,458,relogios_presentes,16.05
2018-03-24,459,relogios_presentes,17.75
2018-03-25,460,relogios_presentes,17.02
2018-03-26,461,relogios_presentes,17.36
2018-03-27,462,relogios_presentes,18.21
2018-03-28,463,relogios_presentes,17.58
2018-03-29,464,relogios_presentes,23.17
2018-03-30,465,relogios_presentes,22.73
2018-03-31,466,relogios_presentes,23.5
2018-04-01,467,relogios_presentes,23.62
2018-04-02,468,relogios_presentes,23.85
2018-04-03,469,relogios_presentes,22.43
2018-04-04,470,relogios_presentes,23.17
2018-04-05,471,relogios_presentes,23.71
2018-04-06,472,relogios_presentes,23.1
2018-04-07,473,relogios_presentes,23.43
2018-04-08,474,relogios_presentes,22.27
2018-04-09,475,relogios_presentes,22.19
2018-04-10,476,relogios_presentes,22.32
2018-04-11,477,relogios_presentes,22.14
2018-04-12,478,relogios_presentes,21.38
2018-04-13,479,relogios_presentes,21.93
2018-04-14,480,relogios_presentes,21.85
2018-04-15,481,relogios_presentes,21.82
2018-04-16,482,relogios_presentes,22.4
2018-04-17,483,relogios_presentes,22.59
2018-04-18,484,relogios_presentes,23.98
2018-04-19,485,relogios_presentes,24.63
2018-04-20,486,relogios_presentes,25.17
2018-04-21,487,relogios_presentes,26.04
2018-04-22,488,relogios_presentes,26.07
2018-04-23,489,relogios_presentes,26.46
2018-04-24,490,relogios_presentes,26.86
2018-04-25,491,relogios_presentes,26.34
2018-04-26,492,relogios_presentes,26.39
2018-04-27,493,relogios_presentes,26.72
2018-04-28,494,relogios_presentes,39.95
2018-04-29,495,relogios_presentes,40.64
2018-04-30,496,relogios_presentes,40.47
2018-05-01,497,relogios_presentes,40.32
2018-05-02,498,relogios_presentes,40.12
2018-05-03,499,relogios_presentes,39.5
2018-05-04,500,relogios_presentes,39.44
2018-05-05,501,relogios_presentes,39.95
2018-05-06,502,relogios_presentes,40.13
2018-05-07,503,relogios_presentes,39.74
2018-05-08,504,relogios_presentes,39.62
2018-05-09,505,relogios_presentes,39.15
2018-05-10,506,relogios_presentes,38.31
2018-05-11,507,relogios_presentes,38.86
2018-05-12,508,relogios_presentes,38.43
2018-05-13,509,relogios_presentes,39.19
2018-05-14,510,relogios_presentes,39.16
2018-05-15,511,relogios_presentes,39.32
2018-05-16,512,relogios_presentes,39.23
2018-05-17,513,relogios_presentes,39.33
2018-05-18,514,relogios_presentes,39.55
2018-05-19,515,relogios_presentes,39.62
2018-05-20,516,relogios_presentes,39.88
2018-05-21,517,relogios_presentes,39.61
2018-05-22,518,relogios_presentes,40.06
2018-05-23,519,relogios_presentes,39.44
2018-05-24,520,relogios_presentes,39.86
2018-05-25,521,relogios_presentes,39.88
2018-05-26,522,relogios_presentes,39.95
2018-05-27,523,relogios_presentes,39.65
2018-05-28,524,relogios_presentes,39.82
2018-05-29,525,relogios_presentes,57.7
2018-05-30,526,relogios_presentes,58.65
2018-05-31,527,relogios_presentes,58.18
2018-06-01,528,relogios_presentes,58.01
2018-06-02,529,relogios_presentes,57.5
2018-06-03,530,relogios_presentes,57.18
2018-06-04,531,relogios_presentes,56.82
2018-06-05,532,relogios_presentes,57.52
2018-06-06,533,relogios_presentes,57.26
2018-06-07,534,relogios_presentes,56.9
2018-06-08,535,relogios_presentes,56.76
2018-06-09,536,relogios_presentes,55.79
2018-06-10,537,relogios_presentes,56.6
2018-06-11,538,relogios_presentes,56.8
2018-06-12,539,relogios_presentes,57.62
2018-06-13,540,relogios_presentes,57.8
2018-06-14,541,relogios_presentes,57.76
2018-06-15,542,relogios_presentes,57.14
2018-06-16,543,relogios_presentes,57.11
2018-06-17,544,relogios_presentes,57.85
2018-06-18,545,relogios_presentes,59.2
2018-06-19,546,relogios_presentes,59.47
2018-06-20,547,relogios_presentes,59.82
2018-06-21,548,relogios_presentes,60.18
2018-06-22,549,relogios_presentes,60.12
2018-06-23,550,relogios_presentes,60.61
2018-06-24,551,relogios_presentes,60.44
2018-06-25,552,relogios_presentes,59.62
2018-06-26,553,relogios_presentes,59.45
2018-06-27,554,relogios_presentes,59.65
2018-06-28,555,relogios_presentes,77.1
2018-06-29,556,relogios_presentes,77.02
2018-06-30,557,relogios_presentes,75.48
2018-07-01,558,relogios_presentes,76.1
2018-07-02,559,relogios_presentes,75.6
2018-07-03,560,relogios_presentes,74.77
2018-07-04,561,relogios_presentes,75.14
2018-07-05,562,relogios_presentes,75.3
2018-07-06,563,relogios_presentes,75.97
2018-07-07,564,relogios_presentes,75.7
2018-07-08,565,relogios_presentes,76.15
2018-07-09,566,relogios_presentes,76.32
2018-07-10,567,relogios_presentes,76.93
2018-07-11,568,relogios_presentes,76.37
2018-07-12,569,relogios_presentes,77.63
2018-07-13,570,relogios_presentes,77.51
2018-07-14,571,relogios_presentes,77.5
2018-07-15,572,relogios_presentes,78.05
2018-07-16,573,relogios_presentes,78.6
2018-07-17,574,relogios_presentes,78.49
2018-07-18,575,relogios_presentes,78.31
2018-07-19,576,relogios_presentes,78.41
2018-07-20,577,relogios_presentes,78.49
2018-07-21,578,relogios_presentes,77.68
2018-07-22,579,relogios_presentes,76.11
2018-07-23,580,relogios_presentes,76.23
2018-07-24,581,relogios_presentes,75.91
2018-07-25,582,relogios_presentes,75.35
2018-07-26,583,relogios_presentes,75.26
2018-07-27,584,relogios_presentes,74.8
2018-07-28,585,relogios_presentes,74.75
2018-07-29,586,relogios_presentes,87.64
2018-07-30,587,relogios_presentes,87.5
2018-07-31,588,relogios_presentes,87.36
2018-08-01,589,relogios_presentes,88.02
2018-08-02,590,relogios_presentes,88.35
2018-08-03,591,relogios_presentes,88.73
2018-08-04,592,relogios_presentes,88.59
2018-08-05,593,relogios_presentes,88.39
2018-08-06,594,relogios_presentes,87.95
2018-08-07,595,relogios_presentes,87.71
2018-08-08,596,relogios_presentes,88.61
2018-08-09,597,relogios_presentes,89.55
2018-08-10,598,relogios_presentes,90.77
2018-08-11,599,relogios_presentes,90.5
2018-08-12,600,relogios_presentes,90.58
2018-08-13,601,relogios_presentes,90.92
2018-08-14,602,relogios_presentes,91.92
2018-08-15,603,relogios_presentes,93.06
2018-08-16,604,relogios_presentes,93.23
2018-08-17,605,relogios_presentes,93.73
2018-08-18,606,relogios_presentes,94.13
2018-08-19,607,relogios_presentes,93.92
2018-08-20,608,relogios_presentes,93.06
2018-08-21,609,relogios_presentes,93.44
2018-08-22,610,relogios_presentes,94.04
2018-08-23,611,relogios_presentes,94.94
2018-08-24,612,relogios_presentes,95.0
2018-08-25,613,relogios_presentes,93.64
2018-08-26,614,relogios_presentes,93.54
2018-08-27,615,relogios_presentes,94.44
2018-08-28,616,relogios_presentes,94.1
2018-08-29,617,relogios_presentes,93.09
2017-01-26,37,seguros_e_servicos,95.0
2017-09-17,271,seguros_e_servicos,5.0
2017-03-27,97,sinalizacao_e_seguranca,46.77
2017-04-03,104,sinalizacao_e_seguranca,38.88
2017-04-09,110,sinalizacao_e_seguranca,37.38
2017-04-11,112,sinalizacao_e_seguranca,38.14
2017-05-09,140,sinalizacao_e_seguranca,26.45
2017-05-22,153,sinalizacao_e_seguranca,24.41
2017-05-31,162,sinalizacao_e_seguranca,10.61
2017-06-10,172,sinalizacao_e_seguranca,12.62
2017-06-11,173,sinalizacao_e_seguranca,10.68
2017-07-11,203,sinalizacao_e_seguranca,12.13
2017-07-16,208,sinalizacao_e_seguranca,13.29
2017-07-18,210,sinalizacao_e_seguranca,5.13
2017-07-21,213,sinalizacao_e_seguranca,6.14
2017-07-27,219,sinalizacao_e_seguranca,5.9
2017-08-04,227,sinalizacao_e_seguranca,5.57
2017-08-11,234,sinalizacao_e_seguranca,5.0
2017-08-15,238,sinalizacao_e_seguranca,6.68
2017-08-21,244,sinalizacao_e_seguranca,7.14
2017-09-13,267,sinalizacao_e_seguranca,9.98
2017-09-15,269,sinalizacao_e_seguranca,8.46
2017-09-20,274,sinalizacao_e_seguranca,10.99
2017-09-22,276,sinalizacao_e_seguranca,10.58
2017-09-29,283,sinalizacao_e_seguranca,10.14
2017-10-01,285,sinalizacao_e_seguranca,10.27
2017-10-02,286,sinalizacao_e_seguranca,12.33
2017-10-04,288,sinalizacao_e_seguranca,11.69
2017-10-08,292,sinalizacao_e_seguranca,13.09
2017-10-11,295,sinalizacao_e_seguranca,20.6
2017-10-16,300,sinalizacao_e_seguranca,20.67
2017-10-25,309,sinalizacao_e_seguranca,22.41
2017-11-09,324,sinalizacao_e_seguranca,34.66
2017-11-10,325,sinalizacao_e_seguranca,34.15
2017-11-27,342,sinalizacao_e_seguranca,45.78
2017-12-12,357,sinalizacao_e_seguranca,45.87
2017-12-30,375,sinalizacao_e_seguranca,47.01
2018-01-05,381,sinalizacao_e_seguranca,47.91
2018-01-06,382,sinalizacao_e_seguranca,48.44
2018-01-14,390,sinalizacao_e_seguranca,49.92
2018-01-17,393,sinalizacao_e_seguranca,50.23
2018-01-18,394,sinalizacao_e_seguranca,58.49
2018-01-20,396,sinalizacao_e_seguranca,58.83
2018-01-25,401,sinalizacao_e_seguranca,60.28
2018-02-06,413,sinalizacao_e_seguranca,62.27
2018-02-08,415,sinalizacao_e_seguranca,62.32
2018-02-13,420,sinalizacao_e_seguranca,61.95
2018-02-14,421,sinalizacao_e_seguranca,62.84
2018-02-15,422,sinalizacao_e_seguranca,66.91
2018-02-20,427,sinalizacao_e_seguranca,69.07
2018-02-26,433,sinalizacao_e_seguranca,70.31
2018-03-06,441,sinalizacao_e_seguranca,72.38
2018-03-09,444,sinalizacao_e_seguranca,74.34
2018-03-15,450,sinalizacao_e_seguranca,74.11
2018-03-18,453,sinalizacao_e_seguranca,72.42
2018-03-20,455,sinalizacao_e_seguranca,75.16
2018-03-30,465,sinalizacao_e_seguranca,77.46
2018-04-05,471,sinalizacao_e_seguranca,78.8
2018-04-06,472,sinalizacao_e_seguranca,79.61
2018-04-09,475,sinalizacao_e_seguranca,78.66
2018-04-12,478,sinalizacao_e_seguranca,78.11
2018-04-14,480,sinalizacao_e_seguranca,78.7
2018-04-16,482,sinalizacao_e_seguranca,80.31
2018-04-18,484,sinalizacao_e_seguranca,82.15
2018-04-20,486,sinalizacao_e_seguranca,82.81
2018-04-21,487,sinalizacao_e_seguranca,83.78
2018-04-24,490,sinalizacao_e_seguranca,82.33
2018-04-25,491,sinalizacao_e_seguranca,84.06
2018-04-26,492,sinalizacao_e_seguranca,83.04
2018-04-27,493,sinalizacao_e_seguranca,83.15
2018-04-28,494,sinalizacao_e_seguranca,75.55
2018-04-29,495,sinalizacao_e_seguranca,77.62
2018-04-30,496,sinalizacao_e_seguranca,78.03
2018-05-01,497,sinalizacao_e_seguranca,79.77
2018-05-03,499,sinalizacao_e_seguranca,80.82
2018-05-05,501,sinalizacao_e_seguranca,68.97
2018-05-06,502,sinalizacao_e_seguranca,69.55
2018-05-18,514,sinalizacao_e_seguranca,67.01
2018-06-01,528,sinalizacao_e_seguranca,68.95
2018-06-04,531,sinalizacao_e_seguranca,72.84
2018-06-06,533,sinalizacao_e_seguranca,74.13
2018-06-07,534,sinalizacao_e_seguranca,74.14
2018-06-10,537,sinalizacao_e_seguranca,76.04
2018-06-12,539,sinalizacao_e_seguranca,76.65
2018-06-14,541,sinalizacao_e_seguranca,77.51
2018-06-15,542,sinalizacao_e_seguranca,77.92
2018-06-20,547,sinalizacao_e_seguranca,82.16
2018-06-23,550,sinalizacao_e_seguranca,85.7
2018-06-24,551,sinalizacao_e_seguranca,73.65
2018-06-25,552,sinalizacao_e_seguranca,72.45
2018-06-26,553,sinalizacao_e_seguranca,74.31
2018-07-02,559,sinalizacao_e_seguranca,73.85
2018-07-03,560,sinalizacao_e_seguranca,75.15
2018-07-04,561,sinalizacao_e_seguranca,73.42
2018-07-11,568,sinalizacao_e_seguranca,75.88
2018-07-12,569,sinalizacao_e_seguranca,78.13
2018-07-13,570,sinalizacao_e_seguranca,77.49
2018-07-14,571,sinalizacao_e_seguranca,77.94
2018-07-15,572,sinalizacao_e_seguranca,81.59
2018-07-18,575,sinalizacao_e_seguranca,84.38
2018-07-22,579,sinalizacao_e_seguranca,83.53
2018-07-24,581,sinalizacao_e_seguranca,84.02
2018-07-26,583,sinalizacao_e_seguranca,74.8
2018-07-28,585,sinalizacao_e_seguranca,78.4
2018-07-31,588,sinalizacao_e_seguranca,76.87
2018-08-01,589,sinalizacao_e_seguranca,77.5
2018-08-02,590,sinalizacao_e_seguranca,78.01
2018-08-07,595,sinalizacao_e_seguranca,79.31
2018-08-09,597,sinalizacao_e_seguranca,79.41
2018-08-10,598,sinalizacao_e_seguranca,81.26
2018-08-13,601,sinalizacao_e_seguranca,84.06
2018-08-14,602,sinalizacao_e_seguranca,86.12
2018-08-15,603,sinalizacao_e_seguranca,87.45
2018-08-17,605,sinalizacao_e_seguranca,88.68
2018-08-19,607,sinalizacao_e_seguranca,90.03
2018-08-21,609,sinalizacao_e_seguranca,91.62
2018-08-24,612,sinalizacao_e_seguranca,95.0
2017-02-02,44,tablets_impressao_imagem,53.33
2017-02-07,49,tablets_impressao_imagem,54.1
2017-02-10,52,tablets_impressao_imagem,56.05
2017-02-20,62,tablets_impressao_imagem,57.63
2017-02-23,65,tablets_impressao_imagem,57.23
2017-02-26,68,tablets_impressao_imagem,57.43
2017-03-03,73,tablets_impressao_imagem,63.2
2017-03-18,88,tablets_impressao_imagem,62.61
2017-03-25,95,tablets_impressao_imagem,61.23
2017-03-27,97,tablets_impressao_imagem,60.96
2017-03-31,101,tablets_impressao_imagem,62.98
2017-04-01,102,tablets_impressao_imagem,59.72
2017-04-02,103,tablets_impressao_imagem,58.29
2017-04-07,108,tablets_impressao_imagem,62.05
2017-04-11,112,tablets_impressao_imagem,59.96
2017-04-19,120,tablets_impressao_imagem,59.12
2017-04-25,126,tablets_impressao_imagem,61.66
2017-04-26,127,tablets_impressao_imagem,63.63
2017-04-28,129,tablets_impressao_imagem,65.39
2017-05-02,133,tablets_impressao_imagem,55.55
2017-05-05,136,tablets_impressao_imagem,55.61
2017-05-11,142,tablets_impressao_imagem,56.61
2017-05-14,145,tablets_impressao_imagem,57.83
2017-05-22,153,tablets_impressao_imagem,54.73
2017-05-23,154,tablets_impressao_imagem,56.31
2017-05-27,158,tablets_impressao_imagem,57.65
2017-06-01,163,tablets_impressao_imagem,37.14
2017-06-02,164,tablets_impressao_imagem,37.72
2017-06-03,165,tablets_impressao_imagem,39.6
2017-06-10,172,tablets_impressao_imagem,39.7
2017-06-11,173,tablets_impressao_imagem,41.59
2017-06-13,175,tablets_impressao_imagem,42.02
2017-07-02,194,tablets_impressao_imagem,25.68
2017-07-05,197,tablets_impressao_imagem,27.67
2017-08-02,225,tablets_impressao_imagem,17.29
2017-08-11,234,tablets_impressao_imagem,17.32
2017-08-21,244,tablets_impressao_imagem,17.81
2017-08-23,246,tablets_impressao_imagem,18.95
2017-08-27,250,tablets_impressao_imagem,16.79
2017-08-29,252,tablets_impressao_imagem,15.85
2017-09-06,260,tablets_impressao_imagem,6.97
2017-09-14,268,tablets_impressao_imagem,6.27
2017-09-26,280,tablets_impressao_imagem,5.0
2017-10-04,288,tablets_impressao_imagem,10.91
2017-11-03,318,tablets_impressao_imagem,24.52
2017-11-15,330,tablets_impressao_imagem,24.93
2017-11-23,338,tablets_impressao_imagem,27.71
2017-11-24,339,tablets_impressao_imagem,28.71
2017-12-03,348,tablets_impressao_imagem,48.48
2017-12-09,354,tablets_impressao_imagem,47.54
2017-12-10,355,tablets_impressao_imagem,51.08
2017-12-12,357,tablets_impressao_imagem,53.19
2017-12-14,359,tablets_impressao_imagem,53.24
2018-01-13,389,tablets_impressao_imagem,70.06
2018-01-18,394,tablets_impressao_imagem,70.03
2018-01-24,400,tablets_impressao_imagem,71.83
2018-02-03,410,tablets_impressao_imagem,84.39
2018-02-07,414,tablets_impressao_imagem,84.69
2018-02-09,416,tablets_impressao_imagem,85.18
2018-02-16,423,tablets_impressao_imagem,87.74
2018-02-18,425,tablets_impressao_imagem,88.0
2018-02-19,426,tablets_impressao_imagem,87.88
2018-02-22,429,tablets_impressao_imagem,91.71
2018-02-28,435,tablets_impressao_imagem,89.1
2018-03-03,438,tablets_impressao_imagem,95.0
2018-03-18,453,tablets_impressao_imagem,94.13
2018-04-25,491,tablets_impressao_imagem,88.68
2018-05-15,511,tablets_impressao_imagem,75.95
2018-06-09,536,tablets_impressao_imagem,57.51
2016-09-05,2,telefonia,78.24
2016-10-04,7,telefonia,78.54
2016-10-05,8,telefonia,78.33
2016-10-06,9,telefonia,26.1
2016-10-07,10,telefonia,24.83
2016-10-10,13,telefonia,23.98
2017-01-11,22,telefonia,24.24
2017-01-12,23,telefonia,23.92
2017-01-15,26,telefonia,22.98
2017-01-16,27,telefonia,22.85
2017-01-19,30,telefonia,22.87
2017-01-23,34,telefonia,23.14
2017-01-25,36,telefonia,24.01
2017-01-26,37,telefonia,24.96
2017-01-27,38,telefonia,24.38
2017-01-28,39,telefonia,10.03
2017-01-30,41,telefonia,10.61
2017-01-31,42,telefonia,10.94
2017-02-01,43,telefonia,10.78
2017-02-02,44,telefonia,10.26
2017-02-03,45,telefonia,10.65
2017-02-04,46,telefonia,10.59
2017-02-05,47,telefonia,10.29
2017-02-06,48,telefonia,9.79
2017-02-07,49,telefonia,11.13
2017-02-08,50,telefonia,11.63
2017-02-09,51,telefonia,11.82
2017-02-10,52,telefonia,11.94
2017-02-11,53,telefonia,11.7
2017-02-12,54,telefonia,12.89
2017-02-13,55,telefonia,11.84
2017-02-14,56,telefonia,11.33
2017-02-15,57,telefonia,11.08
2017-02-16,58,telefonia,11.21
2017-02-17,59,telefonia,9.7
2017-02-18,60,telefonia,9.62
2017-02-19,61,telefonia,9.99
2017-02-20,62,telefonia,10.17
2017-02-21,63,telefonia,10.9
2017-02-22,64,telefonia,10.08
2017-02-23,65,telefonia,10.84
2017-02-24,66,telefonia,11.18
2017-02-25,67,telefonia,5.69
2017-02-26,68,telefonia,5.0
2017-02-27,69,telefonia,6.61
2017-03-01,71,telefonia,6.71
2017-03-02,72,telefonia,6.59
2017-03-03,73,telefonia,6.26
2017-03-04,74,telefonia,6.93
2017-03-05,75,telefonia,7.5
2017-03-06,76,telefonia,7.01
2017-03-07,77,telefonia,6.82
2017-03-08,78,telefonia,7.22
2017-03-09,79,telefonia,7.64
2017-03-10,80,telefonia,7.16
2017-03-11,81,telefonia,7.55
2017-03-12,82,telefonia,8.26
2017-03-13,83,telefonia,8.27
2017-03-14,84,telefonia,8.01
2017-03-15,85,telefonia,8.02
2017-03-16,86,telefonia,7.99
2017-03-17,87,telefonia,8.43
2017-03-18,88,telefonia,9.01
2017-03-19,89,telefonia,8.75
2017-03-20,90,telefonia,8.52
2017-03-21,91,telefonia,8.04
2017-03-22,92,telefonia,7.13
2017-03-23,93,telefonia,6.65
2017-03-24,94,telefonia,7.6
2017-03-25,95,telefonia,7.02
2017-03-26,96,telefonia,7.37
2017-03-27,97,telefonia,7.34
2017-03-28,98,telefonia,7.33
2017-03-29,99,telefonia,12.8
2017-03-30,100,telefonia,13.62
2017-03-31,101,telefonia,13.33
2017-04-01,102,telefonia,14.07
2017-04-02,103,telefonia,14.77
2017-04-03,104,telefonia,14.32
2017-04-04,105,telefonia,14.73
2017-04-05,106,telefonia,15.67
2017-04-06,107,telefonia,15.34
2017-04-07,108,telefonia,14.72
2017-04-08,109,telefonia,15.36
2017-04-09,110,telefonia,15.88
2017-04-10,111,telefonia,15.78
2017-04-11,112,telefonia,15.23
2017-04-12,113,telefonia,14.8
2017-04-13,114,telefonia,14.02
2017-04-14,115,telefonia,14.01
2017-04-15,116,telefonia,14.18
2017-04-16,117,telefonia,14.82
2017-04-17,118,telefonia,14.93
2017-04-18,119,telefonia,14.57
2017-04-19,120,telefonia,13.71
2017-04-20,121,telefonia,14.45
2017-04-21,122,telefonia,15.01
2017-04-22,123,telefonia,14.28
2017-04-23,124,telefonia,14.99
2017-04-24,125,telefonia,14.18
2017-04-25,126,telefonia,14.24
2017-04-26,127,telefonia,13.77
2017-04-27,128,telefonia,13.38
2017-04-28,129,telefonia,27.54
2017-04-29,130,telefonia,27.9
2017-04-30,131,telefonia,27.27
2017-05-01,132,telefonia,26.08
2017-05-02,133,telefonia,26.98
2017-05-03,134,telefonia,26.08
2017-05-04,135,telefonia,26.33
2017-05-05,136,telefonia,25.84
2017-05-06,137,telefonia,25.72
2017-05-07,138,telefonia,26.5
2017-05-08,139,telefonia,26.89
2017-05-09,140,telefonia,26.68
2017-05-10,141,telefonia,27.23
2017-05-11,142,telefonia,28.76
2017-05-12,143,telefonia,28.33
2017-05-13,144,telefonia,29.46
2017-05-14,145,telefonia,30.46
2017-05-15,146,telefonia,30.83
2017-05-16,147,telefonia,31.9
2017-05-17,148,telefonia,31.85
2017-05-18,149,telefonia,30.93
2017-05-19,150,telefonia,31.52
2017-05-20,151,telefonia,32.01
2017-05-21,152,telefonia,31.62
2017-05-22,153,telefonia,32.21
2017-05-23,154,telefonia,31.36
2017-05-24,155,telefonia,30.98
2017-05-25,156,telefonia,31.05
2017-05-26,157,telefonia,30.95
2017-05-27,158,telefonia,30.65
2017-05-28,159,telefonia,31.09
2017-05-29,160,telefonia,49.2
2017-05-30,161,telefonia,49.16
2017-05-31,162,telefonia,48.31
2017-06-01,163,telefonia,48.68
2017-06-02,164,telefonia,48.51
2017-06-03,165,telefonia,48.92
2017-06-04,166,telefonia,48.66
2017-06-05,167,telefonia,47.86
2017-06-06,168,telefonia,48.4
2017-06-07,169,telefonia,48.01
2017-06-08,170,telefonia,48.98
2017-06-09,171,telefonia,48.43
2017-06-10,172,telefonia,48.02
2017-06-11,173,telefonia,47.23
2017-06-12,174,telefonia,47.59
2017-06-13,175,telefonia,47.77
2017-06-14,176,telefonia,48.07
2017-06-15,177,telefonia,49.2
2017-06-16,178,telefonia,49.67
2017-06-17,179,telefonia,49.72
2017-06-18,180,telefonia,49.31
2017-06-19,181,telefonia,49.28
2017-06-20,182,telefonia,49.79
2017-06-22,184,telefonia,49.42
2017-06-23,185,telefonia,49.63
2017-06-24,186,telefonia,48.44
2017-06-25,187,telefonia,48.03
2017-06-26,188,telefonia,48.29
2017-06-27,189,telefonia,47.32
2017-06-28,190,telefonia,66.87
2017-06-29,191,telefonia,67.4
2017-06-30,192,telefonia,67.74
2017-07-01,193,telefonia,68.21
2017-07-02,194,telefonia,68.92
2017-07-03,195,telefonia,68.85
2017-07-04,196,telefonia,69.02
2017-07-05,197,telefonia,69.46
2017-07-06,198,telefonia,67.71
2017-07-07,199,telefonia,68.41
2017-07-08,200,telefonia,67.7
2017-07-09,201,telefonia,67.76
2017-07-10,202,telefonia,67.49
2017-07-11,203,telefonia,66.81
2017-07-12,204,telefonia,67.27
2017-07-13,205,telefonia,67.83
2017-07-14,206,telefonia,68.1
2017-07-15,207,telefonia,68.07
2017-07-16,208,telefonia,67.84
2017-07-17,209,telefonia,66.82
2017-07-18,210,telefonia,68.08
2017-07-19,211,telefonia,67.56
2017-07-20,212,telefonia,66.89
2017-07-22,214,telefonia,67.17
2017-07-23,215,telefonia,66.5
2017-07-24,216,telefonia,66.02
2017-07-25,217,telefonia,66.08
2017-07-26,218,telefonia,65.86
2017-07-27,219,telefonia,66.9
2017-07-28,220,telefonia,68.16
2017-07-29,221,telefonia,81.84
2017-07-30,222,telefonia,82.18
2017-07-31,223,telefonia,83.6
2017-08-01,224,telefonia,83.77
2017-08-02,225,telefonia,83.64
2017-08-03,226,telefonia,84.3
2017-08-04,227,telefonia,84.56
2017-08-05,228,telefonia,84.56
2017-08-06,229,telefonia,84.33
2017-08-07,230,telefonia,83.45
2017-08-08,231,telefonia,83.67
2017-08-09,232,telefonia,83.94
2017-08-10,233,telefonia,83.79
2017-08-11,234,telefonia,84.36
2017-08-12,235,telefonia,85.23
2017-08-13,236,telefonia,84.76
2017-08-14,237,telefonia,84.64
2017-08-15,238,telefonia,85.16
2017-08-16,239,telefonia,85.3
2017-08-17,240,telefonia,85.79
2017-08-18,241,telefonia,85.05
2017-08-19,242,telefonia,84.32
2017-08-20,243,telefonia,83.88
2017-08-21,244,telefonia,83.17
2017-08-22,245,telefonia,83.3
2017-08-23,246,telefonia,82.64
2017-08-24,247,telefonia,82.8
2017-08-25,248,telefonia,82.33
2017-08-26,249,telefonia,81.69
2017-08-27,250,telefonia,81.34
2017-08-28,251,telefonia,81.86
2017-08-29,252,telefonia,87.53
2017-08-30,253,telefonia,87.57
2017-08-31,254,telefonia,88.28
2017-09-01,255,telefonia,87.88
2017-09-02,256,telefonia,88.54
2017-09-03,257,telefonia,88.63
2017-09-04,258,telefonia,89.03
2017-09-05,259,telefonia,89.57
2017-09-06,260,telefonia,89.58
2017-09-07,261,telefonia,89.18
2017-09-08,262,telefonia,88.86
2017-09-09,263,telefonia,89.63
2017-09-10,264,telefonia,89.61
2017-09-11,265,telefonia,89.17
2017-09-12,266,telefonia,88.91
2017-09-13,267,telefonia,88.99
2017-09-14,268,telefonia,88.17
2017-09-15,269,telefonia,88.18
2017-09-16,270,telefonia,89.05
2017-09-17,271,telefonia,89.1
2017-09-19,273,telefonia,89.72
2017-09-20,274,telefonia,89.66
2017-09-21,275,telefonia,89.09
2017-09-22,276,telefonia,89.23
2017-09-23,277,telefonia,89.4
2017-09-24,278,telefonia,88.75
2017-09-25,279,telefonia,89.25
2017-09-26,280,telefonia,89.52
2017-09-27,281,telefonia,89.09
2017-09-28,282,telefonia,84.9
2017-09-29,283,telefonia,84.87
2017-09-30,284,telefonia,84.54
2017-10-01,285,telefonia,84.0
2017-10-02,286,telefonia,84.64
2017-10-03,287,telefonia,85.58
2017-10-04,288,telefonia,84.72
2017-10-05,289,telefonia,85.01
2017-10-06,290,telefonia,85.06
2017-10-07,291,telefonia,84.53
2017-10-08,292,telefonia,84.28
2017-10-09,293,telefonia,84.72
2017-10-10,294,telefonia,84.88
2017-10-11,295,telefonia,85.64
2017-10-12,296,telefonia,85.02
2017-10-13,297,telefonia,84.32
2017-10-14,298,telefonia,86.14
2017-10-15,299,telefonia,85.67
2017-10-16,300,telefonia,85.63
2017-10-17,301,telefonia,87.35
2017-10-18,302,telefonia,87.51
2017-10-19,303,telefonia,87.27
2017-10-20,304,telefonia,86.27
2017-10-21,305,telefonia,86.14
2017-10-22,306,telefonia,86.64
2017-10-23,307,telefonia,86.14
2017-10-24,308,telefonia,86.5
2017-10-25,309,telefonia,87.35
2017-10-26,310,telefonia,87.26
2017-10-27,311,telefonia,86.81
2017-10-28,312,telefonia,86.34
2017-10-29,313,telefonia,72.98
2017-10-30,314,telefonia,73.75
2017-10-31,315,telefonia,74.36
2017-11-01,316,telefonia,75.0
2017-11-02,317,telefonia,76.08
2017-11-03,318,telefonia,75.6
2017-11-04,319,telefonia,74.91
2017-11-05,320,telefonia,75.42
2017-11-06,321,telefonia,74.25
2017-11-07,322,telefonia,74.35
2017-11-08,323,telefonia,72.67
2017-11-09,324,telefonia,71.81
2017-11-10,325,telefonia,71.59
2017-11-11,326,telefonia,71.56
2017-11-12,327,telefonia,71.42
2017-11-13,328,telefonia,71.17
2017-11-14,329,telefonia,72.07
2017-11-15,330,telefonia,71.6
2017-11-16,331,telefonia,71.11
2017-11-17,332,telefonia,70.07
2017-11-18,333,telefonia,70.06
2017-11-19,334,telefonia,71.28
2017-11-20,335,telefonia,70.99
2017-11-21,336,telefonia,70.65
2017-11-22,337,telefonia,71.01
2017-11-23,338,telefonia,70.56
2017-11-24,339,telefonia,70.01
2017-11-25,340,telefonia,70.54
2017-11-26,341,telefonia,71.06
2017-11-27,342,telefonia,72.71
2017-11-28,343,telefonia,53.96
2017-11-29,344,telefonia,53.43
2017-11-30,345,telefonia,54.72
2017-12-01,346,telefonia,54.78
2017-12-02,347,telefonia,54.47
2017-12-03,348,telefonia,55.63
2017-12-04,349,telefonia,55.13
2017-12-05,350,telefonia,55.49
2017-12-06,351,telefonia,55.68
2017-12-07,352,telefonia,54.83
2017-12-08,353,telefonia,54.86
2017-12-09,354,telefonia,54.78
2017-12-10,355,telefonia,54.21
2017-12-11,356,telefonia,54.12
2017-12-12,357,telefonia,53.49
2017-12-13,358,telefonia,53.21
2017-12-14,359,telefonia,53.41
2017-12-15,360,telefonia,52.71
2017-12-16,361,telefonia,52.99
2017-12-17,362,telefonia,53.48
2017-12-18,363,telefonia,53.81
2017-12-19,364,telefonia,53.95
2017-12-20,365,telefonia,53.99
2017-12-21,366,telefonia,53.79
2017-12-22,367,telefonia,53.74
2017-12-23,368,telefonia,52.78
2017-12-24,369,telefonia,53.39
2017-12-25,370,telefonia,53.57
2017-12-26,371,telefonia,53.67
2017-12-27,372,telefonia,53.96
2017-12-28,373,telefonia,53.59
2017-12-29,374,telefonia,33.96
2017-12-30,375,telefonia,33.63
2017-12-31,376,telefonia,33.9
2018-01-01,377,telefonia,34.11
2018-01-02,378,telefonia,35.49
2018-01-03,379,telefonia,33.92
2018-01-04,380,telefonia,34.45
2018-01-05,381,telefonia,34.75
2018-01-06,382,telefonia,34.5
2018-01-07,383,telefonia,33.21
2018-01-08,384,telefonia,34.46
2018-01-09,385,telefonia,33.98
2018-01-10,386,telefonia,33.63
2018-01-11,387,telefonia,33.7
2018-01-12,388,telefonia,33.24
2018-01-13,389,telefonia,34.7
2018-01-14,390,telefonia,34.62
2018-01-15,391,telefonia,34.66
2018-01-16,392,telefonia,34.59
2018-01-17,393,telefonia,36.35
2018-01-18,394,telefonia,35.28
2018-01-19,395,telefonia,35.43
2018-01-20,396,telefonia,36.11
2018-01-21,397,telefonia,36.6
2018-01-22,398,telefonia,36.77
2018-01-23,399,telefonia,36.26
2018-01-24,400,telefonia,36.3
2018-01-25,401,telefonia,35.41
2018-01-26,402,telefonia,35.82
2018-01-27,403,telefonia,35.53
2018-01-28,404,telefonia,36.84
2018-01-29,405,telefonia,22.46
2018-01-30,406,telefonia,22.89
2018-01-31,407,telefonia,22.36
2018-02-01,408,telefonia,21.88
2018-02-02,409,telefonia,22.23
2018-02-03,410,telefonia,21.52
2018-02-04,411,telefonia,22.04
2018-02-05,412,telefonia,21.23
2018-02-06,413,telefonia,21.06
2018-02-07,414,telefonia,20.53
2018-02-08,415,telefonia,20.84
2018-02-09,416,telefonia,19.7
2018-02-10,417,telefonia,19.26
2018-02-11,418,telefonia,19.23
2018-02-12,419,telefonia,19.77
2018-02-13,420,telefonia,19.73
2018-02-14,421,telefonia,19.45
2018-02-15,422,telefonia,19.91
2018-02-16,423,telefonia,20.09
2018-02-17,424,telefonia,20.92
2018-02-18,425,telefonia,21.28
2018-02-19,426,telefonia,21.82
2018-02-20,427,telefonia,22.91
2018-02-21,428,telefonia,23.59
2018-02-22,429,telefonia,23.12
2018-02-23,430,telefonia,23.46
2018-02-24,431,telefonia,24.76
2018-02-25,432,telefonia,24.65
2018-02-26,433,telefonia,19.5
2018-02-27,434,telefonia,18.2
2018-02-28,435,telefonia,17.51
2018-03-01,436,telefonia,17.76
2018-03-02,437,telefonia,16.27
2018-03-03,438,telefonia,15.87
2018-03-04,439,telefonia,15.69
2018-03-05,440,telefonia,16.82
2018-03-06,441,telefonia,15.08
2018-03-07,442,telefonia,14.73
2018-03-08,443,telefonia,14.9
2018-03-09,444,telefonia,15.13
2018-03-10,445,telefonia,15.7
2018-03-11,446,telefonia,15.31
2018-03-12,447,telefonia,15.84
2018-03-13,448,telefonia,16.03
2018-03-14,449,telefonia,15.08
2018-03-15,450,telefonia,14.07
2018-03-16,451,telefonia,14.66
2018-03-17,452,telefonia,15.57
2018-03-18,453,telefonia,16.47
2018-03-19,454,telefonia,16.43
2018-03-20,455,telefonia,17.35
2018-03-21,456,telefonia,17.27
2018-03-22,457,telefonia,17.43
2018-03-23,458,telefonia,18.09
2018-03-24,459,telefonia,19.43
2018-03-25,460,telefonia,19.47
2018-03-26,461,telefonia,20.09
2018-03-27,462,telefonia,19.77
2018-03-28,463,telefonia,18.96
2018-03-29,464,telefonia,23.67
2018-03-30,465,telefonia,22.93
2018-03-31,466,telefonia,23.39
2018-04-01,467,telefonia,23.8
2018-04-02,468,telefonia,23.44
2018-04-03,469,telefonia,23.4
2018-04-04,470,telefonia,23.02
2018-04-05,471,telefonia,22.13
2018-04-06,472,telefonia,21.95
2018-04-07,473,telefonia,21.77
2018-04-08,474,telefonia,22.56
2018-04-09,475,telefonia,22.38
2018-04-10,476,telefonia,21.84
2018-04-11,477,telefonia,22.41
2018-04-12,478,telefonia,22.08
2018-04-13,479,telefonia,21.61
2018-04-14,480,telefonia,22.05
2018-04-15,481,telefonia,23.32
2018-04-16,482,telefonia,23.55
2018-04-17,483,telefonia,24.09
2018-04-18,484,telefonia,23.62
2018-04-19,485,telefonia,24.45
2018-04-20,486,telefonia,25.82
2018-04-21,487,telefonia,25.0
2018-04-22,488,telefonia,24.41
2018-04-23,489,telefonia,24.84
2018-04-24,490,telefonia,25.27
2018-04-25,491,telefonia,24.61
2018-04-26,492,telefonia,24.02
2018-04-27,493,telefonia,23.72
2018-04-28,494,telefonia,38.42
2018-04-29,495,telefonia,37.79
2018-04-30,496,telefonia,37.02
2018-05-01,497,telefonia,37.95
2018-05-02,498,telefonia,38.63
2018-05-03,499,telefonia,38.56
2018-05-04,500,telefonia,38.57
2018-05-05,501,telefonia,38.24
2018-05-06,502,telefonia,38.31
2018-05-07,503,telefonia,38.27
2018-05-08,504,telefonia,37.79
2018-05-09,505,telefonia,37.64
2018-05-10,506,telefonia,38.23
2018-05-11,507,telefonia,38.72
2018-05-12,508,telefonia,38.47
2018-05-13,509,telefonia,38.55
2018-05-14,510,telefonia,38.11
2018-05-15,511,telefonia,39.04
2018-05-16,512,telefonia,40.1
2018-05-17,513,telefonia,39.44
2018-05-18,514,telefonia,39.91
2018-05-19,515,telefonia,39.7
2018-05-20,516,telefonia,39.69
2018-05-21,517,telefonia,38.92
2018-05-22,518,telefonia,38.73
2018-05-23,519,telefonia,38.61
2018-05-24,520,telefonia,38.59
2018-05-25,521,telefonia,38.34
2018-05-26,522,telefonia,38.25
2018-05-27,523,telefonia,38.56
2018-05-28,524,telefonia,39.22
2018-05-29,525,telefonia,59.78
2018-05-30,526,telefonia,58.59
2018-05-31,527,telefonia,58.45
2018-06-01,528,telefonia,59.64
2018-06-02,529,telefonia,60.34
2018-06-03,530,telefonia,60.35
2018-06-04,531,telefonia,60.51
2018-06-05,532,telefonia,61.43
2018-06-06,533,telefonia,62.04
2018-06-07,534,telefonia,60.93
2018-06-08,535,telefonia,60.29
2018-06-09,536,telefonia,60.83
2018-06-10,537,telefonia,60.59
2018-06-11,538,telefonia,60.03
2018-06-12,539,telefonia,58.91
2018-06-13,540,telefonia,58.78
2018-06-14,541,telefonia,58.78
2018-06-15,542,telefonia,56.62
2018-06-16,543,telefonia,57.01
2018-06-17,544,telefonia,56.4
2018-06-18,545,telefonia,55.55
2018-06-19,546,telefonia,55.24
2018-06-20,547,telefonia,55.64
2018-06-21,548,telefonia,56.07
2018-06-22,549,telefonia,56.7
2018-06-23,550,telefonia,56.92
2018-06-24,551,telefonia,56.86
2018-06-25,552,telefonia,57.3
2018-06-26,553,telefonia,56.97
2018-06-27,554,telefonia,57.37
2018-06-28,555,telefonia,77.42
2018-06-29,556,telefonia,77.62
2018-06-30,557,telefonia,77.14
2018-07-01,558,telefonia,76.63
2018-07-02,559,telefonia,76.71
2018-07-03,560,telefonia,77.39
2018-07-04,561,telefonia,76.41
2018-07-05,562,telefonia,76.8
2018-07-06,563,telefonia,76.41
2018-07-07,564,telefonia,77.39
2018-07-08,565,telefonia,77.73
2018-07-09,566,telefonia,78.05
2018-07-10,567,telefonia,78.12
2018-07-11,568,telefonia,78.48
2018-07-12,569,telefonia,77.73
2018-07-13,570,telefonia,76.41
2018-07-14,571,telefonia,76.59
2018-07-15,572,telefonia,76.63
2018-07-16,573,telefonia,77.32
2018-07-17,574,telefonia,75.58
2018-07-18,575,telefonia,75.86
2018-07-19,576,telefonia,75.72
2018-07-20,577,telefonia,75.35
2018-07-21,578,telefonia,75.01
2018-07-22,579,telefonia,76.24
2018-07-23,580,telefonia,77.35
2018-07-24,581,telefonia,78.47
2018-07-25,582,telefonia,77.88
2018-07-26,583,telefonia,77.4
2018-07-27,584,telefonia,78.37
2018-07-28,585,telefonia,78.58
2018-07-29,586,telefonia,92.89
2018-07-30,587,telefonia,94.95
2018-07-31,588,telefonia,94.71
2018-08-01,589,telefonia,93.9
2018-08-02,590,telefonia,93.59
2018-08-03,591,telefonia,93.74
2018-08-04,592,telefonia,94.23
2018-08-05,593,telefonia,94.5
2018-08-06,594,telefonia,95.0
2018-08-07,595,telefonia,94.25
2018-08-08,596,telefonia,93.68
2018-08-09,597,telefonia,92.34
2018-08-10,598,telefonia,92.49
2018-08-11,599,telefonia,92.85
2018-08-12,600,telefonia,93.38
2018-08-13,601,telefonia,93.58
2018-08-14,602,telefonia,93.39
2018-08-15,603,telefonia,93.18
2018-08-16,604,telefonia,92.78
2018-08-17,605,telefonia,92.87
2018-08-18,606,telefonia,92.95
2018-08-19,607,telefonia,93.15
2018-08-20,608,telefonia,93.77
2018-08-21,609,telefonia,92.63
2018-08-22,610,telefonia,92.45
2018-08-23,611,telefonia,91.46
2018-08-24,612,telefonia,92.08
2018-08-25,613,telefonia,91.87
2018-08-26,614,telefonia,92.83
2018-08-27,615,telefonia,93.19
2018-08-28,616,telefonia,93.73
2016-10-04,7,telefonia_fixa,5.0
2016-10-05,8,telefonia_fixa,7.69
2016-10-06,9,telefonia_fixa,10.06
2016-10-07,10,telefonia_fixa,8.66
2016-10-10,13,telefonia_fixa,9.15
2017-01-06,17,telefonia_fixa,58.68
2017-01-08,19,telefonia_fixa,61.33
2017-01-11,22,telefonia_fixa,60.35
2017-01-14,25,telefonia_fixa,57.61
2017-01-16,27,telefonia_fixa,58.14
2017-01-17,28,telefonia_fixa,59.18
2017-01-18,29,telefonia_fixa,58.04
2017-01-19,30,telefonia_fixa,55.39
2017-01-22,33,telefonia_fixa,54.61
2017-01-25,36,telefonia_fixa,52.64
2017-01-26,37,telefonia_fixa,51.92
2017-01-27,38,telefonia_fixa,51.13
2017-01-31,42,telefonia_fixa,53.54
2017-02-01,43,telefonia_fixa,68.41
2017-02-05,47,telefonia_fixa,69.94
2017-02-06,48,telefonia_fixa,68.89
2017-02-08,50,telefonia_fixa,69.9
2017-02-12,54,telefonia_fixa,71.87
2017-02-13,55,telefonia_fixa,75.95
2017-02-14,56,telefonia_fixa,78.78
2017-02-15,57,telefonia_fixa,82.0
2017-02-18,60,telefonia_fixa,82.25
2017-02-20,62,telefonia_fixa,81.55
2017-02-21,63,telefonia_fixa,77.85
2017-02-23,65,telefonia_fixa,78.51
2017-02-25,67,telefonia_fixa,78.64
2017-02-27,69,telefonia_fixa,77.04
2017-02-28,70,telefonia_fixa,74.66
2017-03-01,71,telefonia_fixa,77.3
2017-03-02,72,telefonia_fixa,77.62
2017-03-06,76,telefonia_fixa,73.99
2017-03-10,80,telefonia_fixa,70.79
2017-03-11,81,telefonia_fixa,70.57
2017-03-14,84,telefonia_fixa,74.8
2017-03-20,90,telefonia_fixa,73.88
2017-03-22,92,telefonia_fixa,75.83
2017-03-29,99,telefonia_fixa,76.48
2017-03-30,100,telefonia_fixa,78.64
2017-03-31,101,telefonia_fixa,77.48
2017-04-04,105,telefonia_fixa,70.27
2017-04-06,107,telefonia_fixa,74.89
2017-04-08,109,telefonia_fixa,78.72
2017-04-15,116,telefonia_fixa,76.19
2017-04-19,120,telefonia_fixa,75.3
2017-04-26,127,telefonia_fixa,75.02
2017-04-29,130,telefonia_fixa,73.13
2017-05-01,132,telefonia_fixa,58.93
2017-05-03,134,telefonia_fixa,59.68
2017-05-05,136,telefonia_fixa,62.28
2017-05-11,142,telefonia_fixa,65.2
2017-05-14,145,telefonia_fixa,62.53
2017-05-17,148,telefonia_fixa,60.83
2017-05-29,160,telefonia_fixa,64.27
2017-05-31,162,telefonia_fixa,64.84
2017-06-01,163,telefonia_fixa,46.27
2017-06-02,164,telefonia_fixa,46.74
2017-06-07,169,telefonia_fixa,47.94
2017-06-09,171,telefonia_fixa,46.87
2017-06-16,178,telefonia_fixa,47.01
2017-06-19,181,telefonia_fixa,45.04
2017-06-28,190,telefonia_fixa,44.76
2017-06-30,192,telefonia_fixa,45.98
2017-07-04,196,telefonia_fixa,24.22
2017-07-06,198,telefonia_fixa,21.46
2017-07-08,200,telefonia_fixa,21.58
2017-07-14,206,telefonia_fixa,19.35
2017-07-18,210,telefonia_fixa,17.14
2017-07-26,218,telefonia_fixa,19.02
2017-07-30,222,telefonia_fixa,17.69
2017-08-01,224,telefonia_fixa,7.31
2017-08-02,225,telefonia_fixa,6.31
2017-08-03,226,telefonia_fixa,5.44
2017-08-11,234,telefonia_fixa,7.75
2017-08-12,235,telefonia_fixa,8.46
2017-08-14,237,telefonia_fixa,9.97
2017-08-17,240,telefonia_fixa,13.24
2017-08-18,241,telefonia_fixa,12.93
2017-08-26,249,telefonia_fixa,11.94
2017-09-01,255,telefonia_fixa,7.83
2017-09-03,257,telefonia_fixa,5.3
2017-09-20,274,telefonia_fixa,5.04
2017-09-27,281,telefonia_fixa,5.7
2017-09-29,283,telefonia_fixa,8.41
2017-10-03,287,telefonia_fixa,14.74
2017-10-08,292,telefonia_fixa,15.63
2017-10-13,297,telefonia_fixa,13.97
2017-10-15,299,telefonia_fixa,16.7
2017-10-20,304,telefonia_fixa,17.98
2017-10-21,305,telefonia_fixa,17.55
2017-11-20,335,telefonia_fixa,31.98
2017-11-22,337,telefonia_fixa,35.25
2017-11-23,338,telefonia_fixa,37.68
2017-11-24,339,telefonia_fixa,35.09
2017-11-30,345,telefonia_fixa,35.04
2017-12-01,346,telefonia_fixa,51.63
2017-12-04,349,telefonia_fixa,56.41
2017-12-11,356,telefonia_fixa,56.43
2017-12-23,368,telefonia_fixa,54.62
2017-12-27,372,telefonia_fixa,53.14
2018-01-02,378,telefonia_fixa,70.06
2018-01-03,379,telefonia_fixa,69.68
2018-01-09,385,telefonia_fixa,68.05
2018-01-13,389,telefonia_fixa,67.19
2018-01-15,391,telefonia_fixa,68.04
2018-01-16,392,telefonia_fixa,66.78
2018-01-19,395,telefonia_fixa,63.52
2018-01-22,398,telefonia_fixa,64.14
2018-02-02,409,telefonia_fixa,78.24
2018-02-05,412,telefonia_fixa,82.4
2018-02-06,413,telefonia_fixa,83.94
2018-02-08,415,telefonia_fixa,83.96
2018-02-09,416,telefonia_fixa,84.37
2018-02-11,418,telefonia_fixa,84.95
2018-02-14,421,telefonia_fixa,84.84
2018-02-18,425,telefonia_fixa,84.61
2018-02-22,429,telefonia_fixa,86.48
2018-02-28,435,telefonia_fixa,85.69
2018-03-08,443,telefonia_fixa,92.42
2018-03-09,444,telefonia_fixa,91.11
2018-03-16,451,telefonia_fixa,91.54
2018-03-19,454,telefonia_fixa,90.99
2018-03-20,455,telefonia_fixa,91.81
2018-03-21,456,telefonia_fixa,90.47
2018-03-24,459,telefonia_fixa,93.89
2018-03-26,461,telefonia_fixa,95.0
2018-03-28,463,telefonia_fixa,91.53
2018-03-29,464,telefonia_fixa,92.09
2018-03-30,465,telefonia_fixa,94.6
2018-04-04,470,telefonia_fixa,85.98
2018-04-06,472,telefonia_fixa,86.8
2018-04-07,473,telefonia_fixa,87.9
2018-04-10,476,telefonia_fixa,86.18
2018-04-13,479,telefonia_fixa,88.44
2018-04-16,482,telefonia_fixa,84.53
2018-04-27,493,telefonia_fixa,84.87
2018-05-06,502,telefonia_fixa,72.59
2018-05-07,503,telefonia_fixa,70.93
2018-05-08,504,telefonia_fixa,67.86
2018-05-09,505,telefonia_fixa,70.16
2018-05-14,510,telefonia_fixa,69.82
2018-05-18,514,telefonia_fixa,69.74
2018-05-21,517,telefonia_fixa,67.23
2018-05-23,519,telefonia_fixa,66.5
2018-05-24,520,telefonia_fixa,70.95
2018-05-27,523,telefonia_fixa,70.39
2018-06-01,528,telefonia_fixa,53.6
2018-06-02,529,telefonia_fixa,55.42
2018-06-07,534,telefonia_fixa,54.76
2018-06-10,537,telefonia_fixa,53.57
2018-06-11,538,telefonia_fixa,54.57
2018-06-15,542,telefonia_fixa,56.31
2018-06-16,543,telefonia_fixa,58.48
2018-06-19,546,telefonia_fixa,58.82
2018-06-21,548,telefonia_fixa,57.1
2018-06-22,549,telefonia_fixa,59.26
2018-06-25,552,telefonia_fixa,55.33
2018-06-27,554,telefonia_fixa,55.53
2018-06-28,555,telefonia_fixa,58.67
2018-06-30,557,telefonia_fixa,60.63
2018-07-08,565,telefonia_fixa,37.71
2018-07-15,572,telefonia_fixa,36.33
2018-07-20,577,telefonia_fixa,36.73
2018-07-21,578,telefonia_fixa,34.38
2018-07-24,581,telefonia_fixa,30.69
2018-07-26,583,telefonia_fixa,31.72
2018-07-31,588,telefonia_fixa,33.05
2018-08-01,589,telefonia_fixa,17.88
2018-08-04,592,telefonia_fixa,15.81
2018-08-05,593,telefonia_fixa,15.08
2018-08-07,595,telefonia_fixa,19.25
2018-08-08,596,telefonia_fixa,18.54
2018-08-10,598,telefonia_fixa,17.25
2018-08-11,599,telefonia_fixa,19.26
2018-08-13,601,telefonia_fixa,22.41
2016-10-04,7,utilidades_domesticas,12.46
2016-10-06,9,utilidades_domesticas,12.8
2016-10-07,10,utilidades_domesticas,10.55
2016-10-08,11,utilidades_domesticas,13.21
2016-10-09,12,utilidades_domesticas,11.47
2016-10-10,13,utilidades_domesticas,10.92
2017-01-12,23,utilidades_domesticas,54.51
2017-01-13,24,utilidades_domesticas,54.37
2017-01-18,29,utilidades_domesticas,53.17
2017-01-19,30,utilidades_domesticas,52.07
2017-01-20,31,utilidades_domesticas,52.44
2017-01-22,33,utilidades_domesticas,52.9
2017-01-23,34,utilidades_domesticas,52.6
2017-01-24,35,utilidades_domesticas,50.03
2017-01-25,36,utilidades_domesticas,48.68
2017-01-26,37,utilidades_domesticas,48.7
2017-01-28,39,utilidades_domesticas,47.73
2017-01-29,40,utilidades_domesticas,47.1
2017-01-30,41,utilidades_domesticas,45.44
2017-01-31,42,utilidades_domesticas,46.41
2017-02-04,46,utilidades_domesticas,58.22
2017-02-06,48,utilidades_domesticas,59.19
2017-02-08,50,utilidades_domesticas,58.97
2017-02-09,51,utilidades_domesticas,59.04
2017-02-10,52,utilidades_domesticas,62.04
2017-02-11,53,utilidades_domesticas,64.37
2017-02-12,54,utilidades_domesticas,64.21
2017-02-13,55,utilidades_domesticas,63.52
2017-02-14,56,utilidades_domesticas,65.72
2017-02-15,57,utilidades_domesticas,64.94
2017-02-16,58,utilidades_domesticas,63.32
2017-02-17,59,utilidades_domesticas,61.51
2017-02-18,60,utilidades_domesticas,61.81
2017-02-19,61,utilidades_domesticas,61.16
2017-02-20,62,utilidades_domesticas,61.3
2017-02-21,63,utilidades_domesticas,59.48
2017-02-22,64,utilidades_domesticas,60.41
2017-02-23,65,utilidades_domesticas,62.61
2017-02-24,66,utilidades_domesticas,63.68
2017-02-26,68,utilidades_domesticas,64.71
2017-02-27,69,utilidades_domesticas,65.52
2017-02-28,70,utilidades_domesticas,65.49
2017-03-01,71,utilidades_domesticas,69.97
2017-03-02,72,utilidades_domesticas,68.93
2017-03-03,73,utilidades_domesticas,67.11
2017-03-04,74,utilidades_domesticas,68.51
2017-03-05,75,utilidades_domesticas,66.82
2017-03-06,76,utilidades_domesticas,66.48
2017-03-07,77,utilidades_domesticas,66.63
2017-03-08,78,utilidades_domesticas,66.49
2017-03-09,79,utilidades_domesticas,67.61
2017-03-10,80,utilidades_domesticas,67.41
2017-03-11,81,utilidades_domesticas,66.42
2017-03-12,82,utilidades_domesticas,65.51
2017-03-13,83,utilidades_domesticas,68.16
2017-03-14,84,utilidades_domesticas,65.95
2017-03-15,85,utilidades_domesticas,68.17
2017-03-16,86,utilidades_domesticas,67.42
2017-03-17,87,utilidades_domesticas,67.83
2017-03-18,88,utilidades_domesticas,70.9
2017-03-19,89,utilidades_domesticas,67.99
2017-03-20,90,utilidades_domesticas,67.46
2017-03-21,91,utilidades_domesticas,69.66
2017-03-22,92,utilidades_domesticas,72.2
2017-03-23,93,utilidades_domesticas,71.63
2017-03-24,94,utilidades_domesticas,72.34
2017-03-25,95,utilidades_domesticas,73.86
2017-03-26,96,utilidades_domesticas,75.23
2017-03-27,97,utilidades_domesticas,72.3
2017-03-28,98,utilidades_domesticas,69.45
2017-03-29,99,utilidades_domesticas,70.07
2017-03-30,100,utilidades_domesticas,73.28
2017-03-31,101,utilidades_domesticas,71.64
2017-04-01,102,utilidades_domesticas,67.46
2017-04-02,103,utilidades_domesticas,66.04
2017-04-03,104,utilidades_domesticas,66.04
2017-04-04,105,utilidades_domesticas,61.5
2017-04-05,106,utilidades_domesticas,62.12
2017-04-06,107,utilidades_domesticas,65.14
2017-04-07,108,utilidades_domesticas,64.41
2017-04-08,109,utilidades_domesticas,64.06
2017-04-09,110,utilidades_domesticas,63.19
2017-04-10,111,utilidades_domesticas,62.08
2017-04-11,112,utilidades_domesticas,62.99
2017-04-12,113,utilidades_domesticas,62.53
2017-04-13,114,utilidades_domesticas,62.01
2017-04-14,115,utilidades_domesticas,64.61
2017-04-15,116,utilidades_domesticas,62.73
2017-04-16,117,utilidades_domesticas,60.42
2017-04-17,118,utilidades_domesticas,61.97
2017-04-18,119,utilidades_domesticas,60.98
2017-04-19,120,utilidades_domesticas,62.03
2017-04-20,121,utilidades_domesticas,64.07
2017-04-21,122,utilidades_domesticas,61.16
2017-04-22,123,utilidades_domesticas,61.08
2017-04-23,124,utilidades_domesticas,63.61
2017-04-24,125,utilidades_domesticas,64.08
2017-04-25,126,utilidades_domesticas,66.99
2017-04-26,127,utilidades_domesticas,67.08
2017-04-27,128,utilidades_domesticas,67.06
2017-04-28,129,utilidades_domesticas,70.48
2017-04-29,130,utilidades_domesticas,69.42
2017-04-30,131,utilidades_domesticas,70.75
2017-05-01,132,utilidades_domesticas,59.97
2017-05-02,133,utilidades_domesticas,61.09
2017-05-03,134,utilidades_domesticas,59.25
2017-05-04,135,utilidades_domesticas,58.53
2017-05-05,136,utilidades_domesticas,57.78
2017-05-06,137,utilidades_domesticas,56.68
2017-05-07,138,utilidades_domesticas,57.7
2017-05-08,139,utilidades_domesticas,55.9
2017-05-09,140,utilidades_domesticas,54.77
2017-05-10,141,utilidades_domesticas,54.96
2017-05-11,142,utilidades_domesticas,56.25
2017-05-12,143,utilidades_domesticas,56.84
2017-05-13,144,utilidades_domesticas,56.22
2017-05-14,145,utilidades_domesticas,55.1
2017-05-15,146,utilidades_domesticas,55.44
2017-05-16,147,utilidades_domesticas,56.75
2017-05-17,148,utilidades_domesticas,54.91
2017-05-18,149,utilidades_domesticas,57.45
2017-05-19,150,utilidades_domesticas,56.63
2017-05-20,151,utilidades_domesticas,55.53
2017-05-21,152,utilidades_domesticas,55.25
2017-05-22,153,utilidades_domesticas,54.9
2017-05-23,154,utilidades_domesticas,55.73
2017-05-24,155,utilidades_domesticas,56.33
2017-05-25,156,utilidades_domesticas,54.0
2017-05-26,157,utilidades_domesticas,55.32
2017-05-27,158,utilidades_domesticas,55.17
2017-05-28,159,utilidades_domesticas,55.23
2017-05-29,160,utilidades_domesticas,56.26
2017-05-30,161,utilidades_domesticas,54.75
2017-05-31,162,utilidades_domesticas,54.47
2017-06-01,163,utilidades_domesticas,38.31
2017-06-02,164,utilidades_domesticas,40.16
2017-06-03,165,utilidades_domesticas,40.47
2017-06-04,166,utilidades_domesticas,41.47
2017-06-05,167,utilidades_domesticas,42.62
2017-06-06,168,utilidades_domesticas,44.06
2017-06-07,169,utilidades_domesticas,44.93
2017-06-08,170,utilidades_domesticas,46.73
2017-06-09,171,utilidades_domesticas,46.99
2017-06-10,172,utilidades_domesticas,48.49
2017-06-11,173,utilidades_domesticas,50.83
2017-06-12,174,utilidades_domesticas,51.5
2017-06-13,175,utilidades_domesticas,53.16
2017-06-14,176,utilidades_domesticas,54.68
2017-06-15,177,utilidades_domesticas,52.71
2017-06-16,178,utilidades_domesticas,51.17
2017-06-17,179,utilidades_domesticas,48.85
2017-06-18,180,utilidades_domesticas,45.46
2017-06-19,181,utilidades_domesticas,48.14
2017-06-20,182,utilidades_domesticas,46.69
2017-06-21,183,utilidades_domesticas,46.47
2017-06-22,184,utilidades_domesticas,43.26
2017-06-23,185,utilidades_domesticas,43.43
2017-06-24,186,utilidades_domesticas,41.75
2017-06-25,187,utilidades_domesticas,40.65
2017-06-26,188,utilidades_domesticas,43.61
2017-06-27,189,utilidades_domesticas,45.39
2017-06-28,190,utilidades_domesticas,47.65
2017-06-29,191,utilidades_domesticas,46.16
2017-06-30,192,utilidades_domesticas,47.07
2017-07-01,193,utilidades_domesticas,30.1
2017-07-02,194,utilidades_domesticas,30.67
2017-07-03,195,utilidades_domesticas,28.96
2017-07-04,196,utilidades_domesticas,31.91
2017-07-05,197,utilidades_domesticas,36.63
2017-07-06,198,utilidades_domesticas,36.61
2017-07-07,199,utilidades_domesticas,35.92
2017-07-08,200,utilidades_domesticas,35.33
2017-07-09,201,utilidades_domesticas,34.4
2017-07-10,202,utilidades_domesticas,33.07
2017-07-11,203,utilidades_domesticas,32.24
2017-07-12,204,utilidades_domesticas,35.77
2017-07-13,205,utilidades_domesticas,38.44
2017-07-14,206,utilidades_domesticas,37.06
2017-07-15,207,utilidades_domesticas,32.83
2017-07-16,208,utilidades_domesticas,32.09
2017-07-17,209,utilidades_domesticas,31.3
2017-07-18,210,utilidades_domesticas,29.21
2017-07-19,211,utilidades_domesticas,30.54
2017-07-20,212,utilidades_domesticas,30.47
2017-07-21,213,utilidades_domesticas,30.22
2017-07-22,214,utilidades_domesticas,27.44
2017-07-23,215,utilidades_domesticas,24.78
2017-07-24,216,utilidades_domesticas,23.91
2017-07-25,217,utilidades_domesticas,25.0
2017-07-26,218,utilidades_domesticas,21.78
2017-07-27,219,utilidades_domesticas,23.91
2017-07-28,220,utilidades_domesticas,25.35
2017-07-29,221,utilidades_domesticas,23.94
2017-07-30,222,utilidades_domesticas,24.6
2017-07-31,223,utilidades_domesticas,25.48
2017-08-01,224,utilidades_domesticas,16.03
2017-08-02,225,utilidades_domesticas,16.99
2017-08-03,226,utilidades_domesticas,17.75
2017-08-04,227,utilidades_domesticas,18.23
2017-08-05,228,utilidades_domesticas,20.77
2017-08-06,229,utilidades_domesticas,19.39
2017-08-07,230,utilidades_domesticas,18.33
2017-08-08,231,utilidades_domesticas,19.21
2017-08-09,232,utilidades_domesticas,21.02
2017-08-10,233,utilidades_domesticas,25.85
2017-08-11,234,utilidades_domesticas,22.77
2017-08-12,235,utilidades_domesticas,23.0
2017-08-13,236,utilidades_domesticas,21.71
2017-08-14,237,utilidades_domesticas,23.86
2017-08-15,238,utilidades_domesticas,22.04
2017-08-16,239,utilidades_domesticas,22.47
2017-08-17,240,utilidades_domesticas,23.14
2017-08-18,241,utilidades_domesticas,23.11
2017-08-19,242,utilidades_domesticas,21.75
2017-08-20,243,utilidades_domesticas,18.42
2017-08-21,244,utilidades_domesticas,18.62
2017-08-22,245,utilidades_domesticas,18.96
2017-08-23,246,utilidades_domesticas,19.71
2017-08-24,247,utilidades_domesticas,17.67
2017-08-25,248,utilidades_domesticas,20.45
2017-08-26,249,utilidades_domesticas,18.25
2017-08-27,250,utilidades_domesticas,20.92
2017-08-28,251,utilidades_domesticas,20.68
2017-08-29,252,utilidades_domesticas,22.07
2017-08-30,253,utilidades_domesticas,21.25
2017-08-31,254,utilidades_domesticas,22.33
2017-09-01,255,utilidades_domesticas,16.69
2017-09-02,256,utilidades_domesticas,17.69
2017-09-03,257,utilidades_domesticas,18.91
2017-09-04,258,utilidades_domesticas,17.21
2017-09-05,259,utilidades_domesticas,17.44
2017-09-06,260,utilidades_domesticas,17.35
2017-09-07,261,utilidades_domesticas,16.37
2017-09-08,262,utilidades_domesticas,13.59
2017-09-09,263,utilidades_domesticas,12.0
2017-09-10,264,utilidades_domesticas,11.81
2017-09-11,265,utilidades_domesticas,10.98
2017-09-12,266,utilidades_domesticas,7.77
2017-09-13,267,utilidades_domesticas,5.0
2017-09-14,268,utilidades_domesticas,6.44
2017-09-15,269,utilidades_domesticas,6.33
2017-09-16,270,utilidades_domesticas,5.16
2017-09-17,271,utilidades_domesticas,9.22
2017-09-18,272,utilidades_domesticas,10.76
2017-09-19,273,utilidades_domesticas,12.47
2017-09-20,274,utilidades_domesticas,11.9
2017-09-21,275,utilidades_domesticas,16.08
2017-09-22,276,utilidades_domesticas,17.78
2017-09-23,277,utilidades_domesticas,18.91
2017-09-24,278,utilidades_domesticas,19.76
2017-09-25,279,utilidades_domesticas,21.1
2017-09-26,280,utilidades_domesticas,21.61
2017-09-27,281,utilidades_domesticas,19.03
2017-09-28,282,utilidades_domesticas,18.82
2017-09-29,283,utilidades_domesticas,18.91
2017-09-30,284,utilidades_domesticas,20.73
2017-10-01,285,utilidades_domesticas,21.69
2017-10-02,286,utilidades_domesticas,21.47
2017-10-03,287,utilidades_domesticas,21.08
2017-10-04,288,utilidades_domesticas,17.92
2017-10-05,289,utilidades_domesticas,16.32
2017-10-06,290,utilidades_domesticas,16.66
2017-10-07,291,utilidades_domesticas,18.16
2017-10-08,292,utilidades_domesticas,19.56
2017-10-09,293,utilidades_domesticas,16.37
2017-10-10,294,utilidades_domesticas,15.48
2017-10-11,295,utilidades_domesticas,14.99
2017-10-12,296,utilidades_domesticas,16.12
2017-10-13,297,utilidades_domesticas,16.4
2017-10-14,298,utilidades_domesticas,18.8
2017-10-15,299,utilidades_domesticas,20.71
2017-10-16,300,utilidades_domesticas,18.18
2017-10-17,301,utilidades_domesticas,15.98
2017-10-18,302,utilidades_domesticas,15.02
2017-10-19,303,utilidades_domesticas,17.99
2017-10-20,304,utilidades_domesticas,16.67
2017-10-21,305,utilidades_domesticas,16.21
2017-10-22,306,utilidades_domesticas,16.16
2017-10-23,307,utilidades_domesticas,15.05
2017-10-24,308,utilidades_domesticas,12.44
2017-10-25,309,utilidades_domesticas,11.99
2017-10-26,310,utilidades_domesticas,13.7
2017-10-27,311,utilidades_domesticas,13.86
2017-10-28,312,utilidades_domesticas,13.08
2017-10-29,313,utilidades_domesticas,13.04
2017-10-30,314,utilidades_domesticas,13.91
2017-10-31,315,utilidades_domesticas,15.85
2017-11-01,316,utilidades_domesticas,26.91
2017-11-02,317,utilidades_domesticas,28.82
2017-11-03,318,utilidades_domesticas,31.88
2017-11-04,319,utilidades_domesticas,33.44
2017-11-05,320,utilidades_domesticas,35.59
2017-11-06,321,utilidades_domesticas,37.67
2017-11-07,322,utilidades_domesticas,38.84
2017-11-08,323,utilidades_domesticas,38.36
2017-11-09,324,utilidades_domesticas,38.81
2017-11-10,325,utilidades_domesticas,37.74
2017-11-11,326,utilidades_domesticas,38.25
2017-11-12,327,utilidades_domesticas,38.93
2017-11-13,328,utilidades_domesticas,37.09
2017-11-14,329,utilidades_domesticas,36.11
2017-11-15,330,utilidades_domesticas,33.85
2017-11-16,331,utilidades_domesticas,33.16
2017-11-17,332,utilidades_domesticas,32.28
2017-11-18,333,utilidades_domesticas,31.97
2017-11-19,334,utilidades_domesticas,31.68
2017-11-20,335,utilidades_domesticas,33.37
2017-11-21,336,utilidades_domesticas,33.3
2017-11-22,337,utilidades_domesticas,32.03
2017-11-23,338,utilidades_domesticas,33.24
2017-11-24,339,utilidades_domesticas,32.85
2017-11-25,340,utilidades_domesticas,35.03
2017-11-26,341,utilidades_domesticas,33.69
2017-11-27,342,utilidades_domesticas,34.17
2017-11-28,343,utilidades_domesticas,33.44
2017-11-29,344,utilidades_domesticas,33.89
2017-11-30,345,utilidades_domesticas,31.37
2017-12-01,346,utilidades_domesticas,48.15
2017-12-02,347,utilidades_domesticas,49.61
2017-12-03,348,utilidades_domesticas,50.28
2017-12-04,349,utilidades_domesticas,50.86
2017-12-05,350,utilidades_domesticas,48.54
2017-12-06,351,utilidades_domesticas,48.8
2017-12-07,352,utilidades_domesticas,50.88
2017-12-08,353,utilidades_domesticas,54.29
2017-12-09,354,utilidades_domesticas,54.89
2017-12-10,355,utilidades_domesticas,56.32
2017-12-11,356,utilidades_domesticas,57.11
2017-12-12,357,utilidades_domesticas,55.44
2017-12-13,358,utilidades_domesticas,54.84
2017-12-14,359,utilidades_domesticas,56.45
2017-12-15,360,utilidades_domesticas,56.56
2017-12-16,361,utilidades_domesticas,58.53
2017-12-17,362,utilidades_domesticas,57.39
2017-12-18,363,utilidades_domesticas,55.71
2017-12-19,364,utilidades_domesticas,54.44
2017-12-20,365,utilidades_domesticas,54.25
2017-12-21,366,utilidades_domesticas,53.03
2017-12-22,367,utilidades_domesticas,52.23
2017-12-23,368,utilidades_domesticas,52.16
2017-12-24,369,utilidades_domesticas,51.26
2017-12-25,370,utilidades_domesticas,53.46
2017-12-26,371,utilidades_domesticas,50.89
2017-12-27,372,utilidades_domesticas,51.88
2017-12-28,373,utilidades_domesticas,53.98
2017-12-29,374,utilidades_domesticas,55.69
2017-12-30,375,utilidades_domesticas,55.37
2017-12-31,376,utilidades_domesticas,54.7
2018-01-01,377,utilidades_domesticas,72.11
2018-01-02,378,utilidades_domesticas,72.33
2018-01-03,379,utilidades_domesticas,71.77
2018-01-04,380,utilidades_domesticas,70.99
2018-01-05,381,utilidades_domesticas,72.59
2018-01-06,382,utilidades_domesticas,71.4
2018-01-07,383,utilidades_domesticas,68.91
2018-01-08,384,utilidades_domesticas,68.08
2018-01-09,385,utilidades_domesticas,68.68
2018-01-10,386,utilidades_domesticas,71.38
2018-01-11,387,utilidades_domesticas,73.22
2018-01-12,388,utilidades_domesticas,73.61
2018-01-13,389,utilidades_domesticas,75.2
2018-01-14,390,utilidades_domesticas,75.86
2018-01-15,391,utilidades_domesticas,76.24
2018-01-16,392,utilidades_domesticas,74.2
2018-01-17,393,utilidades_domesticas,74.49
2018-01-18,394,utilidades_domesticas,74.55
2018-01-19,395,utilidades_domesticas,73.94
2018-01-20,396,utilidades_domesticas,69.98
2018-01-21,397,utilidades_domesticas,68.89
2018-01-22,398,utilidades_domesticas,68.67
2018-01-23,399,utilidades_domesticas,65.78
2018-01-24,400,utilidades_domesticas,64.02
2018-01-25,401,utilidades_domesticas,65.23
2018-01-26,402,utilidades_domesticas,66.02
2018-01-27,403,utilidades_domesticas,66.58
2018-01-28,404,utilidades_domesticas,66.81
2018-01-29,405,utilidades_domesticas,68.8
2018-01-30,406,utilidades_domesticas,69.59
2018-01-31,407,utilidades_domesticas,69.17
2018-02-01,408,utilidades_domesticas,80.56
2018-02-02,409,utilidades_domesticas,82.26
2018-02-03,410,utilidades_domesticas,83.29
2018-02-04,411,utilidades_domesticas,82.38
2018-02-05,412,utilidades_domesticas,86.05
2018-02-06,413,utilidades_domesticas,88.93
2018-02-07,414,utilidades_domesticas,88.45
2018-02-08,415,utilidades_domesticas,85.17
2018-02-09,416,utilidades_domesticas,86.94
2018-02-10,417,utilidades_domesticas,87.11
2018-02-11,418,utilidades_domesticas,88.21
2018-02-12,419,utilidades_domesticas,88.33
2018-02-13,420,utilidades_domesticas,88.36
2018-02-14,421,utilidades_domesticas,89.34
2018-02-15,422,utilidades_domesticas,88.3
2018-02-16,423,utilidades_domesticas,83.7
2018-02-17,424,utilidades_domesticas,83.54
2018-02-18,425,utilidades_domesticas,86.21
2018-02-19,426,utilidades_domesticas,85.67
2018-02-20,427,utilidades_domesticas,85.24
2018-02-21,428,utilidades_domesticas,84.56
2018-02-22,429,utilidades_domesticas,85.45
2018-02-23,430,utilidades_domesticas,87.47
2018-02-24,431,utilidades_domesticas,86.87
2018-02-25,432,utilidades_domesticas,84.42
2018-02-26,433,utilidades_domesticas,85.94
2018-02-27,434,utilidades_domesticas,86.86
2018-02-28,435,utilidades_domesticas,87.65
2018-03-01,436,utilidades_domesticas,92.26
2018-03-02,437,utilidades_domesticas,95.0
2018-03-03,438,utilidades_domesticas,94.0
2018-03-04,439,utilidades_domesticas,93.33
2018-03-05,440,utilidades_domesticas,94.13
2018-03-06,441,utilidades_domesticas,92.81
2018-03-07,442,utilidades_domesticas,94.04
2018-03-08,443,utilidades_domesticas,93.15
2018-03-09,444,utilidades_domesticas,93.39
2018-03-10,445,utilidades_domesticas,91.92
2018-03-11,446,utilidades_domesticas,92.75
2018-03-12,447,utilidades_domesticas,90.56
2018-03-13,448,utilidades_domesticas,90.05
2018-03-14,449,utilidades_domesticas,90.64
2018-03-15,450,utilidades_domesticas,88.13
2018-03-16,451,utilidades_domesticas,90.0
2018-03-17,452,utilidades_domesticas,88.53
2018-03-18,453,utilidades_domesticas,90.13
2018-03-19,454,utilidades_domesticas,91.0
2018-03-20,455,utilidades_domesticas,91.47
2018-03-21,456,utilidades_domesticas,88.81
2018-03-22,457,utilidades_domesticas,88.64
2018-03-23,458,utilidades_domesticas,91.24
2018-03-24,459,utilidades_domesticas,91.63
2018-03-25,460,utilidades_domesticas,90.97
2018-03-26,461,utilidades_domesticas,88.38
2018-03-27,462,utilidades_domesticas,89.28
2018-03-28,463,utilidades_domesticas,88.35
2018-03-29,464,utilidades_domesticas,88.02
2018-03-30,465,utilidades_domesticas,88.45
2018-03-31,466,utilidades_domesticas,89.1
2018-04-01,467,utilidades_domesticas,86.29
2018-04-02,468,utilidades_domesticas,85.06
2018-04-03,469,utilidades_domesticas,84.3
2018-04-04,470,utilidades_domesticas,82.82
2018-04-05,471,utilidades_domesticas,81.53
2018-04-06,472,utilidades_domesticas,80.39
2018-04-07,473,utilidades_domesticas,80.43
2018-04-08,474,utilidades_domesticas,80.64
2018-04-09,475,utilidades_domesticas,78.05
2018-04-10,476,utilidades_domesticas,80.88
2018-04-11,477,utilidades_domesticas,79.83
2018-04-12,478,utilidades_domesticas,81.32
2018-04-13,479,utilidades_domesticas,79.82
2018-04-14,480,utilidades_domesticas,82.5
2018-04-15,481,utilidades_domesticas,85.51
2018-04-16,482,utilidades_domesticas,88.23
2018-04-17,483,utilidades_domesticas,88.57
2018-04-18,484,utilidades_domesticas,88.5
2018-04-19,485,utilidades_domesticas,92.62
2018-04-20,486,utilidades_domesticas,90.03
2018-04-21,487,utilidades_domesticas,90.17
2018-04-22,488,utilidades_domesticas,86.39
2018-04-23,489,utilidades_domesticas,88.31
2018-04-24,490,utilidades_domesticas,90.08
2018-04-25,491,utilidades_domesticas,88.56
2018-04-26,492,utilidades_domesticas,87.55
2018-04-27,493,utilidades_domesticas,88.91
2018-04-28,494,utilidades_domesticas,88.45
2018-04-29,495,utilidades_domesticas,87.39
2018-04-30,496,utilidades_domesticas,87.75
2018-05-01,497,utilidades_domesticas,75.5
2018-05-02,498,utilidades_domesticas,77.68
2018-05-03,499,utilidades_domesticas,76.95
2018-05-04,500,utilidades_domesticas,73.31
2018-05-05,501,utilidades_domesticas,74.75
2018-05-06,502,utilidades_domesticas,76.76
2018-05-07,503,utilidades_domesticas,75.28
2018-05-08,504,utilidades_domesticas,73.84
2018-05-09,505,utilidades_domesticas,73.52
2018-05-10,506,utilidades_domesticas,73.19
2018-05-11,507,utilidades_domesticas,72.17
2018-05-12,508,utilidades_domesticas,72.49
2018-05-13,509,utilidades_domesticas,71.66
2018-05-14,510,utilidades_domesticas,72.37
2018-05-15,511,utilidades_domesticas,72.68
2018-05-16,512,utilidades_domesticas,69.08
2018-05-17,513,utilidades_domesticas,67.57
2018-05-18,514,utilidades_domesticas,69.87
2018-05-19,515,utilidades_domesticas,67.83
2018-05-20,516,utilidades_domesticas,67.57
2018-05-21,517,utilidades_domesticas,67.08
2018-05-22,518,utilidades_domesticas,66.4
2018-05-23,519,utilidades_domesticas,67.79
2018-05-24,520,utilidades_domesticas,68.72
2018-05-25,521,utilidades_domesticas,71.41
2018-05-26,522,utilidades_domesticas,74.56
2018-05-27,523,utilidades_domesticas,75.57
2018-05-28,524,utilidades_domesticas,73.42
2018-05-29,525,utilidades_domesticas,78.94
2018-05-30,526,utilidades_domesticas,81.4
2018-05-31,527,utilidades_domesticas,84.27
2018-06-01,528,utilidades_domesticas,69.26
2018-06-02,529,utilidades_domesticas,69.13
2018-06-03,530,utilidades_domesticas,67.3
2018-06-04,531,utilidades_domesticas,64.72
2018-06-05,532,utilidades_domesticas,63.57
2018-06-06,533,utilidades_domesticas,63.66
2018-06-07,534,utilidades_domesticas,64.49
2018-06-08,535,utilidades_domesticas,63.14
2018-06-09,536,utilidades_domesticas,61.79
2018-06-10,537,utilidades_domesticas,63.59
2018-06-11,538,utilidades_domesticas,61.5
2018-06-12,539,utilidades_domesticas,60.62
2018-06-13,540,utilidades_domesticas,60.59
2018-06-14,541,utilidades_domesticas,59.04
2018-06-15,542,utilidades_domesticas,58.03
2018-06-16,543,utilidades_domesticas,59.52
2018-06-17,544,utilidades_domesticas,60.52
2018-06-18,545,utilidades_domesticas,57.99
2018-06-19,546,utilidades_domesticas,55.56
2018-06-20,547,utilidades_domesticas,54.92
2018-06-21,548,utilidades_domesticas,56.69
2018-06-22,549,utilidades_domesticas,56.04
2018-06-23,550,utilidades_domesticas,58.24
2018-06-24,551,utilidades_domesticas,59.96
2018-06-25,552,utilidades_domesticas,60.61
2018-06-26,553,utilidades_domesticas,60.47
2018-06-27,554,utilidades_domesticas,58.85
2018-06-28,555,utilidades_domesticas,60.6
2018-06-29,556,utilidades_domesticas,62.1
2018-06-30,557,utilidades_domesticas,59.7
2018-07-01,558,utilidades_domesticas,45.12
2018-07-02,559,utilidades_domesticas,47.92
2018-07-03,560,utilidades_domesticas,49.52
2018-07-04,561,utilidades_domesticas,50.57
2018-07-05,562,utilidades_domesticas,50.63
2018-07-06,563,utilidades_domesticas,48.69
2018-07-07,564,utilidades_domesticas,51.76
2018-07-08,565,utilidades_domesticas,52.53
2018-07-09,566,utilidades_domesticas,52.97
2018-07-10,567,utilidades_domesticas,54.83
2018-07-11,568,utilidades_domesticas,53.72
2018-07-12,569,utilidades_domesticas,54.13
2018-07-13,570,utilidades_domesticas,51.7
2018-07-14,571,utilidades_domesticas,52.84
2018-07-15,572,utilidades_domesticas,54.21
2018-07-16,573,utilidades_domesticas,58.2
2018-07-17,574,utilidades_domesticas,56.05
2018-07-18,575,utilidades_domesticas,54.96
2018-07-19,576,utilidades_domesticas,54.67
2018-07-20,577,utilidades_domesticas,54.63
2018-07-21,578,utilidades_domesticas,56.13
2018-07-22,579,utilidades_domesticas,57.25
2018-07-23,580,utilidades_domesticas,58.47
2018-07-24,581,utilidades_domesticas,57.05
2018-07-25,582,utilidades_domesticas,55.62
2018-07-26,583,utilidades_domesticas,54.19
2018-07-27,584,utilidades_domesticas,54.34
2018-07-28,585,utilidades_domesticas,54.06
2018-07-29,586,utilidades_domesticas,55.46
2018-07-30,587,utilidades_domesticas,54.1
2018-07-31,588,utilidades_domesticas,53.17
2018-08-01,589,utilidades_domesticas,38.43
2018-08-02,590,utilidades_domesticas,37.47
2018-08-03,591,utilidades_domesticas,37.94
2018-08-04,592,utilidades_domesticas,38.76
2018-08-05,593,utilidades_domesticas,38.58
2018-08-06,594,utilidades_domesticas,37.36
2018-08-07,595,utilidades_domesticas,37.78
2018-08-08,596,utilidades_domesticas,38.25
2018-08-09,597,utilidades_domesticas,38.25
2018-08-10,598,utilidades_domesticas,40.69
2018-08-11,599,utilidades_domesticas,38.49
2018-08-12,600,utilidades_domesticas,39.91
2018-08-13,601,utilidades_domesticas,39.54
2018-08-14,602,utilidades_domesticas,40.02
2018-08-15,603,utilidades_domesticas,39.88
2018-08-16,604,utilidades_domesticas,42.3
2018-08-17,605,utilidades_domesticas,42.88
2018-08-18,606,utilidades_domesticas,41.45
2018-08-19,607,utilidades_domesticas,42.33
2018-08-20,608,utilidades_domesticas,39.7
2018-08-21,609,utilidades_domesticas,41.17
2018-08-22,610,utilidades_domesticas,41.14
2018-08-23,611,utilidades_domesticas,39.69
2018-08-24,612,utilidades_domesticas,37.34
2018-08-25,613,utilidades_domesticas,36.54
2018-08-26,614,utilidades_domesticas,35.01
2018-08-27,615,utilidades_domesticas,35.25
2018-08-28,616,utilidades_domesticas,36.34
